{
"type": "FeatureCollection",
"name": "R1005",
"crs": { "type": "name", "properties": { "name": "urn:ogc:def:crs:OGC:1.3:CRS84" } },
"features": [
{ "type": "Feature", "properties": { }, "geometry": { "type": "LineString", "coordinates": [ [ 121.13527235876748, 23.97992607696991, 1005.0 ], [ 121.13527235876748, 23.979926006969912, 1005.0 ], [ 121.135425158767475, 23.979911286969912, 1005.0 ], [ 121.135458158767477, 23.979898306969911, 1005.0 ], [ 121.135474158767479, 23.97988416696991, 1005.0 ], [ 121.135502758767487, 23.979834346969913, 1005.0 ], [ 121.135526358767478, 23.979804336969913, 1005.0 ], [ 121.135551258767478, 23.979777306969911, 1005.0 ], [ 121.135625258767476, 23.97991134696991, 1005.0 ], [ 121.135641058767476, 23.97992448696991, 1005.0 ], [ 121.135657658767485, 23.979925366969912, 1005.0 ], [ 121.135783758767488, 23.97986874696991, 1005.0 ], [ 121.135948058767482, 23.979750596969911, 1005.0 ], [ 121.135954658767488, 23.979747516969912, 1005.0 ], [ 121.135960858767476, 23.979749106969912, 1005.0 ], [ 121.136031858767481, 23.97979536696991, 1005.0 ], [ 121.136205758767488, 23.979908546969913, 1005.0 ], [ 121.136223358767481, 23.979917906969913, 1005.0 ], [ 121.136240058767484, 23.979925116969913, 1005.0 ], [ 121.136236658767487, 23.979939956969911, 1005.0 ], [ 121.136240958767488, 23.979940776969912, 1005.0 ], [ 121.136253358767476, 23.97994316696991, 1005.0 ], [ 121.136242958767482, 23.97998919696991, 1005.0 ], [ 121.136323858767483, 23.98000555696991, 1005.0 ], [ 121.136334958767478, 23.979959846969912, 1005.0 ], [ 121.136350658767483, 23.979963316969911, 1005.0 ], [ 121.136354658767488, 23.97994651696991, 1005.0 ], [ 121.136389758767478, 23.979945816969913, 1005.0 ], [ 121.136457858767486, 23.979923786969913, 1005.0 ], [ 121.136532558767485, 23.97989592696991, 1005.0 ], [ 121.137081458767483, 23.97969205696991, 1005.0 ], [ 121.137123658767479, 23.979678986969912, 1005.0 ], [ 121.137263058767488, 23.979651966969911, 1005.0 ], [ 121.137289858767488, 23.97964602696991, 1005.0 ], [ 121.137317358767476, 23.979643856969911, 1005.0 ], [ 121.137400758767484, 23.97965135696991, 1005.0 ], [ 121.137405658767477, 23.979666306969911, 1005.0 ], [ 121.137413858767488, 23.979688776969912, 1005.0 ], [ 121.137471958767478, 23.979715906969911, 1005.0 ], [ 121.137507158767477, 23.979716456969911, 1005.0 ], [ 121.137520958767482, 23.979712406969913, 1005.0 ], [ 121.137535358767479, 23.979710666969911, 1005.0 ], [ 121.137551058767485, 23.97971468696991, 1005.0 ], [ 121.137571158767486, 23.97971524696991, 1005.0 ], [ 121.137576158767487, 23.97972791696991, 1005.0 ], [ 121.137591858767479, 23.979737696969913, 1005.0 ], [ 121.137617658767482, 23.979754386969912, 1005.0 ], [ 121.137654058767481, 23.97976415696991, 1005.0 ], [ 121.137681658767477, 23.97977046696991, 1005.0 ], [ 121.137711158767488, 23.97976698696991, 1005.0 ], [ 121.137744858767476, 23.97976153696991, 1005.0 ], [ 121.137768058767477, 23.979761516969912, 1005.0 ], [ 121.137779958767482, 23.979774176969912, 1005.0 ], [ 121.137790058767479, 23.979789156969911, 1005.0 ], [ 121.137827758767486, 23.97980640696991, 1005.0 ], [ 121.137836558767489, 23.979821956969911, 1005.0 ], [ 121.137849758767487, 23.979834046969913, 1005.0 ], [ 121.137861658767477, 23.979856506969913, 1005.0 ], [ 121.137882458767479, 23.979878386969911, 1005.0 ], [ 121.137920758767478, 23.979893336969912, 1005.0 ], [ 121.137936458767484, 23.979907726969913, 1005.0 ], [ 121.137957758767485, 23.979920956969913, 1005.0 ], [ 121.138001058767486, 23.979923806969911, 1005.0 ], [ 121.138047558767482, 23.979925486969911, 1005.0 ], [ 121.138061758767478, 23.979931506969912, 1005.0 ], [ 121.138080558767484, 23.97993264696991, 1005.0 ], [ 121.138100658767485, 23.979938386969913, 1005.0 ], [ 121.138116358767476, 23.979935496969912, 1005.0 ], [ 121.138127658767488, 23.979932026969912, 1005.0 ], [ 121.138153458767476, 23.979936616969912, 1005.0 ], [ 121.138184158767487, 23.97995041696991, 1005.0 ], [ 121.138203058767488, 23.979951546969911, 1005.0 ], [ 121.138226858767482, 23.979962476969913, 1005.0 ], [ 121.138253258767477, 23.979973406969911, 1005.0 ], [ 121.138273958767485, 23.97997626696991, 1005.0 ], [ 121.138295358767479, 23.979970486969911, 1005.0 ], [ 121.138310358767484, 23.979959516969913, 1005.0 ], [ 121.138331658767484, 23.979951436969912, 1005.0 ], [ 121.138346158767476, 23.979954876969913, 1005.0 ], [ 121.138369358767477, 23.979963496969912, 1005.0 ], [ 121.138379458767488, 23.979964066969913, 1005.0 ], [ 121.138393258767479, 23.97995368696991, 1005.0 ], [ 121.138409558767478, 23.97993465696991, 1005.0 ], [ 121.138427658767483, 23.979925416969913, 1005.0 ], [ 121.138430558767482, 23.979916296969911, 1005.0 ], [ 121.138439258767477, 23.979904766969913, 1005.0 ], [ 121.138451158767481, 23.97989610696991, 1005.0 ], [ 121.138489458767481, 23.97988858696991, 1005.0 ], [ 121.138523958767479, 23.979877606969911, 1005.0 ], [ 121.138535258767476, 23.97986664696991, 1005.0 ], [ 121.138533358767475, 23.979820546969911, 1005.0 ], [ 121.138538358767477, 23.97981074696991, 1005.0 ], [ 121.138550858767488, 23.979772706969911, 1005.0 ], [ 121.138553958767488, 23.979755416969912, 1005.0 ], [ 121.138560458767486, 23.979736046969911, 1005.0 ], [ 121.138559758767485, 23.979723946969912, 1005.0 ], [ 121.138555358767476, 23.97971357696991, 1005.0 ], [ 121.138562858767486, 23.979698016969913, 1005.0 ], [ 121.13856535876748, 23.97967784696991, 1005.0 ], [ 121.138572258767482, 23.979659396969911, 1005.0 ], [ 121.138576258767486, 23.979645746969911, 1005.0 ], [ 121.138596458767481, 23.979589216969913, 1005.0 ], [ 121.138642558767486, 23.979460866969912, 1005.0 ], [ 121.138965858767477, 23.97958338696991, 1005.0 ], [ 121.13898735876748, 23.979600996969911, 1005.0 ], [ 121.138992558767484, 23.979623206969912, 1005.0 ], [ 121.13898615876748, 23.979740046969912, 1005.0 ], [ 121.139009258767487, 23.980116236969913, 1005.0 ], [ 121.139069258767478, 23.98038319696991, 1005.0 ], [ 121.13902445876748, 23.98039778696991, 1005.0 ], [ 121.13904695876748, 23.980451426969911, 1005.0 ], [ 121.139065858767481, 23.980443896969913, 1005.0 ], [ 121.139183958767475, 23.98072935696991, 1005.0 ], [ 121.139202758767482, 23.980722026969911, 1005.0 ], [ 121.139262758767487, 23.980831756969913, 1005.0 ], [ 121.139337858767476, 23.980951426969913, 1005.0 ], [ 121.139403158767479, 23.981044316969911, 1005.0 ], [ 121.139401058767476, 23.981077686969911, 1005.0 ], [ 121.139401058767476, 23.981087196969913, 1005.0 ], [ 121.139401058767476, 23.98109622696991, 1005.0 ], [ 121.139401158767484, 23.981105246969911, 1005.0 ], [ 121.139410958767485, 23.981123306969913, 1005.0 ], [ 121.139410958767485, 23.981141356969911, 1005.0 ], [ 121.139410958767485, 23.981159416969913, 1005.0 ], [ 121.139411058767479, 23.981177476969911, 1005.0 ], [ 121.139401258767478, 23.981195546969911, 1005.0 ], [ 121.139401258767478, 23.981195546969911, 1005.0 ], [ 121.139401258767478, 23.981213606969913, 1005.0 ], [ 121.139391458767477, 23.981231676969912, 1005.0 ], [ 121.139381658767476, 23.981249746969912, 1005.0 ], [ 121.139381658767476, 23.981249746969912, 1005.0 ], [ 121.139361958767481, 23.981267816969911, 1005.0 ], [ 121.139361958767481, 23.981267816969911, 1005.0 ], [ 121.139342358767479, 23.981285896969911, 1005.0 ], [ 121.139332558767478, 23.981285906969912, 1005.0 ], [ 121.139322658767483, 23.981294946969911, 1005.0 ], [ 121.139303058767482, 23.981294966969912, 1005.0 ], [ 121.139283358767486, 23.981304006969911, 1005.0 ], [ 121.139283358767486, 23.981304006969911, 1005.0 ], [ 121.139263758767484, 23.98131305696991, 1005.0 ], [ 121.139244158767482, 23.981322106969913, 1005.0 ], [ 121.139234258767488, 23.98132211696991, 1005.0 ], [ 121.139224458767487, 23.981331156969912, 1005.0 ], [ 121.139204858767485, 23.98134019696991, 1005.0 ], [ 121.139204858767485, 23.98134019696991, 1005.0 ], [ 121.139185158767489, 23.98135827696991, 1005.0 ], [ 121.139185158767489, 23.98135827696991, 1005.0 ], [ 121.139165558767488, 23.981376356969911, 1005.0 ], [ 121.139165558767488, 23.981376356969911, 1005.0 ], [ 121.139145958767486, 23.98139442696991, 1005.0 ], [ 121.139145958767486, 23.98139442696991, 1005.0 ], [ 121.139126258767476, 23.98141250696991, 1005.0 ], [ 121.139126258767476, 23.98141250696991, 1005.0 ], [ 121.139106658767489, 23.98143058696991, 1005.0 ], [ 121.139106658767489, 23.981439616969912, 1005.0 ], [ 121.139096858767488, 23.98144865696991, 1005.0 ], [ 121.139096858767488, 23.981466706969911, 1005.0 ], [ 121.139096858767488, 23.98148476696991, 1005.0 ], [ 121.139096858767488, 23.981502826969912, 1005.0 ], [ 121.139106758767483, 23.98152087696991, 1005.0 ], [ 121.139106758767483, 23.981529906969911, 1005.0 ], [ 121.139106758767483, 23.981538936969912, 1005.0 ], [ 121.139116558767483, 23.98155698696991, 1005.0 ], [ 121.139116658767477, 23.981575046969912, 1005.0 ], [ 121.139116658767477, 23.98159310696991, 1005.0 ], [ 121.139106858767477, 23.98161117696991, 1005.0 ], [ 121.139106858767477, 23.981620206969911, 1005.0 ], [ 121.139106858767477, 23.981629236969912, 1005.0 ], [ 121.139097058767476, 23.981647306969911, 1005.0 ], [ 121.139087258767489, 23.98166536696991, 1005.0 ], [ 121.139087258767489, 23.98166536696991, 1005.0 ], [ 121.139067558767479, 23.98168344696991, 1005.0 ], [ 121.139067558767479, 23.98168344696991, 1005.0 ], [ 121.139047958767478, 23.981701526969911, 1005.0 ], [ 121.139047958767478, 23.981701526969911, 1005.0 ], [ 121.139038158767477, 23.98171959696991, 1005.0 ], [ 121.139028358767476, 23.981737656969912, 1005.0 ], [ 121.139028358767476, 23.981737656969912, 1005.0 ], [ 121.139018558767489, 23.981755726969912, 1005.0 ], [ 121.139008758767488, 23.981773796969911, 1005.0 ], [ 121.139008758767488, 23.981773796969911, 1005.0 ], [ 121.138998958767488, 23.98179186696991, 1005.0 ], [ 121.138989158767487, 23.98180993696991, 1005.0 ], [ 121.138989158767487, 23.98180993696991, 1005.0 ], [ 121.138979358767486, 23.981828006969913, 1005.0 ], [ 121.138969458767477, 23.98183703696991, 1005.0 ], [ 121.138959658767476, 23.981846076969912, 1005.0 ], [ 121.138949858767475, 23.981864146969912, 1005.0 ], [ 121.138949858767475, 23.981864146969912, 1005.0 ], [ 121.138930258767488, 23.981882226969912, 1005.0 ], [ 121.138930258767488, 23.981891256969913, 1005.0 ], [ 121.138920458767487, 23.981900296969911, 1005.0 ], [ 121.138910658767486, 23.98191835696991, 1005.0 ], [ 121.138910658767486, 23.98191835696991, 1005.0 ], [ 121.138900858767485, 23.981936426969913, 1005.0 ], [ 121.138890958767476, 23.981954496969912, 1005.0 ], [ 121.138890958767476, 23.981954496969912, 1005.0 ], [ 121.138881158767475, 23.981972566969912, 1005.0 ], [ 121.138871358767489, 23.981990636969911, 1005.0 ], [ 121.138871358767489, 23.981990636969911, 1005.0 ], [ 121.138861558767488, 23.98200869696991, 1005.0 ], [ 121.138851758767487, 23.982026766969913, 1005.0 ], [ 121.138851758767487, 23.982026766969913, 1005.0 ], [ 121.138841958767486, 23.982044836969912, 1005.0 ], [ 121.138832158767485, 23.982053876969911, 1005.0 ], [ 121.138822358767484, 23.982062916969912, 1005.0 ], [ 121.138812558767484, 23.982080976969911, 1005.0 ], [ 121.138812558767484, 23.982080976969911, 1005.0 ], [ 121.138802758767483, 23.98209904696991, 1005.0 ], [ 121.138792858767488, 23.98211711696991, 1005.0 ], [ 121.138792858767488, 23.98211711696991, 1005.0 ], [ 121.138792958767482, 23.982135176969912, 1005.0 ], [ 121.138783158767481, 23.982153246969911, 1005.0 ], [ 121.138783158767481, 23.98217130696991, 1005.0 ], [ 121.138783158767481, 23.982189366969912, 1005.0 ], [ 121.138783158767481, 23.982207426969911, 1005.0 ], [ 121.138793058767476, 23.982225476969912, 1005.0 ], [ 121.138793058767476, 23.98224352696991, 1005.0 ], [ 121.138793058767476, 23.98224352696991, 1005.0 ], [ 121.138802858767477, 23.982261586969912, 1005.0 ], [ 121.138812758767486, 23.98227963696991, 1005.0 ], [ 121.138812758767486, 23.98227963696991, 1005.0 ], [ 121.138822558767487, 23.982297686969911, 1005.0 ], [ 121.138832458767482, 23.982315736969912, 1005.0 ], [ 121.138832458767482, 23.98233378696991, 1005.0 ], [ 121.138832458767482, 23.982342816969911, 1005.0 ], [ 121.138832458767482, 23.982351846969912, 1005.0 ], [ 121.138832458767482, 23.98236087696991, 1005.0 ], [ 121.138832458767482, 23.982369906969911, 1005.0 ], [ 121.138832458767482, 23.98238796696991, 1005.0 ], [ 121.138832558767476, 23.982406026969912, 1005.0 ], [ 121.138822758767489, 23.982424096969911, 1005.0 ], [ 121.138822758767489, 23.98244215696991, 1005.0 ], [ 121.138822758767489, 23.982460216969912, 1005.0 ], [ 121.138822758767489, 23.982478276969911, 1005.0 ], [ 121.138822758767489, 23.982496336969913, 1005.0 ], [ 121.138812958767488, 23.98250536696991, 1005.0 ], [ 121.138812958767488, 23.982514396969911, 1005.0 ], [ 121.138803158767487, 23.982532466969911, 1005.0 ], [ 121.138793358767487, 23.98255053696991, 1005.0 ], [ 121.138793358767487, 23.98255053696991, 1005.0 ], [ 121.138783558767486, 23.982568606969913, 1005.0 ], [ 121.138773758767485, 23.982586676969913, 1005.0 ], [ 121.138773758767485, 23.982586676969913, 1005.0 ], [ 121.138763958767484, 23.982604736969911, 1005.0 ], [ 121.138754158767483, 23.982622806969911, 1005.0 ], [ 121.138754158767483, 23.982622806969911, 1005.0 ], [ 121.138744358767482, 23.98264087696991, 1005.0 ], [ 121.138734558767482, 23.982658946969913, 1005.0 ], [ 121.138734558767482, 23.982658946969913, 1005.0 ], [ 121.138724758767481, 23.982677016969912, 1005.0 ], [ 121.138724758767481, 23.982695076969911, 1005.0 ], [ 121.138724758767481, 23.982713126969912, 1005.0 ], [ 121.13871495876748, 23.982731196969912, 1005.0 ], [ 121.13871495876748, 23.982740226969913, 1005.0 ], [ 121.13871495876748, 23.98274925696991, 1005.0 ], [ 121.138705158767479, 23.98276732696991, 1005.0 ], [ 121.138705158767479, 23.982785386969912, 1005.0 ], [ 121.138705158767479, 23.982803446969911, 1005.0 ], [ 121.138705258767487, 23.982821506969913, 1005.0 ], [ 121.138705258767487, 23.982839566969911, 1005.0 ], [ 121.138705258767487, 23.98285762696991, 1005.0 ], [ 121.138705258767487, 23.982875686969912, 1005.0 ], [ 121.138705258767487, 23.98289373696991, 1005.0 ], [ 121.138705358767481, 23.982911796969912, 1005.0 ], [ 121.138705358767481, 23.982929856969911, 1005.0 ], [ 121.138695558767481, 23.98294792696991, 1005.0 ], [ 121.138695558767481, 23.98294792696991, 1005.0 ], [ 121.138695558767481, 23.982965986969912, 1005.0 ], [ 121.13868575876748, 23.982984056969912, 1005.0 ], [ 121.13868575876748, 23.98300211696991, 1005.0 ], [ 121.138675958767479, 23.983020176969912, 1005.0 ], [ 121.138675958767479, 23.983020176969912, 1005.0 ], [ 121.138666158767478, 23.983038246969912, 1005.0 ], [ 121.138656358767477, 23.983056316969911, 1005.0 ], [ 121.138656358767477, 23.983056316969911, 1005.0 ], [ 121.138646558767476, 23.983074386969911, 1005.0 ], [ 121.138646558767476, 23.983092446969913, 1005.0 ], [ 121.138636758767475, 23.983101486969911, 1005.0 ], [ 121.138636758767475, 23.983110516969912, 1005.0 ], [ 121.138636758767475, 23.983128576969911, 1005.0 ], [ 121.138626958767489, 23.983146636969913, 1005.0 ], [ 121.138626958767489, 23.983164696969911, 1005.0 ], [ 121.138626958767489, 23.98318275696991, 1005.0 ], [ 121.138617158767488, 23.983200826969913, 1005.0 ], [ 121.138617158767488, 23.983218886969912, 1005.0 ], [ 121.138617158767488, 23.983218886969912, 1005.0 ], [ 121.138617258767482, 23.98323694696991, 1005.0 ], [ 121.138617258767482, 23.983255006969912, 1005.0 ], [ 121.138617258767482, 23.983273066969911, 1005.0 ], [ 121.138607458767481, 23.98329112696991, 1005.0 ], [ 121.138607458767481, 23.983309186969912, 1005.0 ], [ 121.13859765876748, 23.983327256969911, 1005.0 ], [ 121.13859765876748, 23.983336286969912, 1005.0 ], [ 121.13859765876748, 23.98334531696991, 1005.0 ], [ 121.13859765876748, 23.983363376969912, 1005.0 ], [ 121.138597758767489, 23.983381436969911, 1005.0 ], [ 121.138597758767489, 23.983399496969913, 1005.0 ], [ 121.138587958767488, 23.983417566969912, 1005.0 ], [ 121.138587958767488, 23.983435626969911, 1005.0 ], [ 121.138578158767487, 23.983453686969913, 1005.0 ], [ 121.138578158767487, 23.983471746969911, 1005.0 ], [ 121.138578158767487, 23.983480776969913, 1005.0 ], [ 121.138578158767487, 23.98348980696991, 1005.0 ], [ 121.138578158767487, 23.983507866969912, 1005.0 ], [ 121.138578258767481, 23.983525926969911, 1005.0 ], [ 121.138578258767481, 23.983543986969913, 1005.0 ], [ 121.138578258767481, 23.983562046969912, 1005.0 ], [ 121.138578258767481, 23.98358010696991, 1005.0 ], [ 121.138578258767481, 23.983598166969912, 1005.0 ], [ 121.138578258767481, 23.983616226969911, 1005.0 ], [ 121.138578258767481, 23.983616226969911, 1005.0 ], [ 121.138578358767475, 23.983634276969912, 1005.0 ], [ 121.138588158767476, 23.983652336969911, 1005.0 ], [ 121.138588158767476, 23.983670386969912, 1005.0 ], [ 121.138588258767484, 23.983688446969911, 1005.0 ], [ 121.138588258767484, 23.983706506969913, 1005.0 ], [ 121.138588258767484, 23.983724566969912, 1005.0 ], [ 121.138588258767484, 23.98374262696991, 1005.0 ], [ 121.138588258767484, 23.983760686969912, 1005.0 ], [ 121.138588358767478, 23.983778746969911, 1005.0 ], [ 121.138588358767478, 23.983796806969913, 1005.0 ], [ 121.138588358767478, 23.983814866969912, 1005.0 ], [ 121.138588358767478, 23.98383292696991, 1005.0 ], [ 121.138588358767478, 23.983850986969912, 1005.0 ], [ 121.138588358767478, 23.98386903696991, 1005.0 ], [ 121.138588458767487, 23.983887096969912, 1005.0 ], [ 121.138588458767487, 23.983905156969911, 1005.0 ], [ 121.138588458767487, 23.983923216969913, 1005.0 ], [ 121.138588458767487, 23.983941276969912, 1005.0 ], [ 121.138588458767487, 23.98395933696991, 1005.0 ], [ 121.138598358767481, 23.983977386969912, 1005.0 ], [ 121.138598358767481, 23.98399544696991, 1005.0 ], [ 121.138598358767481, 23.984013506969912, 1005.0 ], [ 121.138598358767481, 23.984031566969911, 1005.0 ], [ 121.138598458767476, 23.984040596969912, 1005.0 ], [ 121.138598458767476, 23.984049626969913, 1005.0 ], [ 121.138608258767476, 23.984067676969911, 1005.0 ], [ 121.138608258767476, 23.984085736969913, 1005.0 ], [ 121.138608358767485, 23.984103796969912, 1005.0 ], [ 121.138608358767485, 23.984121846969913, 1005.0 ], [ 121.138608358767485, 23.984139906969911, 1005.0 ], [ 121.138618158767486, 23.984157956969913, 1005.0 ], [ 121.13861825876748, 23.984176016969911, 1005.0 ], [ 121.13861825876748, 23.98419407696991, 1005.0 ], [ 121.13861825876748, 23.984212136969912, 1005.0 ], [ 121.13861825876748, 23.984230196969911, 1005.0 ], [ 121.138608458767479, 23.98424826696991, 1005.0 ], [ 121.138608458767479, 23.984266326969912, 1005.0 ], [ 121.138598658767478, 23.984284396969912, 1005.0 ], [ 121.138598658767478, 23.98430245696991, 1005.0 ], [ 121.138598658767478, 23.98430245696991, 1005.0 ], [ 121.138598758767486, 23.984320506969912, 1005.0 ], [ 121.138588958767485, 23.984338576969911, 1005.0 ], [ 121.138579058767476, 23.984356646969911, 1005.0 ], [ 121.138579158767485, 23.984365676969912, 1005.0 ], [ 121.138579158767485, 23.984374706969913, 1005.0 ], [ 121.138569358767484, 23.984392776969912, 1005.0 ], [ 121.138559458767489, 23.984410846969912, 1005.0 ], [ 121.138559458767489, 23.984410846969912, 1005.0 ], [ 121.138549658767488, 23.98442890696991, 1005.0 ], [ 121.138539858767487, 23.984446976969913, 1005.0 ], [ 121.138539858767487, 23.984446976969913, 1005.0 ], [ 121.138530058767486, 23.984465046969913, 1005.0 ], [ 121.138530058767486, 23.984483106969911, 1005.0 ], [ 121.13853015876748, 23.98450116696991, 1005.0 ], [ 121.138520358767479, 23.984519236969913, 1005.0 ], [ 121.138520358767479, 23.98452826696991, 1005.0 ], [ 121.138520358767479, 23.984537296969911, 1005.0 ], [ 121.138510558767479, 23.98455535696991, 1005.0 ], [ 121.138510558767479, 23.984573416969912, 1005.0 ], [ 121.138510558767479, 23.984591476969911, 1005.0 ], [ 121.138510558767479, 23.984609536969913, 1005.0 ], [ 121.138510558767479, 23.984627596969911, 1005.0 ], [ 121.138500758767478, 23.984645666969911, 1005.0 ], [ 121.138500758767478, 23.984654696969912, 1005.0 ], [ 121.138500858767486, 23.984663726969913, 1005.0 ], [ 121.138500858767486, 23.984681786969912, 1005.0 ], [ 121.138491058767485, 23.98469984696991, 1005.0 ], [ 121.138481258767484, 23.98471791696991, 1005.0 ], [ 121.138481258767484, 23.984726946969911, 1005.0 ], [ 121.138481258767484, 23.984735976969912, 1005.0 ], [ 121.138481258767484, 23.98475403696991, 1005.0 ], [ 121.138481258767484, 23.984772096969913, 1005.0 ], [ 121.138481258767484, 23.98478112696991, 1005.0 ], [ 121.138481258767484, 23.984790156969911, 1005.0 ], [ 121.138491158767479, 23.984808206969912, 1005.0 ], [ 121.13850095876748, 23.98482625696991, 1005.0 ], [ 121.13850095876748, 23.984844316969912, 1005.0 ], [ 121.13850095876748, 23.984844316969912, 1005.0 ], [ 121.138510858767489, 23.98486236696991, 1005.0 ], [ 121.138510858767489, 23.984880426969912, 1005.0 ], [ 121.138520758767484, 23.98489847696991, 1005.0 ], [ 121.138520758767484, 23.98489847696991, 1005.0 ], [ 121.138530558767485, 23.984916526969911, 1005.0 ], [ 121.13854045876748, 23.984934576969913, 1005.0 ], [ 121.13854045876748, 23.984934576969913, 1005.0 ], [ 121.138560058767482, 23.98495261696991, 1005.0 ], [ 121.138560058767482, 23.984961646969911, 1005.0 ], [ 121.138569958767476, 23.984970666969911, 1005.0 ], [ 121.138579758767477, 23.984988716969912, 1005.0 ], [ 121.138579758767477, 23.984988716969912, 1005.0 ], [ 121.138589658767486, 23.98500676696991, 1005.0 ], [ 121.138599458767487, 23.985024816969911, 1005.0 ], [ 121.138599458767487, 23.985024816969911, 1005.0 ], [ 121.138609358767482, 23.985042866969913, 1005.0 ], [ 121.138609358767482, 23.985060926969911, 1005.0 ], [ 121.138619158767483, 23.985078976969913, 1005.0 ], [ 121.138619158767483, 23.985097036969911, 1005.0 ], [ 121.138619258767477, 23.98511509696991, 1005.0 ], [ 121.138619258767477, 23.985133156969912, 1005.0 ], [ 121.138619258767477, 23.985133156969912, 1005.0 ], [ 121.138619258767477, 23.985151216969911, 1005.0 ], [ 121.138629158767486, 23.985169266969912, 1005.0 ], [ 121.138629158767486, 23.985187326969911, 1005.0 ], [ 121.138629158767486, 23.985205386969913, 1005.0 ], [ 121.138619358767485, 23.985223446969911, 1005.0 ], [ 121.138619358767485, 23.98524150696991, 1005.0 ], [ 121.138619358767485, 23.98524150696991, 1005.0 ], [ 121.138619358767485, 23.985259566969912, 1005.0 ], [ 121.138619358767485, 23.985277626969911, 1005.0 ], [ 121.138609558767484, 23.98529569696991, 1005.0 ], [ 121.138609658767479, 23.985313756969912, 1005.0 ], [ 121.138599758767484, 23.985322796969911, 1005.0 ], [ 121.138589958767483, 23.985331826969912, 1005.0 ], [ 121.138580158767482, 23.985349896969911, 1005.0 ], [ 121.138580158767482, 23.985358926969912, 1005.0 ], [ 121.138570358767481, 23.98536796696991, 1005.0 ], [ 121.13856055876748, 23.98538603696991, 1005.0 ], [ 121.13856055876748, 23.985395066969911, 1005.0 ], [ 121.138550758767479, 23.985404106969913, 1005.0 ], [ 121.138550758767479, 23.985422166969911, 1005.0 ], [ 121.138540958767479, 23.98544022696991, 1005.0 ], [ 121.138540958767479, 23.985449256969911, 1005.0 ], [ 121.138540958767479, 23.985458286969912, 1005.0 ], [ 121.138531158767478, 23.985476356969912, 1005.0 ], [ 121.138531158767478, 23.98549441696991, 1005.0 ], [ 121.138531158767478, 23.985512476969912, 1005.0 ], [ 121.138531258767486, 23.985530536969911, 1005.0 ], [ 121.138531258767486, 23.98554859696991, 1005.0 ], [ 121.138531258767486, 23.985566656969912, 1005.0 ], [ 121.138531258767486, 23.98558471696991, 1005.0 ], [ 121.138541158767481, 23.985593736969911, 1005.0 ], [ 121.138541158767481, 23.985602766969912, 1005.0 ], [ 121.138550958767482, 23.985620816969913, 1005.0 ], [ 121.138560858767477, 23.985638866969911, 1005.0 ], [ 121.138560858767477, 23.985638866969911, 1005.0 ], [ 121.138570658767478, 23.985656916969912, 1005.0 ], [ 121.138580558767487, 23.98567496696991, 1005.0 ], [ 121.138580558767487, 23.98567496696991, 1005.0 ], [ 121.138590358767487, 23.985693016969911, 1005.0 ], [ 121.138600258767482, 23.985711066969913, 1005.0 ], [ 121.138600258767482, 23.985729126969911, 1005.0 ], [ 121.138600258767482, 23.985738156969912, 1005.0 ], [ 121.138600258767482, 23.98574718696991, 1005.0 ], [ 121.138610058767483, 23.985765236969911, 1005.0 ], [ 121.138610158767477, 23.98578329696991, 1005.0 ], [ 121.138610158767477, 23.985801346969911, 1005.0 ], [ 121.138610158767477, 23.985819406969913, 1005.0 ], [ 121.138610158767477, 23.985837466969912, 1005.0 ], [ 121.138610158767477, 23.98585552696991, 1005.0 ], [ 121.138610258767486, 23.985873586969912, 1005.0 ], [ 121.138610258767486, 23.985891646969911, 1005.0 ], [ 121.138610258767486, 23.98590970696991, 1005.0 ], [ 121.138610258767486, 23.985927766969912, 1005.0 ], [ 121.138610258767486, 23.98594582696991, 1005.0 ], [ 121.13861035876748, 23.985963886969913, 1005.0 ], [ 121.13861035876748, 23.985981946969911, 1005.0 ], [ 121.13861035876748, 23.98600000696991, 1005.0 ], [ 121.13861035876748, 23.986018056969911, 1005.0 ], [ 121.13861035876748, 23.98603611696991, 1005.0 ], [ 121.13861035876748, 23.986054176969912, 1005.0 ], [ 121.138600558767479, 23.986072246969911, 1005.0 ], [ 121.138600558767479, 23.986081276969912, 1005.0 ], [ 121.138600658767487, 23.98609030696991, 1005.0 ], [ 121.138590758767478, 23.986108376969913, 1005.0 ], [ 121.138590858767486, 23.986126436969911, 1005.0 ], [ 121.138581058767485, 23.986144506969911, 1005.0 ], [ 121.138581058767485, 23.986153526969911, 1005.0 ], [ 121.138581058767485, 23.986162556969912, 1005.0 ], [ 121.138571258767485, 23.986180626969912, 1005.0 ], [ 121.138571258767485, 23.98619868696991, 1005.0 ], [ 121.138571258767485, 23.986216746969912, 1005.0 ], [ 121.138581158767479, 23.98623479696991, 1005.0 ], [ 121.138581158767479, 23.986243826969911, 1005.0 ], [ 121.13859095876748, 23.986252846969911, 1005.0 ], [ 121.138600858767475, 23.986270896969913, 1005.0 ], [ 121.138600858767475, 23.986270896969913, 1005.0 ], [ 121.138620458767477, 23.98628893696991, 1005.0 ], [ 121.138620458767477, 23.98628893696991, 1005.0 ], [ 121.138640158767487, 23.98630697696991, 1005.0 ], [ 121.138640158767487, 23.986316006969911, 1005.0 ], [ 121.138649958767488, 23.986325026969912, 1005.0 ], [ 121.138659858767483, 23.986343076969913, 1005.0 ], [ 121.138659858767483, 23.986343076969913, 1005.0 ], [ 121.138669658767483, 23.986361126969911, 1005.0 ], [ 121.138669758767477, 23.986379186969913, 1005.0 ], [ 121.138679558767478, 23.986388206969913, 1005.0 ], [ 121.138679558767478, 23.986397236969911, 1005.0 ], [ 121.138689458767487, 23.986415286969912, 1005.0 ], [ 121.138699258767488, 23.98643333696991, 1005.0 ], [ 121.138699258767488, 23.98643333696991, 1005.0 ], [ 121.138709158767483, 23.986451386969911, 1005.0 ], [ 121.138718958767484, 23.986469436969912, 1005.0 ], [ 121.138718958767484, 23.98647846696991, 1005.0 ], [ 121.138718958767484, 23.986487496969911, 1005.0 ], [ 121.138728858767479, 23.986505546969912, 1005.0 ], [ 121.138728858767479, 23.986523606969911, 1005.0 ], [ 121.13873865876748, 23.986541656969912, 1005.0 ], [ 121.13873865876748, 23.986541656969912, 1005.0 ], [ 121.138748558767489, 23.98655970696991, 1005.0 ], [ 121.138758358767475, 23.986577756969911, 1005.0 ], [ 121.138758358767475, 23.986577756969911, 1005.0 ], [ 121.138778058767485, 23.986595806969913, 1005.0 ], [ 121.138778058767485, 23.986595806969913, 1005.0 ], [ 121.138787858767486, 23.98661385696991, 1005.0 ], [ 121.138797758767481, 23.986622876969911, 1005.0 ], [ 121.138797758767481, 23.986631906969912, 1005.0 ], [ 121.138807558767482, 23.986649956969913, 1005.0 ], [ 121.138817458767477, 23.986668006969911, 1005.0 ], [ 121.138817458767477, 23.986668006969911, 1005.0 ], [ 121.138827258767478, 23.986686056969912, 1005.0 ], [ 121.138837158767487, 23.98670410696991, 1005.0 ], [ 121.138837158767487, 23.986713136969911, 1005.0 ], [ 121.138837158767487, 23.986722166969912, 1005.0 ], [ 121.138847058767482, 23.98674021696991, 1005.0 ], [ 121.138856858767483, 23.986758266969911, 1005.0 ], [ 121.138856858767483, 23.986758266969911, 1005.0 ], [ 121.138866658767483, 23.986776316969912, 1005.0 ], [ 121.138876558767478, 23.98679436696991, 1005.0 ], [ 121.138876558767478, 23.986803396969911, 1005.0 ], [ 121.138886358767479, 23.986812416969912, 1005.0 ], [ 121.138886458767487, 23.98683047696991, 1005.0 ], [ 121.138886458767487, 23.986848536969912, 1005.0 ], [ 121.138896258767488, 23.98686658696991, 1005.0 ], [ 121.138896258767488, 23.98687560696991, 1005.0 ], [ 121.138906158767483, 23.986884636969911, 1005.0 ], [ 121.138915958767484, 23.986902686969913, 1005.0 ], [ 121.138915958767484, 23.986902686969913, 1005.0 ], [ 121.138925858767479, 23.98692073696991, 1005.0 ], [ 121.13893565876748, 23.986938786969912, 1005.0 ], [ 121.13893565876748, 23.986938786969912, 1005.0 ], [ 121.138945558767489, 23.986956836969913, 1005.0 ], [ 121.138945558767489, 23.986974896969912, 1005.0 ], [ 121.138955358767475, 23.986992946969913, 1005.0 ], [ 121.138955358767475, 23.987010996969911, 1005.0 ], [ 121.138955458767484, 23.987029056969913, 1005.0 ], [ 121.138955458767484, 23.98703808696991, 1005.0 ], [ 121.138965258767485, 23.987047106969911, 1005.0 ], [ 121.138965258767485, 23.987065166969913, 1005.0 ], [ 121.138975158767479, 23.987083216969911, 1005.0 ], [ 121.138975158767479, 23.987101276969913, 1005.0 ], [ 121.138975158767479, 23.987101276969913, 1005.0 ], [ 121.13898495876748, 23.987119326969911, 1005.0 ], [ 121.138985058767489, 23.987137386969913, 1005.0 ], [ 121.138985058767489, 23.987155446969911, 1005.0 ], [ 121.138985058767489, 23.98717350696991, 1005.0 ], [ 121.138994958767483, 23.987191556969911, 1005.0 ], [ 121.138994958767483, 23.98720961696991, 1005.0 ], [ 121.138994958767483, 23.98720961696991, 1005.0 ], [ 121.139004758767484, 23.987227666969911, 1005.0 ], [ 121.139014658767479, 23.987245716969912, 1005.0 ], [ 121.139014658767479, 23.98725474696991, 1005.0 ], [ 121.139014658767479, 23.987263776969911, 1005.0 ], [ 121.13902445876748, 23.987281826969912, 1005.0 ], [ 121.139034358767489, 23.987290846969913, 1005.0 ], [ 121.139044158767476, 23.987299866969913, 1005.0 ], [ 121.139054058767485, 23.987317916969911, 1005.0 ], [ 121.139054058767485, 23.987317916969911, 1005.0 ], [ 121.139063858767486, 23.987335966969912, 1005.0 ], [ 121.139073658767487, 23.987344986969912, 1005.0 ], [ 121.139073758767481, 23.98735401696991, 1005.0 ], [ 121.139083558767481, 23.987372066969911, 1005.0 ], [ 121.139093358767482, 23.987390116969912, 1005.0 ], [ 121.139093358767482, 23.987390116969912, 1005.0 ], [ 121.139103258767477, 23.98740816696991, 1005.0 ], [ 121.139113058767478, 23.987426216969912, 1005.0 ], [ 121.139113158767486, 23.98744427696991, 1005.0 ], [ 121.139113158767486, 23.98744427696991, 1005.0 ], [ 121.139122958767487, 23.987462326969911, 1005.0 ], [ 121.139132858767482, 23.987480376969913, 1005.0 ], [ 121.139132858767482, 23.987480376969913, 1005.0 ], [ 121.139142658767483, 23.987498426969911, 1005.0 ], [ 121.139152458767484, 23.987507446969911, 1005.0 ], [ 121.139162358767479, 23.987516466969911, 1005.0 ], [ 121.139172158767479, 23.987534516969912, 1005.0 ], [ 121.139172158767479, 23.98754354696991, 1005.0 ], [ 121.139182058767489, 23.98755256696991, 1005.0 ], [ 121.139182058767489, 23.987570626969912, 1005.0 ], [ 121.139182058767489, 23.987588686969911, 1005.0 ], [ 121.139191858767475, 23.987597706969911, 1005.0 ], [ 121.139191958767483, 23.987606736969912, 1005.0 ], [ 121.139211558767485, 23.987624776969913, 1005.0 ], [ 121.139211558767485, 23.98763380696991, 1005.0 ], [ 121.13922145876748, 23.98764282696991, 1005.0 ], [ 121.139231258767481, 23.987660876969912, 1005.0 ], [ 121.139231258767481, 23.98767893696991, 1005.0 ], [ 121.139231358767489, 23.987696996969913, 1005.0 ], [ 121.139231358767489, 23.987715056969911, 1005.0 ], [ 121.139231358767489, 23.98773311696991, 1005.0 ], [ 121.139231358767489, 23.987751176969912, 1005.0 ], [ 121.139231358767489, 23.98776923696991, 1005.0 ], [ 121.139231458767483, 23.987787296969913, 1005.0 ], [ 121.139231458767483, 23.987787296969913, 1005.0 ], [ 121.139231458767483, 23.98782341696991, 1005.0 ], [ 121.139231458767483, 23.987841466969911, 1005.0 ], [ 121.139231458767483, 23.98785952696991, 1005.0 ], [ 121.139231558767477, 23.987877586969912, 1005.0 ], [ 121.139231558767477, 23.987895646969911, 1005.0 ], [ 121.139231558767477, 23.987895646969911, 1005.0 ], [ 121.139221758767476, 23.98791371696991, 1005.0 ], [ 121.139211958767476, 23.987931786969913, 1005.0 ], [ 121.139211958767476, 23.987931786969913, 1005.0 ], [ 121.139202158767489, 23.987949856969912, 1005.0 ], [ 121.13919225876748, 23.98795888696991, 1005.0 ], [ 121.13919225876748, 23.987967916969911, 1005.0 ], [ 121.139182458767479, 23.98798598696991, 1005.0 ], [ 121.139172658767478, 23.98800405696991, 1005.0 ], [ 121.139172658767478, 23.98800405696991, 1005.0 ], [ 121.139162858767477, 23.988022126969913, 1005.0 ], [ 121.139162858767477, 23.988040186969911, 1005.0 ], [ 121.139153058767477, 23.98804922696991, 1005.0 ], [ 121.139153058767477, 23.988058256969911, 1005.0 ], [ 121.139153158767485, 23.988076306969912, 1005.0 ], [ 121.139153158767485, 23.988076306969912, 1005.0 ], [ 121.139162958767486, 23.988094366969911, 1005.0 ], [ 121.139172758767486, 23.988103386969911, 1005.0 ], [ 121.139192458767482, 23.98811239696991, 1005.0 ], [ 121.139192458767482, 23.98811239696991, 1005.0 ], [ 121.139212158767478, 23.98812140696991, 1005.0 ], [ 121.13923175876748, 23.988130416969913, 1005.0 ], [ 121.13923175876748, 23.988130416969913, 1005.0 ], [ 121.139251458767475, 23.98814845696991, 1005.0 ], [ 121.139251458767475, 23.98814845696991, 1005.0 ], [ 121.139271158767485, 23.98816649696991, 1005.0 ], [ 121.139271158767485, 23.988184556969912, 1005.0 ], [ 121.139271158767485, 23.988184556969912, 1005.0 ], [ 121.139271158767485, 23.988202616969911, 1005.0 ], [ 121.139271158767485, 23.988220676969913, 1005.0 ], [ 121.139271158767485, 23.988220676969913, 1005.0 ], [ 121.139261358767484, 23.988238746969913, 1005.0 ], [ 121.139251558767484, 23.988256816969912, 1005.0 ], [ 121.139251558767484, 23.988256816969912, 1005.0 ], [ 121.139231958767482, 23.988274886969911, 1005.0 ], [ 121.139231958767482, 23.988274886969911, 1005.0 ], [ 121.139222158767481, 23.988292956969911, 1005.0 ], [ 121.13921235876748, 23.98831102696991, 1005.0 ], [ 121.13921235876748, 23.98831102696991, 1005.0 ], [ 121.13921235876748, 23.988329086969912, 1005.0 ], [ 121.13921235876748, 23.988347146969911, 1005.0 ], [ 121.13921235876748, 23.988365206969913, 1005.0 ], [ 121.139212458767489, 23.988383266969912, 1005.0 ], [ 121.139212458767489, 23.98840132696991, 1005.0 ], [ 121.139212458767489, 23.988419376969912, 1005.0 ], [ 121.139212458767489, 23.988419376969912, 1005.0 ], [ 121.139212458767489, 23.98843743696991, 1005.0 ], [ 121.139212458767489, 23.988455496969912, 1005.0 ], [ 121.139212458767489, 23.988473556969911, 1005.0 ], [ 121.139212558767483, 23.988482586969912, 1005.0 ], [ 121.139212558767483, 23.98849161696991, 1005.0 ], [ 121.139212558767483, 23.988509676969912, 1005.0 ], [ 121.139212558767483, 23.98852773696991, 1005.0 ], [ 121.139212558767483, 23.988545796969913, 1005.0 ], [ 121.139212558767483, 23.988563856969911, 1005.0 ], [ 121.139212658767477, 23.98858191696991, 1005.0 ], [ 121.139212658767477, 23.98858191696991, 1005.0 ], [ 121.139222458767478, 23.988599966969911, 1005.0 ], [ 121.139232358767487, 23.988618016969912, 1005.0 ], [ 121.139232358767487, 23.98862704696991, 1005.0 ], [ 121.139242158767487, 23.98863606696991, 1005.0 ], [ 121.139252058767482, 23.988654116969911, 1005.0 ], [ 121.139252058767482, 23.98867217696991, 1005.0 ], [ 121.139252058767482, 23.98867217696991, 1005.0 ], [ 121.139252058767482, 23.988690236969912, 1005.0 ], [ 121.139261858767483, 23.98870828696991, 1005.0 ], [ 121.139271758767478, 23.988726336969911, 1005.0 ], [ 121.139271758767478, 23.98874439696991, 1005.0 ], [ 121.139271758767478, 23.988762446969911, 1005.0 ], [ 121.139271758767478, 23.98878050696991, 1005.0 ], [ 121.139271858767486, 23.988798566969912, 1005.0 ], [ 121.139271858767486, 23.988816626969911, 1005.0 ], [ 121.139271858767486, 23.988834686969913, 1005.0 ], [ 121.139271858767486, 23.988852746969911, 1005.0 ], [ 121.139262058767486, 23.988870816969911, 1005.0 ], [ 121.139252258767485, 23.98888888696991, 1005.0 ], [ 121.139252258767485, 23.988906946969912, 1005.0 ], [ 121.139252258767485, 23.98892499696991, 1005.0 ], [ 121.139252358767479, 23.988943056969912, 1005.0 ], [ 121.139252358767479, 23.98901529696991, 1005.0 ], [ 121.139252458767487, 23.989033356969912, 1005.0 ], [ 121.139252458767487, 23.989051416969911, 1005.0 ], [ 121.139252458767487, 23.989069476969913, 1005.0 ], [ 121.139252458767487, 23.989078506969911, 1005.0 ], [ 121.139252458767487, 23.989087536969912, 1005.0 ], [ 121.139262358767482, 23.989105586969913, 1005.0 ], [ 121.139272158767483, 23.98911460696991, 1005.0 ], [ 121.139281958767484, 23.98912362696991, 1005.0 ], [ 121.139291858767479, 23.989141676969911, 1005.0 ], [ 121.139291858767479, 23.989150706969912, 1005.0 ], [ 121.139291858767479, 23.98915973696991, 1005.0 ], [ 121.139291858767479, 23.989177796969912, 1005.0 ], [ 121.139291958767487, 23.989195856969911, 1005.0 ], [ 121.139291958767487, 23.989204886969912, 1005.0 ], [ 121.139291958767487, 23.989213906969912, 1005.0 ], [ 121.139282158767486, 23.989231976969911, 1005.0 ], [ 121.139272258767477, 23.98924101696991, 1005.0 ], [ 121.139272358767485, 23.989250046969911, 1005.0 ], [ 121.139252658767475, 23.989268126969911, 1005.0 ], [ 121.139252658767475, 23.989277156969912, 1005.0 ], [ 121.139252658767475, 23.98928618696991, 1005.0 ], [ 121.139233058767488, 23.989304256969913, 1005.0 ], [ 121.139233058767488, 23.989304256969913, 1005.0 ], [ 121.139223258767487, 23.989322326969912, 1005.0 ], [ 121.139213458767486, 23.98933136696991, 1005.0 ], [ 121.139203658767485, 23.989340406969912, 1005.0 ], [ 121.139193758767476, 23.989358476969912, 1005.0 ], [ 121.139193758767476, 23.989358476969912, 1005.0 ], [ 121.139174158767489, 23.98936751696991, 1005.0 ], [ 121.139164358767488, 23.989376556969912, 1005.0 ], [ 121.139154558767487, 23.98938559696991, 1005.0 ], [ 121.139134858767477, 23.989385616969912, 1005.0 ], [ 121.139125058767476, 23.98939465696991, 1005.0 ], [ 121.139115258767475, 23.989403696969912, 1005.0 ], [ 121.139105458767489, 23.989412736969911, 1005.0 ], [ 121.13909555876748, 23.989430796969913, 1005.0 ], [ 121.13909555876748, 23.989430796969913, 1005.0 ], [ 121.139095658767488, 23.989448856969911, 1005.0 ], [ 121.139095658767488, 23.98946691696991, 1005.0 ], [ 121.139095658767488, 23.989484976969912, 1005.0 ], [ 121.139095658767488, 23.989503036969911, 1005.0 ], [ 121.139095658767488, 23.989512066969912, 1005.0 ], [ 121.139095658767488, 23.989521096969913, 1005.0 ], [ 121.139095758767482, 23.989539156969911, 1005.0 ], [ 121.139105558767483, 23.989557206969913, 1005.0 ], [ 121.139105558767483, 23.989575266969911, 1005.0 ], [ 121.139105558767483, 23.98959332696991, 1005.0 ], [ 121.139105658767477, 23.989611386969912, 1005.0 ], [ 121.139105658767477, 23.98962943696991, 1005.0 ], [ 121.139095858767476, 23.989647506969913, 1005.0 ], [ 121.139095858767476, 23.989665566969911, 1005.0 ], [ 121.139095858767476, 23.989674596969913, 1005.0 ], [ 121.139095858767476, 23.98968362696991, 1005.0 ], [ 121.139086058767475, 23.989701696969913, 1005.0 ], [ 121.139086058767475, 23.989719756969912, 1005.0 ], [ 121.139076258767489, 23.989737826969911, 1005.0 ], [ 121.139076258767489, 23.989737826969911, 1005.0 ], [ 121.139066458767488, 23.98975588696991, 1005.0 ], [ 121.139056658767487, 23.989773956969913, 1005.0 ], [ 121.139056658767487, 23.989773956969913, 1005.0 ], [ 121.139046858767486, 23.989792026969912, 1005.0 ], [ 121.139037058767485, 23.98980106696991, 1005.0 ], [ 121.139027258767484, 23.989810106969912, 1005.0 ], [ 121.139017358767475, 23.989828176969912, 1005.0 ], [ 121.139017358767475, 23.989828176969912, 1005.0 ], [ 121.138997758767488, 23.989846246969911, 1005.0 ], [ 121.138997758767488, 23.989846246969911, 1005.0 ], [ 121.138978158767486, 23.989864326969911, 1005.0 ], [ 121.138978158767486, 23.989864326969911, 1005.0 ], [ 121.138958458767476, 23.989882406969912, 1005.0 ], [ 121.138958458767476, 23.989891436969913, 1005.0 ], [ 121.138948658767475, 23.98990046696991, 1005.0 ], [ 121.138938858767489, 23.98991853696991, 1005.0 ], [ 121.138938858767489, 23.98991853696991, 1005.0 ], [ 121.138929058767488, 23.989936606969913, 1005.0 ], [ 121.138929058767488, 23.989954666969911, 1005.0 ], [ 121.138919258767487, 23.989972736969911, 1005.0 ], [ 121.138919258767487, 23.989972736969911, 1005.0 ], [ 121.138909458767486, 23.98999080696991, 1005.0 ], [ 121.138909458767486, 23.990008856969911, 1005.0 ], [ 121.138899658767485, 23.990026926969911, 1005.0 ], [ 121.138899658767485, 23.990026926969911, 1005.0 ], [ 121.138889858767484, 23.99004499696991, 1005.0 ], [ 121.138880058767484, 23.990054036969912, 1005.0 ], [ 121.138870258767483, 23.990063076969911, 1005.0 ], [ 121.138860458767482, 23.990072116969912, 1005.0 ], [ 121.138840758767486, 23.990081156969911, 1005.0 ], [ 121.138840758767486, 23.990081156969911, 1005.0 ], [ 121.138821158767485, 23.990099236969911, 1005.0 ], [ 121.138821158767485, 23.990099236969911, 1005.0 ], [ 121.138801458767489, 23.990117316969911, 1005.0 ], [ 121.138801558767483, 23.990126346969912, 1005.0 ], [ 121.138791658767488, 23.990135386969911, 1005.0 ], [ 121.138791758767482, 23.990153436969912, 1005.0 ], [ 121.138791758767482, 23.990171496969911, 1005.0 ], [ 121.138781958767481, 23.99018956696991, 1005.0 ], [ 121.138781958767481, 23.990207626969912, 1005.0 ], [ 121.138781958767481, 23.990207626969912, 1005.0 ], [ 121.138781958767481, 23.990225686969911, 1005.0 ], [ 121.13877215876748, 23.99024375696991, 1005.0 ], [ 121.13876235876748, 23.99026182696991, 1005.0 ], [ 121.13876235876748, 23.990270856969911, 1005.0 ], [ 121.138752558767479, 23.990279886969912, 1005.0 ], [ 121.138752558767479, 23.99029794696991, 1005.0 ], [ 121.138742758767478, 23.99031601696991, 1005.0 ], [ 121.138742758767478, 23.99031601696991, 1005.0 ], [ 121.138732958767477, 23.990334086969913, 1005.0 ], [ 121.138723158767476, 23.990352156969912, 1005.0 ], [ 121.138723158767476, 23.99036118696991, 1005.0 ], [ 121.138723158767476, 23.990370216969911, 1005.0 ], [ 121.138713358767475, 23.990388276969913, 1005.0 ], [ 121.138703558767489, 23.990406346969912, 1005.0 ], [ 121.138703558767489, 23.990406346969912, 1005.0 ], [ 121.138703558767489, 23.990424406969911, 1005.0 ], [ 121.138703558767489, 23.99044246696991, 1005.0 ], [ 121.138703558767489, 23.990451496969911, 1005.0 ], [ 121.138703558767489, 23.990460526969912, 1005.0 ], [ 121.138713458767484, 23.99047857696991, 1005.0 ], [ 121.138723258767484, 23.99048759696991, 1005.0 ], [ 121.138733158767479, 23.99049661696991, 1005.0 ], [ 121.13874295876748, 23.990514666969911, 1005.0 ], [ 121.13874295876748, 23.990514666969911, 1005.0 ], [ 121.138762658767476, 23.990532706969912, 1005.0 ], [ 121.138762658767476, 23.990532706969912, 1005.0 ], [ 121.138772458767477, 23.99055075696991, 1005.0 ], [ 121.138782358767486, 23.990568806969911, 1005.0 ], [ 121.138782358767486, 23.990568806969911, 1005.0 ], [ 121.138782358767486, 23.99058686696991, 1005.0 ], [ 121.138782358767486, 23.990604926969912, 1005.0 ], [ 121.138782358767486, 23.990613956969913, 1005.0 ], [ 121.138782358767486, 23.99062298696991, 1005.0 ], [ 121.138772558767485, 23.99064105696991, 1005.0 ], [ 121.138772558767485, 23.990659116969912, 1005.0 ], [ 121.138762758767484, 23.990677186969911, 1005.0 ], [ 121.138762758767484, 23.990677186969911, 1005.0 ], [ 121.138762758767484, 23.99069524696991, 1005.0 ], [ 121.138762858767478, 23.990713296969911, 1005.0 ], [ 121.138762858767478, 23.99073135696991, 1005.0 ], [ 121.138762858767478, 23.990749416969912, 1005.0 ], [ 121.138762858767478, 23.990767476969911, 1005.0 ], [ 121.138762858767478, 23.990767476969911, 1005.0 ], [ 121.138762858767478, 23.990785536969913, 1005.0 ], [ 121.138762958767487, 23.990803596969911, 1005.0 ], [ 121.138772758767487, 23.990821646969913, 1005.0 ], [ 121.138782658767482, 23.99083969696991, 1005.0 ], [ 121.138782658767482, 23.990857756969913, 1005.0 ], [ 121.138782658767482, 23.990875816969911, 1005.0 ], [ 121.138782658767482, 23.99089387696991, 1005.0 ], [ 121.138782658767482, 23.990911936969912, 1005.0 ], [ 121.138782758767476, 23.990929996969911, 1005.0 ], [ 121.138782758767476, 23.990948056969913, 1005.0 ], [ 121.138782758767476, 23.99096610696991, 1005.0 ], [ 121.138782758767476, 23.990984166969913, 1005.0 ], [ 121.138782758767476, 23.990984166969913, 1005.0 ], [ 121.138792658767485, 23.99100221696991, 1005.0 ], [ 121.138802458767486, 23.991011236969911, 1005.0 ], [ 121.138812258767487, 23.991020266969912, 1005.0 ], [ 121.138822158767482, 23.991020256969911, 1005.0 ], [ 121.138841758767484, 23.99102926696991, 1005.0 ], [ 121.138861458767479, 23.991029246969912, 1005.0 ], [ 121.138881158767475, 23.991038256969912, 1005.0 ], [ 121.138900758767477, 23.99103823696991, 1005.0 ], [ 121.138920458767487, 23.991038226969913, 1005.0 ], [ 121.138940058767488, 23.991038206969911, 1005.0 ], [ 121.138959758767484, 23.991038186969913, 1005.0 ], [ 121.138969558767485, 23.991038176969912, 1005.0 ], [ 121.138979358767486, 23.991038166969911, 1005.0 ], [ 121.138999058767482, 23.991047176969911, 1005.0 ], [ 121.139018758767477, 23.99104716696991, 1005.0 ], [ 121.139038358767479, 23.991056176969913, 1005.0 ], [ 121.139038358767479, 23.991056176969913, 1005.0 ], [ 121.139058058767489, 23.991065186969912, 1005.0 ], [ 121.139077758767485, 23.991074196969912, 1005.0 ], [ 121.139087558767486, 23.991074186969911, 1005.0 ], [ 121.139097358767486, 23.991083206969911, 1005.0 ], [ 121.139117058767482, 23.99108319696991, 1005.0 ], [ 121.139136658767484, 23.99109220696991, 1005.0 ], [ 121.139136658767484, 23.99109220696991, 1005.0 ], [ 121.13915635876748, 23.991101216969913, 1005.0 ], [ 121.139176058767475, 23.991101196969911, 1005.0 ], [ 121.139195658767477, 23.991101176969913, 1005.0 ], [ 121.139215358767487, 23.991101156969911, 1005.0 ], [ 121.139234958767489, 23.991110176969912, 1005.0 ], [ 121.139244858767483, 23.991110166969911, 1005.0 ], [ 121.139254658767484, 23.99111015696991, 1005.0 ], [ 121.13927435876748, 23.991110136969912, 1005.0 ], [ 121.139293958767482, 23.991119146969911, 1005.0 ], [ 121.139313658767477, 23.991119126969913, 1005.0 ], [ 121.139333258767479, 23.991119116969912, 1005.0 ], [ 121.139352958767489, 23.991128126969912, 1005.0 ], [ 121.139362758767476, 23.991128116969911, 1005.0 ], [ 121.139372658767485, 23.99112810696991, 1005.0 ], [ 121.139392258767487, 23.991137116969913, 1005.0 ], [ 121.139411958767482, 23.991137096969911, 1005.0 ], [ 121.139431558767484, 23.991146116969912, 1005.0 ], [ 121.139441458767479, 23.991146106969911, 1005.0 ], [ 121.13945125876748, 23.99114609696991, 1005.0 ], [ 121.139470958767475, 23.991155106969913, 1005.0 ], [ 121.139490558767477, 23.991155086969911, 1005.0 ], [ 121.139510258767487, 23.991164096969911, 1005.0 ], [ 121.139510258767487, 23.991164096969911, 1005.0 ], [ 121.139529958767483, 23.99117310696991, 1005.0 ], [ 121.139549558767484, 23.99118212696991, 1005.0 ], [ 121.139549558767484, 23.99118212696991, 1005.0 ], [ 121.13956925876748, 23.99119113696991, 1005.0 ], [ 121.139588958767476, 23.991200146969913, 1005.0 ], [ 121.139588958767476, 23.991200146969913, 1005.0 ], [ 121.139608558767478, 23.99121818696991, 1005.0 ], [ 121.139608558767478, 23.991227216969911, 1005.0 ], [ 121.139618458767487, 23.991236236969911, 1005.0 ], [ 121.139618458767487, 23.99125429696991, 1005.0 ], [ 121.139628258767488, 23.99126331696991, 1005.0 ], [ 121.139628258767488, 23.991272346969911, 1005.0 ], [ 121.139647958767483, 23.991290386969911, 1005.0 ], [ 121.139657858767478, 23.991290376969911, 1005.0 ], [ 121.139667658767479, 23.991299396969911, 1005.0 ], [ 121.139687258767481, 23.99129938696991, 1005.0 ], [ 121.139706958767476, 23.991299366969912, 1005.0 ], [ 121.139726658767486, 23.99129934696991, 1005.0 ], [ 121.139746258767488, 23.99130835696991, 1005.0 ], [ 121.139756158767483, 23.991308346969912, 1005.0 ], [ 121.139765958767484, 23.991308336969912, 1005.0 ], [ 121.139785558767485, 23.991308326969911, 1005.0 ], [ 121.139805258767481, 23.991308306969913, 1005.0 ], [ 121.139824858767483, 23.991308286969911, 1005.0 ], [ 121.139844558767479, 23.991308266969913, 1005.0 ], [ 121.139864258767489, 23.991308246969911, 1005.0 ], [ 121.139874058767475, 23.99130823696991, 1005.0 ], [ 121.139883858767476, 23.99130823696991, 1005.0 ], [ 121.139903558767486, 23.991308216969912, 1005.0 ], [ 121.139923158767488, 23.991308196969911, 1005.0 ], [ 121.139942858767483, 23.991308176969913, 1005.0 ], [ 121.139962458767485, 23.991308156969911, 1005.0 ], [ 121.13997235876748, 23.99130814696991, 1005.0 ], [ 121.139982158767481, 23.99130814696991, 1005.0 ], [ 121.140001858767477, 23.991317156969913, 1005.0 ], [ 121.140011658767477, 23.99132617696991, 1005.0 ], [ 121.140021458767478, 23.99133519696991, 1005.0 ], [ 121.140031358767487, 23.99134421696991, 1005.0 ], [ 121.140041158767488, 23.991353236969911, 1005.0 ], [ 121.140060858767484, 23.99136224696991, 1005.0 ], [ 121.140060858767484, 23.99136224696991, 1005.0 ], [ 121.14008055876748, 23.99138028696991, 1005.0 ], [ 121.14008055876748, 23.99138028696991, 1005.0 ], [ 121.14009035876748, 23.991398336969912, 1005.0 ], [ 121.140100258767475, 23.991416386969913, 1005.0 ], [ 121.140100258767475, 23.991425416969911, 1005.0 ], [ 121.140100258767475, 23.991434446969912, 1005.0 ], [ 121.140110058767476, 23.991452496969913, 1005.0 ], [ 121.140119958767485, 23.99146151696991, 1005.0 ], [ 121.140119958767485, 23.991470546969911, 1005.0 ], [ 121.140139558767487, 23.991488586969911, 1005.0 ], [ 121.140139658767481, 23.991497616969912, 1005.0 ], [ 121.140139658767481, 23.99150664696991, 1005.0 ], [ 121.140139658767481, 23.991524706969912, 1005.0 ], [ 121.140139658767481, 23.991542766969911, 1005.0 ], [ 121.140139658767481, 23.991560826969913, 1005.0 ], [ 121.140149558767476, 23.991578876969911, 1005.0 ], [ 121.140149558767476, 23.991596936969913, 1005.0 ], [ 121.140159358767477, 23.99161498696991, 1005.0 ], [ 121.140159458767485, 23.991633046969913, 1005.0 ], [ 121.140159458767485, 23.991651106969911, 1005.0 ], [ 121.140159458767485, 23.99166916696991, 1005.0 ], [ 121.140149658767484, 23.991687226969912, 1005.0 ], [ 121.140149658767484, 23.991705286969911, 1005.0 ], [ 121.140149658767484, 23.991723346969913, 1005.0 ], [ 121.140149658767484, 23.991741406969911, 1005.0 ], [ 121.140149758767478, 23.99175946696991, 1005.0 ], [ 121.140149758767478, 23.991777526969912, 1005.0 ], [ 121.140139958767477, 23.991795596969911, 1005.0 ], [ 121.140139958767477, 23.991795596969911, 1005.0 ], [ 121.140130158767477, 23.991813666969911, 1005.0 ], [ 121.140130158767477, 23.991831716969912, 1005.0 ], [ 121.140120358767476, 23.991840756969911, 1005.0 ], [ 121.140120358767476, 23.991849786969912, 1005.0 ], [ 121.140110558767489, 23.991867856969911, 1005.0 ], [ 121.140110558767489, 23.99188591696991, 1005.0 ], [ 121.140100758767488, 23.991903986969913, 1005.0 ], [ 121.140100758767488, 23.991903986969913, 1005.0 ], [ 121.140090958767487, 23.991922056969912, 1005.0 ], [ 121.140081158767487, 23.99193109696991, 1005.0 ], [ 121.140081158767487, 23.991940116969911, 1005.0 ], [ 121.140061458767477, 23.991958196969911, 1005.0 ], [ 121.140061458767477, 23.991958196969911, 1005.0 ], [ 121.140051658767476, 23.99197626696991, 1005.0 ], [ 121.140041858767489, 23.99199433696991, 1005.0 ], [ 121.140041858767489, 23.99199433696991, 1005.0 ], [ 121.140041858767489, 23.992012396969912, 1005.0 ], [ 121.140032058767488, 23.992030466969911, 1005.0 ], [ 121.140022258767488, 23.992039496969912, 1005.0 ], [ 121.140022258767488, 23.99204852696991, 1005.0 ], [ 121.140002658767486, 23.99206660696991, 1005.0 ], [ 121.140002658767486, 23.99206660696991, 1005.0 ], [ 121.139982958767476, 23.99208468696991, 1005.0 ], [ 121.139982958767476, 23.99208468696991, 1005.0 ], [ 121.139963358767488, 23.99209373696991, 1005.0 ], [ 121.139953558767488, 23.992102766969911, 1005.0 ], [ 121.139943758767487, 23.99212083696991, 1005.0 ], [ 121.139943758767487, 23.99212083696991, 1005.0 ], [ 121.139924058767477, 23.99213891696991, 1005.0 ], [ 121.139924058767477, 23.99213891696991, 1005.0 ], [ 121.139904458767475, 23.992156996969911, 1005.0 ], [ 121.139894658767489, 23.992157006969911, 1005.0 ], [ 121.139884758767479, 23.992166036969913, 1005.0 ], [ 121.139865158767478, 23.992175086969912, 1005.0 ], [ 121.139855358767477, 23.992175096969913, 1005.0 ], [ 121.139845458767482, 23.99217510696991, 1005.0 ], [ 121.13982585876748, 23.992175126969912, 1005.0 ], [ 121.139806158767485, 23.992175136969912, 1005.0 ], [ 121.139796358767484, 23.99217514696991, 1005.0 ], [ 121.139786558767483, 23.99217515696991, 1005.0 ], [ 121.139766858767487, 23.99215711696991, 1005.0 ], [ 121.139766858767487, 23.99215711696991, 1005.0 ], [ 121.139747158767477, 23.992148106969911, 1005.0 ], [ 121.139737358767476, 23.99213908696991, 1005.0 ], [ 121.139727558767476, 23.992139096969911, 1005.0 ], [ 121.13970785876748, 23.992139116969913, 1005.0 ], [ 121.139688158767484, 23.992130096969913, 1005.0 ], [ 121.139668558767482, 23.992139146969912, 1005.0 ], [ 121.139658758767482, 23.992139156969913, 1005.0 ], [ 121.139648858767487, 23.99213916696991, 1005.0 ], [ 121.139629258767485, 23.99215724696991, 1005.0 ], [ 121.139629258767485, 23.99215724696991, 1005.0 ], [ 121.139619458767484, 23.992175316969913, 1005.0 ], [ 121.139609658767483, 23.992184346969911, 1005.0 ], [ 121.139599858767482, 23.992193386969912, 1005.0 ], [ 121.139589958767488, 23.992202426969911, 1005.0 ], [ 121.139580158767487, 23.992211466969913, 1005.0 ], [ 121.139570358767486, 23.992220506969911, 1005.0 ], [ 121.139550758767484, 23.99222955696991, 1005.0 ], [ 121.139550758767484, 23.99222955696991, 1005.0 ], [ 121.139531058767489, 23.99224762696991, 1005.0 ], [ 121.139531058767489, 23.99224762696991, 1005.0 ], [ 121.139511458767487, 23.99226570696991, 1005.0 ], [ 121.139511458767487, 23.99226570696991, 1005.0 ], [ 121.139491758767477, 23.99228378696991, 1005.0 ], [ 121.139491758767477, 23.99228378696991, 1005.0 ], [ 121.139472158767475, 23.992301856969913, 1005.0 ], [ 121.139472158767475, 23.992301856969913, 1005.0 ], [ 121.139462358767489, 23.992319926969913, 1005.0 ], [ 121.139452558767488, 23.992337996969912, 1005.0 ], [ 121.139452558767488, 23.992337996969912, 1005.0 ], [ 121.139442758767487, 23.992356066969911, 1005.0 ], [ 121.139432958767486, 23.992374136969911, 1005.0 ], [ 121.139432958767486, 23.992374136969911, 1005.0 ], [ 121.139413258767476, 23.99239220696991, 1005.0 ], [ 121.139413258767476, 23.992401236969911, 1005.0 ], [ 121.139403458767475, 23.99241027696991, 1005.0 ], [ 121.139393658767489, 23.992428346969913, 1005.0 ], [ 121.139393658767489, 23.992428346969913, 1005.0 ], [ 121.139374058767487, 23.992446426969913, 1005.0 ], [ 121.139374058767487, 23.99245545696991, 1005.0 ], [ 121.139364258767486, 23.992464486969912, 1005.0 ], [ 121.139354458767485, 23.992482556969911, 1005.0 ], [ 121.139354458767485, 23.992482556969911, 1005.0 ], [ 121.139334758767475, 23.992500636969911, 1005.0 ], [ 121.139334758767475, 23.992500636969911, 1005.0 ], [ 121.139315158767488, 23.992518716969911, 1005.0 ], [ 121.139315158767488, 23.992518716969911, 1005.0 ], [ 121.139295558767486, 23.992536786969911, 1005.0 ], [ 121.139295558767486, 23.992536786969911, 1005.0 ], [ 121.139275858767476, 23.992554866969911, 1005.0 ], [ 121.139275858767476, 23.992554866969911, 1005.0 ], [ 121.139256258767489, 23.992572946969911, 1005.0 ], [ 121.139256258767489, 23.992572946969911, 1005.0 ], [ 121.139236558767479, 23.992581996969911, 1005.0 ], [ 121.139216958767477, 23.992591036969912, 1005.0 ], [ 121.139207158767476, 23.99259104696991, 1005.0 ], [ 121.139197258767481, 23.992591056969911, 1005.0 ], [ 121.13917765876748, 23.99260010696991, 1005.0 ], [ 121.139167858767479, 23.992609146969912, 1005.0 ], [ 121.139157958767484, 23.992609156969912, 1005.0 ], [ 121.139138358767482, 23.992627226969912, 1005.0 ], [ 121.139138358767482, 23.992627226969912, 1005.0 ], [ 121.139118758767481, 23.992636276969911, 1005.0 ], [ 121.139099058767485, 23.99264532696991, 1005.0 ], [ 121.139099058767485, 23.99264532696991, 1005.0 ], [ 121.139079458767483, 23.992654366969912, 1005.0 ], [ 121.139059758767488, 23.992663416969911, 1005.0 ], [ 121.139059758767488, 23.992663416969911, 1005.0 ], [ 121.139040158767486, 23.992672466969911, 1005.0 ], [ 121.139020458767476, 23.99268151696991, 1005.0 ], [ 121.139010658767475, 23.992681526969911, 1005.0 ], [ 121.139000858767488, 23.992681526969911, 1005.0 ], [ 121.138981158767479, 23.99269057696991, 1005.0 ], [ 121.138961558767477, 23.992690596969911, 1005.0 ], [ 121.138951658767482, 23.99269963696991, 1005.0 ], [ 121.138941858767481, 23.992699646969911, 1005.0 ], [ 121.138922258767479, 23.99271771696991, 1005.0 ], [ 121.138922258767479, 23.99271771696991, 1005.0 ], [ 121.138902558767484, 23.99273579696991, 1005.0 ], [ 121.138902558767484, 23.99273579696991, 1005.0 ], [ 121.138882958767482, 23.99275387696991, 1005.0 ], [ 121.138882958767482, 23.992762906969912, 1005.0 ], [ 121.138873158767481, 23.99277194696991, 1005.0 ], [ 121.13886335876748, 23.992780976969911, 1005.0 ], [ 121.13886335876748, 23.992790006969912, 1005.0 ], [ 121.138843658767485, 23.992808086969912, 1005.0 ], [ 121.138843658767485, 23.992808086969912, 1005.0 ], [ 121.138824058767483, 23.992826166969913, 1005.0 ], [ 121.138824058767483, 23.992826166969913, 1005.0 ], [ 121.138804458767481, 23.992844246969913, 1005.0 ], [ 121.138804458767481, 23.992844246969913, 1005.0 ], [ 121.13879465876748, 23.992862306969911, 1005.0 ], [ 121.138784758767486, 23.99287134696991, 1005.0 ], [ 121.13878485876748, 23.992880376969911, 1005.0 ], [ 121.138765158767484, 23.992898456969911, 1005.0 ], [ 121.138765158767484, 23.992898456969911, 1005.0 ], [ 121.138745558767482, 23.992916536969911, 1005.0 ], [ 121.138745558767482, 23.992916536969911, 1005.0 ], [ 121.138735758767481, 23.99293459696991, 1005.0 ], [ 121.138725958767481, 23.992952666969913, 1005.0 ], [ 121.138725958767481, 23.992952666969913, 1005.0 ], [ 121.13871615876748, 23.992970736969912, 1005.0 ], [ 121.13871615876748, 23.992988796969911, 1005.0 ], [ 121.138706358767479, 23.99300686696991, 1005.0 ], [ 121.138706358767479, 23.99300686696991, 1005.0 ], [ 121.138706358767479, 23.993024926969913, 1005.0 ], [ 121.138706358767479, 23.99304297696991, 1005.0 ], [ 121.138706358767479, 23.99304297696991, 1005.0 ], [ 121.138706358767479, 23.993061036969912, 1005.0 ], [ 121.138706358767479, 23.993079096969911, 1005.0 ], [ 121.138706458767487, 23.99309715696991, 1005.0 ], [ 121.138716258767488, 23.993115206969911, 1005.0 ], [ 121.138716258767488, 23.993133266969913, 1005.0 ], [ 121.138726158767483, 23.993151316969911, 1005.0 ], [ 121.138726158767483, 23.993169376969913, 1005.0 ], [ 121.138726158767483, 23.993187436969912, 1005.0 ], [ 121.138726158767483, 23.99320549696991, 1005.0 ], [ 121.138726258767477, 23.993223556969912, 1005.0 ], [ 121.138726258767477, 23.993241616969911, 1005.0 ], [ 121.138726258767477, 23.993259676969913, 1005.0 ], [ 121.138726258767477, 23.993277736969912, 1005.0 ], [ 121.138726258767477, 23.993277736969912, 1005.0 ], [ 121.138736158767486, 23.993295786969913, 1005.0 ], [ 121.138745958767487, 23.993313836969911, 1005.0 ], [ 121.138745958767487, 23.993322866969912, 1005.0 ], [ 121.138755858767482, 23.993331886969912, 1005.0 ], [ 121.138765658767483, 23.99334993696991, 1005.0 ], [ 121.138765658767483, 23.993367996969912, 1005.0 ], [ 121.138765658767483, 23.993367996969912, 1005.0 ], [ 121.138765658767483, 23.99338604696991, 1005.0 ], [ 121.138775558767477, 23.993404096969911, 1005.0 ], [ 121.138785358767478, 23.993422146969912, 1005.0 ], [ 121.138785458767487, 23.993476326969912, 1005.0 ], [ 121.138785458767487, 23.99349438696991, 1005.0 ], [ 121.138795358767482, 23.993512436969912, 1005.0 ], [ 121.138805158767482, 23.993530486969913, 1005.0 ], [ 121.138805158767482, 23.993530486969913, 1005.0 ], [ 121.138824858767478, 23.99354852696991, 1005.0 ], [ 121.138824858767478, 23.99354852696991, 1005.0 ], [ 121.138844558767488, 23.993557536969913, 1005.0 ], [ 121.138873958767476, 23.993566546969912, 1005.0 ], [ 121.138883858767485, 23.993566536969912, 1005.0 ], [ 121.138903458767487, 23.993575546969911, 1005.0 ], [ 121.138923158767483, 23.99358455696991, 1005.0 ], [ 121.138942858767479, 23.993584536969912, 1005.0 ], [ 121.138942858767479, 23.993584536969912, 1005.0 ], [ 121.13896245876748, 23.993584526969912, 1005.0 ], [ 121.138982158767476, 23.993593536969911, 1005.0 ], [ 121.139001858767486, 23.99360254696991, 1005.0 ], [ 121.139001858767486, 23.99360254696991, 1005.0 ], [ 121.139021458767488, 23.993620586969911, 1005.0 ], [ 121.139021458767488, 23.993620586969911, 1005.0 ], [ 121.139031358767483, 23.993638636969912, 1005.0 ], [ 121.139041158767483, 23.99365668696991, 1005.0 ], [ 121.139041158767483, 23.993674746969912, 1005.0 ], [ 121.139041258767477, 23.99368377696991, 1005.0 ], [ 121.139041258767477, 23.993692806969911, 1005.0 ], [ 121.139041258767477, 23.993710866969913, 1005.0 ], [ 121.139041258767477, 23.993728926969911, 1005.0 ], [ 121.139041258767477, 23.99374698696991, 1005.0 ], [ 121.139041258767477, 23.99374698696991, 1005.0 ], [ 121.139041258767477, 23.993765046969912, 1005.0 ], [ 121.139031458767477, 23.993783106969911, 1005.0 ], [ 121.139021658767476, 23.99380117696991, 1005.0 ], [ 121.139021658767476, 23.993810206969911, 1005.0 ], [ 121.139021658767476, 23.993819236969912, 1005.0 ], [ 121.139021758767484, 23.993837296969911, 1005.0 ], [ 121.139021758767484, 23.993846326969912, 1005.0 ], [ 121.139021758767484, 23.993855356969913, 1005.0 ], [ 121.139031558767485, 23.993873406969911, 1005.0 ], [ 121.13904145876748, 23.993891456969912, 1005.0 ], [ 121.13904145876748, 23.993891456969912, 1005.0 ], [ 121.139051258767481, 23.99390950696991, 1005.0 ], [ 121.139051258767481, 23.993927566969912, 1005.0 ], [ 121.139061158767475, 23.99394561696991, 1005.0 ], [ 121.139061158767475, 23.99394561696991, 1005.0 ], [ 121.139080858767485, 23.99396365696991, 1005.0 ], [ 121.139100458767487, 23.993963636969912, 1005.0 ], [ 121.139120158767483, 23.993963616969911, 1005.0 ], [ 121.139139758767485, 23.99396360696991, 1005.0 ], [ 121.13915945876748, 23.993963586969912, 1005.0 ], [ 121.139179158767476, 23.99396356696991, 1005.0 ], [ 121.139198758767478, 23.993963546969912, 1005.0 ], [ 121.139198758767478, 23.993963546969912, 1005.0 ], [ 121.139218458767488, 23.993972566969912, 1005.0 ], [ 121.139228258767488, 23.993981586969912, 1005.0 ], [ 121.139238158767483, 23.99399963696991, 1005.0 ], [ 121.139238158767483, 23.99399963696991, 1005.0 ], [ 121.139247958767484, 23.994017686969912, 1005.0 ], [ 121.139247958767484, 23.99403574696991, 1005.0 ], [ 121.139257858767479, 23.994053796969911, 1005.0 ], [ 121.139257858767479, 23.994071846969913, 1005.0 ], [ 121.139257858767479, 23.994089906969911, 1005.0 ], [ 121.139257858767479, 23.994089906969911, 1005.0 ], [ 121.139257858767479, 23.99410796696991, 1005.0 ], [ 121.139257958767487, 23.994126026969912, 1005.0 ], [ 121.139257958767487, 23.994144086969911, 1005.0 ], [ 121.139257958767487, 23.994162146969913, 1005.0 ], [ 121.139257958767487, 23.994180206969911, 1005.0 ], [ 121.139257958767487, 23.994180206969911, 1005.0 ], [ 121.139257958767487, 23.99419826696991, 1005.0 ], [ 121.139248158767487, 23.994216336969913, 1005.0 ], [ 121.139238358767486, 23.994225366969911, 1005.0 ], [ 121.139228558767485, 23.994234406969912, 1005.0 ], [ 121.139218758767484, 23.994252476969912, 1005.0 ], [ 121.139218758767484, 23.994252476969912, 1005.0 ], [ 121.139208958767483, 23.994270546969911, 1005.0 ], [ 121.139199158767482, 23.994288616969911, 1005.0 ], [ 121.139199158767482, 23.994288616969911, 1005.0 ], [ 121.139189358767482, 23.99430668696991, 1005.0 ], [ 121.139189358767482, 23.994324736969912, 1005.0 ], [ 121.139179558767481, 23.994342806969911, 1005.0 ], [ 121.139179558767481, 23.994351836969912, 1005.0 ], [ 121.13916975876748, 23.99436087696991, 1005.0 ], [ 121.13916975876748, 23.994378936969913, 1005.0 ], [ 121.13916975876748, 23.994396996969911, 1005.0 ], [ 121.139159958767479, 23.994415066969911, 1005.0 ], [ 121.139159958767479, 23.994433126969913, 1005.0 ], [ 121.139159958767479, 23.994451186969911, 1005.0 ], [ 121.139169858767488, 23.994469236969913, 1005.0 ], [ 121.139169858767488, 23.99448728696991, 1005.0 ], [ 121.139169858767488, 23.994505346969913, 1005.0 ], [ 121.139169858767488, 23.994523406969911, 1005.0 ], [ 121.139160058767487, 23.994541476969911, 1005.0 ], [ 121.139169958767482, 23.994559526969912, 1005.0 ], [ 121.139160158767481, 23.994577596969911, 1005.0 ], [ 121.139160158767481, 23.99459565696991, 1005.0 ], [ 121.139160158767481, 23.994604686969911, 1005.0 ], [ 121.139160158767481, 23.994613716969912, 1005.0 ], [ 121.13915035876748, 23.994631786969912, 1005.0 ], [ 121.13914055876748, 23.994640816969913, 1005.0 ], [ 121.13914055876748, 23.99464984696991, 1005.0 ], [ 121.139120858767484, 23.99466792696991, 1005.0 ], [ 121.139120858767484, 23.99466792696991, 1005.0 ], [ 121.139101258767482, 23.994686006969911, 1005.0 ], [ 121.139101258767482, 23.994686006969911, 1005.0 ], [ 121.139081658767481, 23.99470407696991, 1005.0 ], [ 121.139081658767481, 23.99470407696991, 1005.0 ], [ 121.139061958767485, 23.994713126969913, 1005.0 ], [ 121.139052158767484, 23.994722166969911, 1005.0 ], [ 121.139042358767483, 23.994731206969913, 1005.0 ], [ 121.139032558767482, 23.994740246969911, 1005.0 ], [ 121.139022758767481, 23.994758316969911, 1005.0 ], [ 121.139022758767481, 23.994758316969911, 1005.0 ], [ 121.139012858767487, 23.994776376969913, 1005.0 ], [ 121.139012958767481, 23.994794436969912, 1005.0 ], [ 121.13900315876748, 23.994812506969911, 1005.0 ], [ 121.13900315876748, 23.994821536969912, 1005.0 ], [ 121.13900315876748, 23.994830566969913, 1005.0 ], [ 121.13900315876748, 23.994848626969912, 1005.0 ], [ 121.13900315876748, 23.99486668696991, 1005.0 ], [ 121.13900315876748, 23.994884746969912, 1005.0 ], [ 121.138993358767479, 23.994902816969912, 1005.0 ], [ 121.138993358767479, 23.99492086696991, 1005.0 ], [ 121.138993458767487, 23.994938926969912, 1005.0 ], [ 121.138993458767487, 23.99495698696991, 1005.0 ], [ 121.138993458767487, 23.994975046969913, 1005.0 ], [ 121.138993458767487, 23.994993106969911, 1005.0 ], [ 121.139003358767482, 23.995011156969912, 1005.0 ], [ 121.139003358767482, 23.995029216969911, 1005.0 ], [ 121.139003358767482, 23.995038246969912, 1005.0 ], [ 121.139003358767482, 23.99504727696991, 1005.0 ], [ 121.139013258767477, 23.995065326969911, 1005.0 ], [ 121.139013258767477, 23.99508338696991, 1005.0 ], [ 121.139023058767478, 23.99509240696991, 1005.0 ], [ 121.139023058767478, 23.995101436969911, 1005.0 ], [ 121.139032958767487, 23.995119486969912, 1005.0 ], [ 121.139042758767488, 23.995128506969913, 1005.0 ], [ 121.139052558767489, 23.995137526969913, 1005.0 ], [ 121.139062458767484, 23.995146546969913, 1005.0 ], [ 121.139082158767479, 23.995155556969912, 1005.0 ], [ 121.139082158767479, 23.995155556969912, 1005.0 ], [ 121.139101758767481, 23.995173596969913, 1005.0 ], [ 121.139101758767481, 23.995173596969913, 1005.0 ], [ 121.139121458767477, 23.99519163696991, 1005.0 ], [ 121.139121458767477, 23.99519163696991, 1005.0 ], [ 121.139141158767487, 23.995209686969911, 1005.0 ], [ 121.139141158767487, 23.995209686969911, 1005.0 ], [ 121.139150958767488, 23.995227736969913, 1005.0 ], [ 121.139160858767482, 23.995236756969913, 1005.0 ], [ 121.139170658767483, 23.995245776969913, 1005.0 ], [ 121.139180458767484, 23.99525479696991, 1005.0 ], [ 121.139190358767479, 23.99526381696991, 1005.0 ], [ 121.13920015876748, 23.99527283696991, 1005.0 ], [ 121.139219858767476, 23.99528184696991, 1005.0 ], [ 121.139219858767476, 23.99528184696991, 1005.0 ], [ 121.139239558767486, 23.99529988696991, 1005.0 ], [ 121.139239558767486, 23.99529988696991, 1005.0 ], [ 121.139259158767487, 23.995317926969911, 1005.0 ], [ 121.139259258767481, 23.995326956969912, 1005.0 ], [ 121.139269058767482, 23.995335976969912, 1005.0 ], [ 121.139278858767483, 23.99535402696991, 1005.0 ], [ 121.139278958767477, 23.995372086969912, 1005.0 ], [ 121.139278958767477, 23.995372086969912, 1005.0 ], [ 121.139278958767477, 23.99539014696991, 1005.0 ], [ 121.139278958767477, 23.995408206969913, 1005.0 ], [ 121.139288758767478, 23.99542625696991, 1005.0 ], [ 121.139288858767486, 23.995444316969913, 1005.0 ], [ 121.139288858767486, 23.995462376969911, 1005.0 ], [ 121.139288858767486, 23.99548043696991, 1005.0 ], [ 121.139288858767486, 23.995498496969912, 1005.0 ], [ 121.139288858767486, 23.99551655696991, 1005.0 ], [ 121.13928895876748, 23.995534616969913, 1005.0 ], [ 121.139298758767481, 23.99555266696991, 1005.0 ], [ 121.139298758767481, 23.99555266696991, 1005.0 ], [ 121.139308658767476, 23.995570716969912, 1005.0 ], [ 121.139318458767477, 23.995588766969913, 1005.0 ], [ 121.139318458767477, 23.995588766969913, 1005.0 ], [ 121.139328358767486, 23.995606816969911, 1005.0 ], [ 121.139338158767487, 23.995624866969912, 1005.0 ], [ 121.139338158767487, 23.995642926969911, 1005.0 ], [ 121.139338158767487, 23.995642926969911, 1005.0 ], [ 121.139348058767482, 23.995660976969912, 1005.0 ], [ 121.139348058767482, 23.995679036969911, 1005.0 ], [ 121.139357858767482, 23.995697086969912, 1005.0 ], [ 121.139357958767476, 23.99571513696991, 1005.0 ], [ 121.139357958767476, 23.99571513696991, 1005.0 ], [ 121.139367758767477, 23.995733186969911, 1005.0 ], [ 121.139377658767486, 23.995751236969912, 1005.0 ], [ 121.139377658767486, 23.99576026696991, 1005.0 ], [ 121.139387458767487, 23.99576928696991, 1005.0 ], [ 121.139397258767488, 23.995778316969911, 1005.0 ], [ 121.139407158767483, 23.995787336969912, 1005.0 ], [ 121.139416958767484, 23.995805386969913, 1005.0 ], [ 121.139416958767484, 23.995805386969913, 1005.0 ], [ 121.139426858767479, 23.995823436969911, 1005.0 ], [ 121.13943665876748, 23.995841486969912, 1005.0 ], [ 121.13943665876748, 23.995850516969913, 1005.0 ], [ 121.13943665876748, 23.995859546969911, 1005.0 ], [ 121.139436758767488, 23.995877596969912, 1005.0 ], [ 121.139446558767489, 23.99589564696991, 1005.0 ], [ 121.139436758767488, 23.995913716969913, 1005.0 ], [ 121.139436758767488, 23.995931776969911, 1005.0 ], [ 121.139436758767488, 23.995931776969911, 1005.0 ], [ 121.139426958767487, 23.995949846969911, 1005.0 ], [ 121.139417158767486, 23.99596791696991, 1005.0 ], [ 121.139417158767486, 23.99596791696991, 1005.0 ], [ 121.139407358767485, 23.995985986969913, 1005.0 ], [ 121.139397558767484, 23.996004046969912, 1005.0 ], [ 121.139397558767484, 23.996004046969912, 1005.0 ], [ 121.139397558767484, 23.99602210696991, 1005.0 ], [ 121.139397558767484, 23.996040166969912, 1005.0 ], [ 121.139387758767484, 23.996058236969912, 1005.0 ], [ 121.139387758767484, 23.99607629696991, 1005.0 ], [ 121.139387758767484, 23.996094356969913, 1005.0 ], [ 121.139397658767479, 23.99611240696991, 1005.0 ], [ 121.139397658767479, 23.996121436969911, 1005.0 ], [ 121.139407458767479, 23.996130456969912, 1005.0 ], [ 121.139417358767489, 23.996148506969913, 1005.0 ], [ 121.139417358767489, 23.996148506969913, 1005.0 ], [ 121.139437058767484, 23.996157516969912, 1005.0 ], [ 121.139456658767486, 23.996166526969912, 1005.0 ], [ 121.139456658767486, 23.996166526969912, 1005.0 ], [ 121.139476358767482, 23.996175536969911, 1005.0 ], [ 121.139496058767477, 23.996184556969911, 1005.0 ], [ 121.139496058767477, 23.996184556969911, 1005.0 ], [ 121.139515658767479, 23.996202596969912, 1005.0 ], [ 121.139515658767479, 23.996211626969913, 1005.0 ], [ 121.139525558767488, 23.99622064696991, 1005.0 ], [ 121.139535358767489, 23.996238696969911, 1005.0 ], [ 121.139535458767483, 23.99625675696991, 1005.0 ], [ 121.139535458767483, 23.99625675696991, 1005.0 ], [ 121.139545258767484, 23.996274806969911, 1005.0 ], [ 121.139555058767485, 23.996292856969912, 1005.0 ], [ 121.139555158767479, 23.996310916969911, 1005.0 ], [ 121.139555158767479, 23.996310916969911, 1005.0 ], [ 121.139555158767479, 23.996328966969912, 1005.0 ], [ 121.139555158767479, 23.996347026969911, 1005.0 ], [ 121.139565058767488, 23.996365076969912, 1005.0 ], [ 121.139555158767479, 23.996383146969912, 1005.0 ], [ 121.139555258767487, 23.99640120696991, 1005.0 ], [ 121.139555258767487, 23.996410236969911, 1005.0 ], [ 121.139555258767487, 23.996419266969912, 1005.0 ], [ 121.139555258767487, 23.996437326969911, 1005.0 ], [ 121.139545458767486, 23.99645539696991, 1005.0 ], [ 121.139545458767486, 23.996473456969913, 1005.0 ], [ 121.139535658767485, 23.996491516969911, 1005.0 ], [ 121.139535658767485, 23.996491516969911, 1005.0 ], [ 121.139525858767485, 23.996509586969911, 1005.0 ], [ 121.139516058767484, 23.996518626969912, 1005.0 ], [ 121.139506258767483, 23.996527666969911, 1005.0 ], [ 121.139496358767488, 23.996536706969913, 1005.0 ], [ 121.139486558767487, 23.996545746969911, 1005.0 ], [ 121.139476758767486, 23.99656381696991, 1005.0 ], [ 121.139476758767486, 23.99656381696991, 1005.0 ], [ 121.139466958767485, 23.996581876969913, 1005.0 ], [ 121.139457158767485, 23.996599946969912, 1005.0 ], [ 121.139457158767485, 23.996599946969912, 1005.0 ], [ 121.139447358767484, 23.996618016969911, 1005.0 ], [ 121.139437558767483, 23.996636086969911, 1005.0 ], [ 121.139437558767483, 23.996636086969911, 1005.0 ], [ 121.139417858767487, 23.99665415696991, 1005.0 ], [ 121.139408058767486, 23.996654166969911, 1005.0 ], [ 121.139398258767486, 23.996663206969913, 1005.0 ], [ 121.139378558767476, 23.996663226969911, 1005.0 ], [ 121.139358958767488, 23.99667227696991, 1005.0 ], [ 121.139358958767488, 23.99667227696991, 1005.0 ], [ 121.139339258767478, 23.996681316969912, 1005.0 ], [ 121.139329458767477, 23.996690356969911, 1005.0 ], [ 121.139319658767477, 23.996699396969912, 1005.0 ], [ 121.139309858767476, 23.996708436969911, 1005.0 ], [ 121.139309858767476, 23.996726496969913, 1005.0 ], [ 121.139319758767485, 23.996744546969911, 1005.0 ], [ 121.139319758767485, 23.996744546969911, 1005.0 ], [ 121.139329558767486, 23.996762596969912, 1005.0 ], [ 121.139339358767486, 23.99678064696991, 1005.0 ], [ 121.139339458767481, 23.996789676969911, 1005.0 ], [ 121.139349258767481, 23.996798696969911, 1005.0 ], [ 121.139349258767481, 23.99681675696991, 1005.0 ], [ 121.139349258767481, 23.996834816969912, 1005.0 ], [ 121.139359158767476, 23.996843836969912, 1005.0 ], [ 121.139359158767476, 23.99685286696991, 1005.0 ], [ 121.139378858767486, 23.99687090696991, 1005.0 ], [ 121.139378858767486, 23.99687090696991, 1005.0 ], [ 121.139388658767487, 23.996888956969912, 1005.0 ], [ 121.139398558767482, 23.996907006969913, 1005.0 ], [ 121.139398558767482, 23.99691603696991, 1005.0 ], [ 121.139398558767482, 23.996925066969911, 1005.0 ], [ 121.139408358767483, 23.996943116969913, 1005.0 ], [ 121.139408358767483, 23.996961176969911, 1005.0 ], [ 121.139408458767477, 23.99697923696991, 1005.0 ], [ 121.139408458767477, 23.996997296969912, 1005.0 ], [ 121.139408458767477, 23.997015356969911, 1005.0 ], [ 121.139398658767476, 23.997033416969913, 1005.0 ], [ 121.139398658767476, 23.997033416969913, 1005.0 ], [ 121.139398658767476, 23.997051476969911, 1005.0 ], [ 121.139388858767475, 23.997069546969911, 1005.0 ], [ 121.139379058767489, 23.99708761696991, 1005.0 ], [ 121.139379058767489, 23.99708761696991, 1005.0 ], [ 121.139369258767488, 23.99710568696991, 1005.0 ], [ 121.139369258767488, 23.997123746969912, 1005.0 ], [ 121.139369258767488, 23.997141806969911, 1005.0 ], [ 121.139379158767483, 23.997159856969912, 1005.0 ], [ 121.139379158767483, 23.997168876969912, 1005.0 ], [ 121.139379158767483, 23.99717790696991, 1005.0 ], [ 121.139388958767483, 23.997195956969911, 1005.0 ], [ 121.139398858767478, 23.997214006969912, 1005.0 ], [ 121.139398858767478, 23.997214006969912, 1005.0 ], [ 121.139408658767479, 23.99723205696991, 1005.0 ], [ 121.139418558767488, 23.997250106969911, 1005.0 ], [ 121.139418558767488, 23.997250106969911, 1005.0 ], [ 121.139428358767489, 23.99726816696991, 1005.0 ], [ 121.139438258767484, 23.99727718696991, 1005.0 ], [ 121.139448058767485, 23.99728620696991, 1005.0 ], [ 121.139448058767485, 23.997304266969913, 1005.0 ], [ 121.13945795876748, 23.99732231696991, 1005.0 ], [ 121.13945795876748, 23.997331346969911, 1005.0 ], [ 121.13945795876748, 23.997340366969912, 1005.0 ], [ 121.139467758767481, 23.997358416969913, 1005.0 ], [ 121.139467858767489, 23.997376476969912, 1005.0 ], [ 121.139477658767476, 23.997394526969913, 1005.0 ], [ 121.139477658767476, 23.99740355696991, 1005.0 ], [ 121.139477658767476, 23.997412586969912, 1005.0 ], [ 121.139487558767485, 23.997430636969913, 1005.0 ], [ 121.139497358767485, 23.997448686969911, 1005.0 ], [ 121.139497358767485, 23.997448686969911, 1005.0 ], [ 121.13950725876748, 23.997466736969912, 1005.0 ], [ 121.139517058767481, 23.99748478696991, 1005.0 ], [ 121.139517058767481, 23.99748478696991, 1005.0 ], [ 121.139526958767476, 23.997502836969911, 1005.0 ], [ 121.139536758767477, 23.997520886969912, 1005.0 ], [ 121.139536758767477, 23.997520886969912, 1005.0 ], [ 121.139546658767486, 23.99753893696991, 1005.0 ], [ 121.139556458767487, 23.997556986969911, 1005.0 ], [ 121.139556458767487, 23.99757504696991, 1005.0 ], [ 121.139556458767487, 23.99757504696991, 1005.0 ], [ 121.139566358767482, 23.997593096969911, 1005.0 ], [ 121.139566358767482, 23.99761115696991, 1005.0 ], [ 121.139566358767482, 23.997629216969912, 1005.0 ], [ 121.139576258767477, 23.99764726696991, 1005.0 ], [ 121.139576258767477, 23.997665326969912, 1005.0 ], [ 121.139576258767477, 23.997683386969911, 1005.0 ], [ 121.139576258767477, 23.997683386969911, 1005.0 ], [ 121.139586158767486, 23.997701436969912, 1005.0 ], [ 121.139586158767486, 23.997719496969911, 1005.0 ], [ 121.139586158767486, 23.997737556969913, 1005.0 ], [ 121.139586158767486, 23.997755616969911, 1005.0 ], [ 121.139596058767481, 23.997773666969913, 1005.0 ], [ 121.139596058767481, 23.997791726969911, 1005.0 ], [ 121.139596058767481, 23.997791726969911, 1005.0 ], [ 121.139605858767482, 23.997809776969913, 1005.0 ], [ 121.139605958767476, 23.997827836969911, 1005.0 ], [ 121.139605958767476, 23.99784589696991, 1005.0 ], [ 121.139605958767476, 23.997863946969911, 1005.0 ], [ 121.139615758767476, 23.997881996969912, 1005.0 ], [ 121.139615858767485, 23.997900056969911, 1005.0 ], [ 121.139615858767485, 23.99791811696991, 1005.0 ], [ 121.139615858767485, 23.99791811696991, 1005.0 ], [ 121.139625658767486, 23.997936166969911, 1005.0 ], [ 121.139625658767486, 23.997954226969913, 1005.0 ], [ 121.13962575876748, 23.997972286969912, 1005.0 ], [ 121.13962575876748, 23.99799034696991, 1005.0 ], [ 121.13963555876748, 23.998008396969912, 1005.0 ], [ 121.13963555876748, 23.998017426969913, 1005.0 ], [ 121.139635658767489, 23.99802645696991, 1005.0 ], [ 121.139645458767475, 23.998044506969912, 1005.0 ], [ 121.139655258767476, 23.998062556969913, 1005.0 ], [ 121.139655258767476, 23.998062556969913, 1005.0 ], [ 121.139665158767485, 23.998080606969911, 1005.0 ], [ 121.139674958767486, 23.998098656969912, 1005.0 ], [ 121.139674958767486, 23.998098656969912, 1005.0 ], [ 121.139694658767482, 23.998116696969912, 1005.0 ], [ 121.139694658767482, 23.998116696969912, 1005.0 ], [ 121.139714358767478, 23.998134736969913, 1005.0 ], [ 121.139714358767478, 23.99814376696991, 1005.0 ], [ 121.139724158767478, 23.998152786969911, 1005.0 ], [ 121.139734058767488, 23.998170836969912, 1005.0 ], [ 121.139734058767488, 23.998188896969911, 1005.0 ], [ 121.139734058767488, 23.998188896969911, 1005.0 ], [ 121.139743958767482, 23.998206946969912, 1005.0 ], [ 121.139743958767482, 23.998225006969911, 1005.0 ], [ 121.139743958767482, 23.998243066969913, 1005.0 ], [ 121.139743958767482, 23.998261126969911, 1005.0 ], [ 121.139734158767482, 23.998279196969911, 1005.0 ], [ 121.139734158767482, 23.998297256969913, 1005.0 ], [ 121.139734258767476, 23.998315316969911, 1005.0 ], [ 121.139736558767481, 23.998374456969913, 1005.0 ], [ 121.139702458767488, 23.998456296969913, 1005.0 ], [ 121.139695058767487, 23.998504966969911, 1005.0 ], [ 121.139695158767481, 23.998513996969912, 1005.0 ], [ 121.139685258767486, 23.998532066969911, 1005.0 ], [ 121.139675458767485, 23.998550136969911, 1005.0 ], [ 121.139675458767485, 23.998559166969912, 1005.0 ], [ 121.139675558767479, 23.998568196969913, 1005.0 ], [ 121.139655858767483, 23.998586266969912, 1005.0 ], [ 121.139655858767483, 23.99859529696991, 1005.0 ], [ 121.139655858767483, 23.998604326969911, 1005.0 ], [ 121.139646058767482, 23.99862239696991, 1005.0 ], [ 121.139636258767482, 23.998631436969912, 1005.0 ], [ 121.139626458767481, 23.998640476969911, 1005.0 ], [ 121.13961665876748, 23.99865854696991, 1005.0 ], [ 121.13961665876748, 23.99865854696991, 1005.0 ], [ 121.139606858767479, 23.998676606969912, 1005.0 ], [ 121.139597058767478, 23.998694676969912, 1005.0 ], [ 121.139597058767478, 23.998694676969912, 1005.0 ], [ 121.139587258767477, 23.998712746969911, 1005.0 ], [ 121.139577358767482, 23.998730816969911, 1005.0 ], [ 121.139577458767477, 23.998739846969912, 1005.0 ], [ 121.139577458767477, 23.998748876969913, 1005.0 ], [ 121.139567658767476, 23.998766946969912, 1005.0 ], [ 121.139567658767476, 23.99878499696991, 1005.0 ], [ 121.139557858767489, 23.998794036969912, 1005.0 ], [ 121.139557858767489, 23.998803066969913, 1005.0 ], [ 121.139557858767489, 23.998821126969911, 1005.0 ], [ 121.139548058767488, 23.998839196969911, 1005.0 ], [ 121.139548058767488, 23.998857256969913, 1005.0 ], [ 121.139548058767488, 23.998875316969912, 1005.0 ], [ 121.139548058767488, 23.99889337696991, 1005.0 ], [ 121.139548158767482, 23.998911436969912, 1005.0 ], [ 121.139557958767483, 23.99892948696991, 1005.0 ], [ 121.139557958767483, 23.998947546969912, 1005.0 ], [ 121.139557958767483, 23.99896559696991, 1005.0 ], [ 121.139558058767477, 23.998983656969912, 1005.0 ], [ 121.139558058767477, 23.999001716969911, 1005.0 ], [ 121.139558058767477, 23.999019776969913, 1005.0 ], [ 121.139558058767477, 23.999037836969912, 1005.0 ], [ 121.139558058767477, 23.99905589696991, 1005.0 ], [ 121.139558158767485, 23.999073956969912, 1005.0 ], [ 121.139558158767485, 23.999092016969911, 1005.0 ], [ 121.139558158767485, 23.999110076969913, 1005.0 ], [ 121.139558158767485, 23.999128136969912, 1005.0 ], [ 121.139558158767485, 23.99914619696991, 1005.0 ], [ 121.13955825876748, 23.999164246969912, 1005.0 ], [ 121.139548358767485, 23.999182316969911, 1005.0 ], [ 121.139548458767479, 23.99920037696991, 1005.0 ], [ 121.139538658767478, 23.999218446969913, 1005.0 ], [ 121.139538658767478, 23.999236506969911, 1005.0 ], [ 121.139538658767478, 23.999236506969911, 1005.0 ], [ 121.139538658767478, 23.99925456696991, 1005.0 ], [ 121.139538658767478, 23.999272626969912, 1005.0 ], [ 121.139538658767478, 23.999290686969911, 1005.0 ], [ 121.139528858767477, 23.999308746969913, 1005.0 ], [ 121.139528858767477, 23.999326806969911, 1005.0 ], [ 121.139519058767476, 23.999344876969911, 1005.0 ], [ 121.139519058767476, 23.999353906969912, 1005.0 ], [ 121.139519158767484, 23.999362936969913, 1005.0 ], [ 121.139519158767484, 23.999380996969911, 1005.0 ], [ 121.139509358767484, 23.999399066969911, 1005.0 ], [ 121.139509358767484, 23.999417126969913, 1005.0 ], [ 121.139499558767483, 23.999426166969911, 1005.0 ], [ 121.139499558767483, 23.999435196969912, 1005.0 ], [ 121.139489758767482, 23.999453256969911, 1005.0 ], [ 121.139479858767487, 23.999462296969913, 1005.0 ], [ 121.139479958767481, 23.99947132696991, 1005.0 ], [ 121.139470058767486, 23.99948939696991, 1005.0 ], [ 121.139460258767485, 23.999498436969912, 1005.0 ], [ 121.139460258767485, 23.999507466969913, 1005.0 ], [ 121.139460358767479, 23.999525526969911, 1005.0 ], [ 121.139460358767479, 23.99954358696991, 1005.0 ], [ 121.139460358767479, 23.999561636969911, 1005.0 ], [ 121.139460358767479, 23.99957969696991, 1005.0 ], [ 121.139460358767479, 23.999597756969912, 1005.0 ], [ 121.139460458767488, 23.999615816969911, 1005.0 ], [ 121.139460458767488, 23.999615816969911, 1005.0 ], [ 121.139460458767488, 23.999633876969913, 1005.0 ], [ 121.139470258767489, 23.999651926969911, 1005.0 ], [ 121.139470258767489, 23.999669986969913, 1005.0 ], [ 121.139460458767488, 23.999688056969912, 1005.0 ], [ 121.139460558767482, 23.999706116969911, 1005.0 ], [ 121.139460558767482, 23.999706116969911, 1005.0 ], [ 121.139460558767482, 23.999724176969913, 1005.0 ], [ 121.139460558767482, 23.999742236969912, 1005.0 ], [ 121.139460558767482, 23.999760286969913, 1005.0 ], [ 121.139460558767482, 23.999778346969912, 1005.0 ], [ 121.139460558767482, 23.99979640696991, 1005.0 ], [ 121.139460658767476, 23.999814466969912, 1005.0 ], [ 121.139460658767476, 23.999832526969911, 1005.0 ], [ 121.139460658767476, 23.999850586969913, 1005.0 ], [ 121.139450858767489, 23.999868656969912, 1005.0 ], [ 121.139450858767489, 23.999886716969911, 1005.0 ], [ 121.139450858767489, 23.99990477696991, 1005.0 ], [ 121.139441058767488, 23.999922836969912, 1005.0 ], [ 121.139441058767488, 23.99994089696991, 1005.0 ], [ 121.139441058767488, 23.99994089696991, 1005.0 ], [ 121.139441158767482, 23.999958956969913, 1005.0 ], [ 121.139431358767482, 23.999977026969912, 1005.0 ], [ 121.139421458767487, 23.999995096969911, 1005.0 ], [ 121.139421558767481, 24.000004126969912, 1005.0 ], [ 121.139421558767481, 24.00001315696991, 1005.0 ], [ 121.13941175876748, 24.000031226969913, 1005.0 ], [ 121.139401858767485, 24.000049286969912, 1005.0 ], [ 121.139401858767485, 24.000049286969912, 1005.0 ], [ 121.139392058767484, 24.000067356969911, 1005.0 ], [ 121.139382258767483, 24.00008542696991, 1005.0 ], [ 121.139382258767483, 24.000094456969912, 1005.0 ], [ 121.139382258767483, 24.000103486969913, 1005.0 ], [ 121.139372458767482, 24.000121556969912, 1005.0 ], [ 121.139372558767477, 24.000139616969911, 1005.0 ], [ 121.139372558767477, 24.000157676969913, 1005.0 ], [ 121.139372558767477, 24.000175726969911, 1005.0 ], [ 121.139362758767476, 24.00019379696991, 1005.0 ], [ 121.139362758767476, 24.00019379696991, 1005.0 ], [ 121.139362758767476, 24.000211856969912, 1005.0 ], [ 121.139362758767476, 24.000229916969911, 1005.0 ], [ 121.139362758767476, 24.000247976969913, 1005.0 ], [ 121.139352958767489, 24.000266046969912, 1005.0 ], [ 121.139353058767483, 24.000284106969911, 1005.0 ], [ 121.139353058767483, 24.000302166969913, 1005.0 ], [ 121.139343258767482, 24.000320226969912, 1005.0 ], [ 121.139343258767482, 24.00033828696991, 1005.0 ], [ 121.139343258767482, 24.00033828696991, 1005.0 ], [ 121.139343258767482, 24.000356346969912, 1005.0 ], [ 121.139343258767482, 24.000374406969911, 1005.0 ], [ 121.139343258767482, 24.000392466969913, 1005.0 ], [ 121.139343358767476, 24.000410526969912, 1005.0 ], [ 121.139343358767476, 24.00042858696991, 1005.0 ], [ 121.139343358767476, 24.000446646969912, 1005.0 ], [ 121.139343358767476, 24.000464706969911, 1005.0 ], [ 121.139343358767476, 24.00048276696991, 1005.0 ], [ 121.139343458767485, 24.000500826969912, 1005.0 ], [ 121.139343458767485, 24.00051887696991, 1005.0 ], [ 121.139343458767485, 24.000536936969912, 1005.0 ], [ 121.139333658767484, 24.000555006969911, 1005.0 ], [ 121.139333658767484, 24.00057306696991, 1005.0 ], [ 121.139323858767483, 24.000591136969913, 1005.0 ], [ 121.139323858767483, 24.000609196969911, 1005.0 ], [ 121.139323858767483, 24.00062725696991, 1005.0 ], [ 121.139323958767477, 24.000645316969912, 1005.0 ], [ 121.139323958767477, 24.000699486969911, 1005.0 ], [ 121.139333858767486, 24.000717536969912, 1005.0 ], [ 121.139333858767486, 24.000735596969911, 1005.0 ], [ 121.139343658767487, 24.000753646969912, 1005.0 ], [ 121.139343658767487, 24.000753646969912, 1005.0 ], [ 121.139353558767482, 24.00077169696991, 1005.0 ], [ 121.139363358767483, 24.000789746969911, 1005.0 ], [ 121.139363458767477, 24.000807806969913, 1005.0 ], [ 121.139363458767477, 24.000825866969912, 1005.0 ], [ 121.139363458767477, 24.00084392696991, 1005.0 ], [ 121.139353658767476, 24.00086199696991, 1005.0 ], [ 121.139353658767476, 24.000880056969912, 1005.0 ], [ 121.139343858767475, 24.000898126969911, 1005.0 ], [ 121.139343858767475, 24.000907156969912, 1005.0 ], [ 121.139343858767475, 24.000916176969913, 1005.0 ], [ 121.139343858767475, 24.000934236969911, 1005.0 ], [ 121.139343958767483, 24.00095229696991, 1005.0 ], [ 121.139343958767483, 24.000970356969912, 1005.0 ], [ 121.139334158767483, 24.000988426969911, 1005.0 ], [ 121.139334158767483, 24.00100648696991, 1005.0 ], [ 121.139334158767483, 24.001024546969912, 1005.0 ], [ 121.139334158767483, 24.001042606969911, 1005.0 ], [ 121.139334158767483, 24.001060666969913, 1005.0 ], [ 121.139334258767477, 24.001078726969912, 1005.0 ], [ 121.139334258767477, 24.001096776969913, 1005.0 ], [ 121.139334258767477, 24.001114836969911, 1005.0 ], [ 121.139334258767477, 24.00113289696991, 1005.0 ], [ 121.139344158767486, 24.001150946969911, 1005.0 ], [ 121.139344158767486, 24.001159976969912, 1005.0 ], [ 121.139344158767486, 24.00116900696991, 1005.0 ], [ 121.139353958767487, 24.001187056969911, 1005.0 ], [ 121.139354058767481, 24.00120511696991, 1005.0 ], [ 121.139344158767486, 24.001223186969913, 1005.0 ], [ 121.13934425876748, 24.00123221696991, 1005.0 ], [ 121.13934425876748, 24.001241246969911, 1005.0 ], [ 121.13934425876748, 24.00125930696991, 1005.0 ], [ 121.139334458767479, 24.001277376969913, 1005.0 ], [ 121.139324658767478, 24.001295436969912, 1005.0 ], [ 121.139324658767478, 24.001295436969912, 1005.0 ], [ 121.139304958767482, 24.001313516969912, 1005.0 ], [ 121.139304958767482, 24.001313516969912, 1005.0 ], [ 121.139285358767481, 24.001331596969912, 1005.0 ], [ 121.139285358767481, 24.001331596969912, 1005.0 ], [ 121.13927555876748, 24.001349666969912, 1005.0 ], [ 121.139265758767479, 24.00136772696991, 1005.0 ], [ 121.139265758767479, 24.00136772696991, 1005.0 ], [ 121.139265758767479, 24.001385786969912, 1005.0 ], [ 121.139265758767479, 24.001403846969911, 1005.0 ], [ 121.139265758767479, 24.001421906969913, 1005.0 ], [ 121.139265758767479, 24.001421906969913, 1005.0 ], [ 121.139265758767479, 24.001439966969912, 1005.0 ], [ 121.139265858767487, 24.00145802696991, 1005.0 ], [ 121.139265858767487, 24.001476086969912, 1005.0 ], [ 121.139265858767487, 24.001494146969911, 1005.0 ], [ 121.139265858767487, 24.00151220696991, 1005.0 ], [ 121.139265858767487, 24.001530266969912, 1005.0 ], [ 121.139265958767481, 24.001539296969913, 1005.0 ], [ 121.139265958767481, 24.001548316969913, 1005.0 ], [ 121.139265958767481, 24.001566376969912, 1005.0 ], [ 121.139265958767481, 24.00158443696991, 1005.0 ], [ 121.139265958767481, 24.001602496969912, 1005.0 ], [ 121.139265958767481, 24.001620556969911, 1005.0 ], [ 121.139266058767475, 24.00163861696991, 1005.0 ], [ 121.139266058767475, 24.00163861696991, 1005.0 ], [ 121.139275858767476, 24.001656666969911, 1005.0 ], [ 121.139275858767476, 24.001674726969913, 1005.0 ], [ 121.139275858767476, 24.001692786969912, 1005.0 ], [ 121.139275958767485, 24.00171084696991, 1005.0 ], [ 121.139275958767485, 24.001728906969912, 1005.0 ], [ 121.139275958767485, 24.001746966969911, 1005.0 ], [ 121.139275958767485, 24.00176502696991, 1005.0 ], [ 121.139275958767485, 24.001783076969911, 1005.0 ], [ 121.139276058767479, 24.001801136969913, 1005.0 ], [ 121.139266258767478, 24.001819206969913, 1005.0 ], [ 121.139266258767478, 24.001819206969913, 1005.0 ], [ 121.139266258767478, 24.001837266969911, 1005.0 ], [ 121.139256458767477, 24.001855336969911, 1005.0 ], [ 121.139246658767476, 24.00187340696991, 1005.0 ], [ 121.139246658767476, 24.00187340696991, 1005.0 ], [ 121.13922695876748, 24.001891476969913, 1005.0 ], [ 121.13922695876748, 24.001900506969911, 1005.0 ], [ 121.13922695876748, 24.001909536969912, 1005.0 ], [ 121.13921715876748, 24.001927606969911, 1005.0 ], [ 121.139207358767479, 24.00194567696991, 1005.0 ], [ 121.139207358767479, 24.001954706969912, 1005.0 ], [ 121.139207358767479, 24.001963736969913, 1005.0 ], [ 121.139197558767478, 24.001981806969912, 1005.0 ], [ 121.139197558767478, 24.00199985696991, 1005.0 ], [ 121.139187758767477, 24.002017926969913, 1005.0 ], [ 121.139187758767477, 24.00202695696991, 1005.0 ], [ 121.139187858767485, 24.002035986969911, 1005.0 ], [ 121.139177958767476, 24.002054056969911, 1005.0 ], [ 121.139178058767484, 24.002072116969913, 1005.0 ], [ 121.139168258767484, 24.002090186969912, 1005.0 ], [ 121.139168258767484, 24.00209921696991, 1005.0 ], [ 121.139168258767484, 24.002108246969911, 1005.0 ], [ 121.139158458767483, 24.002126306969913, 1005.0 ], [ 121.139158458767483, 24.002144366969912, 1005.0 ], [ 121.139148658767482, 24.002162436969911, 1005.0 ], [ 121.139148658767482, 24.002171466969912, 1005.0 ], [ 121.139148658767482, 24.00218049696991, 1005.0 ], [ 121.139138858767481, 24.002198566969913, 1005.0 ], [ 121.139138858767481, 24.002216626969911, 1005.0 ], [ 121.139138858767481, 24.00223468696991, 1005.0 ], [ 121.13912905876748, 24.002252746969912, 1005.0 ], [ 121.13912905876748, 24.002261776969913, 1005.0 ], [ 121.13912905876748, 24.002270806969911, 1005.0 ], [ 121.139129158767489, 24.002288866969913, 1005.0 ], [ 121.139119258767479, 24.002306936969912, 1005.0 ], [ 121.139119358767488, 24.002324996969911, 1005.0 ], [ 121.139119358767488, 24.002343056969913, 1005.0 ], [ 121.139119358767488, 24.002361116969912, 1005.0 ], [ 121.139109558767487, 24.002379186969911, 1005.0 ], [ 121.139109558767487, 24.002388216969912, 1005.0 ], [ 121.139109558767487, 24.00239724696991, 1005.0 ], [ 121.139109558767487, 24.002415296969911, 1005.0 ], [ 121.139099758767486, 24.00243336696991, 1005.0 ], [ 121.139089958767485, 24.00245143696991, 1005.0 ], [ 121.139089958767485, 24.002460466969911, 1005.0 ], [ 121.139080158767484, 24.002469506969913, 1005.0 ], [ 121.139080158767484, 24.002487566969911, 1005.0 ], [ 121.139070358767484, 24.002505636969911, 1005.0 ], [ 121.139070358767484, 24.002514666969912, 1005.0 ], [ 121.139070358767484, 24.002523696969913, 1005.0 ], [ 121.139060558767483, 24.002541756969912, 1005.0 ], [ 121.139060558767483, 24.00255981696991, 1005.0 ], [ 121.139060658767477, 24.002577876969912, 1005.0 ], [ 121.139050758767482, 24.002586916969911, 1005.0 ], [ 121.139050858767476, 24.002595946969912, 1005.0 ], [ 121.139050858767476, 24.00261400696991, 1005.0 ], [ 121.139041058767475, 24.00263207696991, 1005.0 ], [ 121.139041058767475, 24.002650136969912, 1005.0 ], [ 121.139041058767475, 24.00266818696991, 1005.0 ], [ 121.139031258767488, 24.002677226969912, 1005.0 ], [ 121.139031258767488, 24.002686256969913, 1005.0 ], [ 121.139031258767488, 24.002704316969911, 1005.0 ], [ 121.139021458767488, 24.002722386969911, 1005.0 ], [ 121.139021458767488, 24.002740446969913, 1005.0 ], [ 121.139011658767487, 24.002749486969911, 1005.0 ], [ 121.139011658767487, 24.002758516969912, 1005.0 ], [ 121.139001858767486, 24.002776576969911, 1005.0 ], [ 121.138992058767485, 24.00279464696991, 1005.0 ], [ 121.138992058767485, 24.002803676969911, 1005.0 ], [ 121.138992058767485, 24.002812706969912, 1005.0 ], [ 121.138982258767484, 24.002830776969912, 1005.0 ], [ 121.138972458767483, 24.002848846969911, 1005.0 ], [ 121.138972458767483, 24.002848846969911, 1005.0 ], [ 121.138962658767483, 24.002866916969911, 1005.0 ], [ 121.138952858767482, 24.002884976969913, 1005.0 ], [ 121.138952858767482, 24.002884976969913, 1005.0 ], [ 121.138933158767486, 24.002903056969913, 1005.0 ], [ 121.138933158767486, 24.002912086969911, 1005.0 ], [ 121.13893325876748, 24.002921116969912, 1005.0 ], [ 121.138923358767485, 24.002939186969911, 1005.0 ], [ 121.138923458767479, 24.00295724696991, 1005.0 ], [ 121.138923458767479, 24.002975306969912, 1005.0 ], [ 121.13893325876748, 24.00299335696991, 1005.0 ], [ 121.138933358767488, 24.003011416969912, 1005.0 ], [ 121.138923458767479, 24.00302947696991, 1005.0 ], [ 121.138923558767488, 24.003047536969913, 1005.0 ], [ 121.138923558767488, 24.003065596969911, 1005.0 ], [ 121.138923558767488, 24.00308365696991, 1005.0 ], [ 121.138923558767488, 24.003101716969912, 1005.0 ], [ 121.138923558767488, 24.003119776969911, 1005.0 ], [ 121.138913758767487, 24.00313784696991, 1005.0 ], [ 121.138913758767487, 24.003146876969911, 1005.0 ], [ 121.138913858767481, 24.003155906969912, 1005.0 ], [ 121.138903958767486, 24.003173966969911, 1005.0 ], [ 121.13890405876748, 24.003192026969913, 1005.0 ], [ 121.13890405876748, 24.003210086969911, 1005.0 ], [ 121.138894258767479, 24.003228156969911, 1005.0 ], [ 121.138894258767479, 24.003228156969911, 1005.0 ], [ 121.138884458767478, 24.00324622696991, 1005.0 ], [ 121.138884458767478, 24.003264286969912, 1005.0 ], [ 121.138884458767478, 24.003282346969911, 1005.0 ], [ 121.138884458767478, 24.00330040696991, 1005.0 ], [ 121.138884458767478, 24.003318456969911, 1005.0 ], [ 121.138874658767477, 24.00333652696991, 1005.0 ], [ 121.138874658767477, 24.003345556969911, 1005.0 ], [ 121.138874658767477, 24.003354586969913, 1005.0 ], [ 121.138864858767477, 24.003372656969912, 1005.0 ], [ 121.138864958767485, 24.003390716969911, 1005.0 ], [ 121.138855058767476, 24.00340878696991, 1005.0 ], [ 121.138855058767476, 24.00340878696991, 1005.0 ], [ 121.138845258767489, 24.003426856969913, 1005.0 ], [ 121.138845358767483, 24.003444906969911, 1005.0 ], [ 121.138835458767488, 24.00346297696991, 1005.0 ], [ 121.138835458767488, 24.00346297696991, 1005.0 ], [ 121.138825658767487, 24.003481046969913, 1005.0 ], [ 121.138825758767481, 24.003499106969912, 1005.0 ], [ 121.138825758767481, 24.00351716696991, 1005.0 ], [ 121.138815958767481, 24.00353523696991, 1005.0 ], [ 121.138815958767481, 24.00353523696991, 1005.0 ], [ 121.13880615876748, 24.003553296969912, 1005.0 ], [ 121.13880615876748, 24.003571356969911, 1005.0 ], [ 121.13880615876748, 24.003589416969913, 1005.0 ], [ 121.138796358767479, 24.003607486969912, 1005.0 ], [ 121.138796358767479, 24.003607486969912, 1005.0 ], [ 121.138786558767478, 24.003625556969912, 1005.0 ], [ 121.138776758767477, 24.003643626969911, 1005.0 ], [ 121.138776758767477, 24.003652656969912, 1005.0 ], [ 121.138776758767477, 24.003661686969913, 1005.0 ], [ 121.138766958767476, 24.003679746969912, 1005.0 ], [ 121.138766958767476, 24.00369780696991, 1005.0 ], [ 121.138766958767476, 24.003715866969912, 1005.0 ], [ 121.138766958767476, 24.003733926969911, 1005.0 ], [ 121.138767058767485, 24.00375198696991, 1005.0 ], [ 121.138767058767485, 24.003770046969912, 1005.0 ], [ 121.138767058767485, 24.00378810696991, 1005.0 ], [ 121.138767058767485, 24.003806166969913, 1005.0 ], [ 121.138757258767484, 24.003824236969912, 1005.0 ], [ 121.138757258767484, 24.003824236969912, 1005.0 ], [ 121.138757258767484, 24.00384228696991, 1005.0 ], [ 121.138747458767483, 24.003860356969913, 1005.0 ], [ 121.138737658767482, 24.003878426969912, 1005.0 ], [ 121.138737658767482, 24.00388745696991, 1005.0 ], [ 121.138737658767482, 24.003896486969911, 1005.0 ], [ 121.138727858767481, 24.00391455696991, 1005.0 ], [ 121.138727858767481, 24.003932616969912, 1005.0 ], [ 121.138718058767481, 24.003950676969911, 1005.0 ], [ 121.138718058767481, 24.003950676969911, 1005.0 ], [ 121.13870825876748, 24.00396874696991, 1005.0 ], [ 121.13870825876748, 24.003986806969912, 1005.0 ], [ 121.138698458767479, 24.004004876969912, 1005.0 ], [ 121.138698458767479, 24.004013906969913, 1005.0 ], [ 121.138698458767479, 24.004022936969911, 1005.0 ], [ 121.138688658767478, 24.00404100696991, 1005.0 ], [ 121.138678858767477, 24.004059076969913, 1005.0 ], [ 121.138678858767477, 24.00406809696991, 1005.0 ], [ 121.138678858767477, 24.004077126969911, 1005.0 ], [ 121.138678958767485, 24.004095186969913, 1005.0 ], [ 121.138669158767485, 24.004113256969912, 1005.0 ], [ 121.138669158767485, 24.004131316969911, 1005.0 ], [ 121.138669158767485, 24.004149376969913, 1005.0 ], [ 121.138659358767484, 24.004167446969912, 1005.0 ], [ 121.138659358767484, 24.004167446969912, 1005.0 ], [ 121.138659358767484, 24.004185506969911, 1005.0 ], [ 121.138649558767483, 24.00420356696991, 1005.0 ], [ 121.138639758767482, 24.004221636969913, 1005.0 ], [ 121.138639758767482, 24.00423066696991, 1005.0 ], [ 121.138629958767481, 24.004239706969912, 1005.0 ], [ 121.13862015876748, 24.004257776969911, 1005.0 ], [ 121.13862015876748, 24.004266806969913, 1005.0 ], [ 121.13861035876748, 24.004275846969911, 1005.0 ], [ 121.138600458767485, 24.004293906969913, 1005.0 ], [ 121.138600458767485, 24.004293906969913, 1005.0 ], [ 121.138590658767484, 24.004311976969912, 1005.0 ], [ 121.138580858767483, 24.004321016969911, 1005.0 ], [ 121.138571058767482, 24.004330056969913, 1005.0 ], [ 121.138561258767481, 24.004348126969912, 1005.0 ], [ 121.138561258767481, 24.004348126969912, 1005.0 ], [ 121.138551458767481, 24.004366196969912, 1005.0 ], [ 121.138551458767481, 24.004384246969913, 1005.0 ], [ 121.138551458767481, 24.004402306969912, 1005.0 ], [ 121.138551458767481, 24.00442036696991, 1005.0 ], [ 121.13854165876748, 24.004438436969913, 1005.0 ], [ 121.13854165876748, 24.004438436969913, 1005.0 ], [ 121.13854165876748, 24.004456496969912, 1005.0 ], [ 121.138541758767488, 24.00447455696991, 1005.0 ], [ 121.138541758767488, 24.004492616969912, 1005.0 ], [ 121.138541758767488, 24.004510676969911, 1005.0 ], [ 121.138541758767488, 24.00452873696991, 1005.0 ], [ 121.138541758767488, 24.004546796969912, 1005.0 ], [ 121.138541758767488, 24.004546796969912, 1005.0 ], [ 121.138551658767483, 24.004564846969913, 1005.0 ], [ 121.138551658767483, 24.004582896969911, 1005.0 ], [ 121.138561558767478, 24.004600946969912, 1005.0 ], [ 121.138561558767478, 24.004619006969911, 1005.0 ], [ 121.138561558767478, 24.004637066969913, 1005.0 ], [ 121.138561558767478, 24.004637066969913, 1005.0 ], [ 121.138561558767478, 24.004655126969912, 1005.0 ], [ 121.138571458767487, 24.004673176969913, 1005.0 ], [ 121.138571458767487, 24.004691236969911, 1005.0 ], [ 121.138571458767487, 24.00470929696991, 1005.0 ], [ 121.138571458767487, 24.004727356969912, 1005.0 ], [ 121.138561658767486, 24.004745426969912, 1005.0 ], [ 121.138561658767486, 24.004754456969913, 1005.0 ], [ 121.138561658767486, 24.00476348696991, 1005.0 ], [ 121.138551858767485, 24.004781546969912, 1005.0 ], [ 121.138542058767484, 24.004799616969912, 1005.0 ], [ 121.138542058767484, 24.004799616969912, 1005.0 ], [ 121.138532258767484, 24.004817686969911, 1005.0 ], [ 121.138522458767483, 24.004835756969911, 1005.0 ], [ 121.138522458767483, 24.004835756969911, 1005.0 ], [ 121.138522458767483, 24.004853816969913, 1005.0 ], [ 121.138512658767482, 24.004871886969912, 1005.0 ], [ 121.138512658767482, 24.00488993696991, 1005.0 ], [ 121.138502858767481, 24.004908006969913, 1005.0 ], [ 121.138502858767481, 24.004908006969913, 1005.0 ], [ 121.138502858767481, 24.004926066969912, 1005.0 ], [ 121.138502858767481, 24.00494412696991, 1005.0 ], [ 121.138502958767475, 24.004962186969912, 1005.0 ], [ 121.138493158767488, 24.004980256969912, 1005.0 ], [ 121.138493158767488, 24.00499831696991, 1005.0 ], [ 121.138483358767488, 24.00501638696991, 1005.0 ], [ 121.138483358767488, 24.00502540696991, 1005.0 ], [ 121.138483358767488, 24.005034436969911, 1005.0 ], [ 121.138463658767478, 24.005052516969911, 1005.0 ], [ 121.138463658767478, 24.005052516969911, 1005.0 ], [ 121.138444058767476, 24.005070596969912, 1005.0 ], [ 121.138444058767476, 24.005070596969912, 1005.0 ], [ 121.138434258767475, 24.005088666969911, 1005.0 ], [ 121.138424458767489, 24.005097696969912, 1005.0 ], [ 121.138424458767489, 24.00510672696991, 1005.0 ], [ 121.138414658767488, 24.005124796969913, 1005.0 ], [ 121.138414658767488, 24.005142856969911, 1005.0 ], [ 121.138404858767487, 24.005160926969911, 1005.0 ], [ 121.138404858767487, 24.005169956969912, 1005.0 ], [ 121.138404858767487, 24.005178986969913, 1005.0 ], [ 121.138404858767487, 24.005197046969911, 1005.0 ], [ 121.138404858767487, 24.00521510696991, 1005.0 ], [ 121.138404958767481, 24.005233166969912, 1005.0 ], [ 121.138404958767481, 24.00525121696991, 1005.0 ], [ 121.138404958767481, 24.005269276969912, 1005.0 ], [ 121.138404958767481, 24.005287336969911, 1005.0 ], [ 121.13839515876748, 24.00530540696991, 1005.0 ], [ 121.13839515876748, 24.005323466969912, 1005.0 ], [ 121.138395258767488, 24.005341526969911, 1005.0 ], [ 121.138385358767479, 24.00535959696991, 1005.0 ], [ 121.138385458767488, 24.005377656969912, 1005.0 ], [ 121.138385458767488, 24.005377656969912, 1005.0 ], [ 121.138385458767488, 24.005395716969911, 1005.0 ], [ 121.138385458767488, 24.005413766969912, 1005.0 ], [ 121.138375658767487, 24.005431836969912, 1005.0 ], [ 121.138375658767487, 24.00544989696991, 1005.0 ], [ 121.138365858767486, 24.00546796696991, 1005.0 ], [ 121.138365858767486, 24.00546796696991, 1005.0 ], [ 121.138365858767486, 24.005486026969912, 1005.0 ], [ 121.138356058767485, 24.005504096969911, 1005.0 ], [ 121.138356058767485, 24.00552215696991, 1005.0 ], [ 121.138346258767484, 24.005531186969911, 1005.0 ], [ 121.138346258767484, 24.005540216969912, 1005.0 ], [ 121.138336458767483, 24.005558286969912, 1005.0 ], [ 121.138326658767483, 24.005576356969911, 1005.0 ], [ 121.138326658767483, 24.005576356969911, 1005.0 ], [ 121.138307058767481, 24.005594436969911, 1005.0 ], [ 121.138307058767481, 24.005603466969912, 1005.0 ], [ 121.13829725876748, 24.00561249696991, 1005.0 ], [ 121.13829725876748, 24.005630556969912, 1005.0 ], [ 121.13829725876748, 24.005648616969911, 1005.0 ], [ 121.13829725876748, 24.005666676969913, 1005.0 ], [ 121.13829725876748, 24.005684736969911, 1005.0 ], [ 121.13829725876748, 24.00570279696991, 1005.0 ], [ 121.138307158767489, 24.005720846969911, 1005.0 ], [ 121.138307158767489, 24.005729876969912, 1005.0 ], [ 121.138307158767489, 24.00573890696991, 1005.0 ], [ 121.138317058767484, 24.005756956969911, 1005.0 ], [ 121.138317058767484, 24.00577501696991, 1005.0 ], [ 121.138326858767485, 24.005793066969911, 1005.0 ], [ 121.138326858767485, 24.005802096969912, 1005.0 ], [ 121.138326958767479, 24.00581112696991, 1005.0 ], [ 121.13833675876748, 24.005829176969911, 1005.0 ], [ 121.13833675876748, 24.00584723696991, 1005.0 ], [ 121.138346658767489, 24.005865286969911, 1005.0 ], [ 121.138346658767489, 24.005874316969912, 1005.0 ], [ 121.138346658767489, 24.005883346969913, 1005.0 ], [ 121.138356458767475, 24.005901396969911, 1005.0 ], [ 121.138356558767484, 24.005919456969913, 1005.0 ], [ 121.138366358767485, 24.005937506969911, 1005.0 ], [ 121.138366358767485, 24.005955556969912, 1005.0 ], [ 121.138366358767485, 24.005973616969911, 1005.0 ], [ 121.138366458767479, 24.005991676969913, 1005.0 ], [ 121.138366458767479, 24.006009736969911, 1005.0 ], [ 121.138366458767479, 24.00602779696991, 1005.0 ], [ 121.138366458767479, 24.00602779696991, 1005.0 ], [ 121.138366458767479, 24.006045856969912, 1005.0 ], [ 121.138376358767488, 24.00606390696991, 1005.0 ], [ 121.138376358767488, 24.006081966969912, 1005.0 ], [ 121.138376358767488, 24.006100026969911, 1005.0 ], [ 121.138386258767483, 24.006118076969912, 1005.0 ], [ 121.138386258767483, 24.006136136969911, 1005.0 ], [ 121.138386258767483, 24.006154196969913, 1005.0 ], [ 121.138386258767483, 24.006172256969911, 1005.0 ], [ 121.138386258767483, 24.00619031696991, 1005.0 ], [ 121.138376458767482, 24.006208376969912, 1005.0 ], [ 121.138376458767482, 24.006226436969911, 1005.0 ], [ 121.138376558767476, 24.006244496969913, 1005.0 ], [ 121.138366758767489, 24.006262566969912, 1005.0 ], [ 121.138366758767489, 24.00627159696991, 1005.0 ], [ 121.138366758767489, 24.006280626969911, 1005.0 ], [ 121.138366758767489, 24.006298686969913, 1005.0 ], [ 121.138366758767489, 24.006316746969912, 1005.0 ], [ 121.138356958767488, 24.00633480696991, 1005.0 ], [ 121.138356958767488, 24.006352866969912, 1005.0 ], [ 121.138356958767488, 24.006370926969911, 1005.0 ], [ 121.138357058767482, 24.00638898696991, 1005.0 ], [ 121.138357058767482, 24.006407046969912, 1005.0 ], [ 121.138357058767482, 24.00642510696991, 1005.0 ], [ 121.138357058767482, 24.006443166969913, 1005.0 ], [ 121.138366958767477, 24.00646121696991, 1005.0 ], [ 121.138366958767477, 24.006479276969912, 1005.0 ], [ 121.138366958767477, 24.006497336969911, 1005.0 ], [ 121.138366958767477, 24.006497336969911, 1005.0 ], [ 121.138376858767487, 24.006515386969912, 1005.0 ], [ 121.138376858767487, 24.006533446969911, 1005.0 ], [ 121.138376858767487, 24.006551506969913, 1005.0 ], [ 121.138367058767486, 24.006569566969912, 1005.0 ], [ 121.138367058767486, 24.006569566969912, 1005.0 ], [ 121.138367058767486, 24.00658762696991, 1005.0 ], [ 121.138357258767485, 24.00660569696991, 1005.0 ], [ 121.138347458767484, 24.006614736969912, 1005.0 ], [ 121.138347458767484, 24.006623766969913, 1005.0 ], [ 121.138327758767488, 24.006641846969913, 1005.0 ], [ 121.138327858767482, 24.006650876969911, 1005.0 ], [ 121.138327858767482, 24.006659896969911, 1005.0 ], [ 121.138327858767482, 24.006677956969913, 1005.0 ], [ 121.138327858767482, 24.00668698696991, 1005.0 ], [ 121.138337658767483, 24.006696006969911, 1005.0 ], [ 121.138347558767478, 24.006714056969912, 1005.0 ], [ 121.138347558767478, 24.006714056969912, 1005.0 ], [ 121.13836715876748, 24.006723076969912, 1005.0 ], [ 121.138377058767489, 24.006732096969913, 1005.0 ], [ 121.138386858767475, 24.006741116969913, 1005.0 ], [ 121.138396758767485, 24.006750136969913, 1005.0 ], [ 121.138406558767485, 24.006768186969911, 1005.0 ], [ 121.138406558767485, 24.006768186969911, 1005.0 ], [ 121.13841645876748, 24.006786236969912, 1005.0 ], [ 121.138426258767481, 24.00680428696991, 1005.0 ], [ 121.138426258767481, 24.00680428696991, 1005.0 ], [ 121.138436158767476, 24.006822336969911, 1005.0 ], [ 121.138445958767477, 24.006840386969913, 1005.0 ], [ 121.138445958767477, 24.006840386969913, 1005.0 ], [ 121.138465658767487, 24.006858426969913, 1005.0 ], [ 121.138465658767487, 24.006858426969913, 1005.0 ], [ 121.138485358767483, 24.00687646696991, 1005.0 ], [ 121.138485358767483, 24.00687646696991, 1005.0 ], [ 121.138495158767483, 24.006894516969911, 1005.0 ], [ 121.138505058767478, 24.006903536969912, 1005.0 ], [ 121.138514858767479, 24.006912556969912, 1005.0 ], [ 121.13852465876748, 24.006930606969913, 1005.0 ], [ 121.13852465876748, 24.006930606969913, 1005.0 ], [ 121.138544358767476, 24.00694864696991, 1005.0 ], [ 121.138544358767476, 24.00694864696991, 1005.0 ], [ 121.138564058767486, 24.006966696969911, 1005.0 ], [ 121.138564058767486, 24.006966696969911, 1005.0 ], [ 121.138583758767481, 24.006984736969912, 1005.0 ], [ 121.138583758767481, 24.006984736969912, 1005.0 ], [ 121.138603458767477, 24.007002776969912, 1005.0 ], [ 121.138603458767477, 24.007002776969912, 1005.0 ], [ 121.138623058767479, 24.007011786969912, 1005.0 ], [ 121.138632958767488, 24.007020806969912, 1005.0 ], [ 121.138642758767489, 24.00703885696991, 1005.0 ], [ 121.138642758767489, 24.00703885696991, 1005.0 ], [ 121.138662458767485, 24.007047866969913, 1005.0 ], [ 121.138672258767485, 24.007056886969913, 1005.0 ], [ 121.13868215876748, 24.00706590696991, 1005.0 ], [ 121.138691958767481, 24.00707492696991, 1005.0 ], [ 121.138701758767482, 24.007092976969911, 1005.0 ], [ 121.138701758767482, 24.007092976969911, 1005.0 ], [ 121.138711658767477, 24.007111026969913, 1005.0 ], [ 121.138721458767478, 24.00712907696991, 1005.0 ], [ 121.138721558767486, 24.007147136969913, 1005.0 ], [ 121.138721558767486, 24.007165196969911, 1005.0 ], [ 121.138721558767486, 24.007174226969912, 1005.0 ], [ 121.138721558767486, 24.00718325696991, 1005.0 ], [ 121.138721558767486, 24.007201316969912, 1005.0 ], [ 121.138731458767481, 24.00721936696991, 1005.0 ], [ 121.138731458767481, 24.007237426969912, 1005.0 ], [ 121.138731458767481, 24.00725548696991, 1005.0 ], [ 121.138731458767481, 24.007273546969913, 1005.0 ], [ 121.138731458767481, 24.007291606969911, 1005.0 ], [ 121.138731558767489, 24.00730966696991, 1005.0 ], [ 121.138731558767489, 24.007327726969912, 1005.0 ], [ 121.138731558767489, 24.00734577696991, 1005.0 ], [ 121.138731558767489, 24.007363836969912, 1005.0 ], [ 121.138731558767489, 24.00738189696991, 1005.0 ], [ 121.138731658767483, 24.007399956969913, 1005.0 ], [ 121.138741458767484, 24.00741800696991, 1005.0 ], [ 121.138741458767484, 24.007427036969911, 1005.0 ], [ 121.138741458767484, 24.007436066969913, 1005.0 ], [ 121.138751358767479, 24.00745411696991, 1005.0 ], [ 121.138751358767479, 24.007472176969912, 1005.0 ], [ 121.13876115876748, 24.00749022696991, 1005.0 ], [ 121.13876115876748, 24.00749022696991, 1005.0 ], [ 121.138771058767489, 24.007508276969912, 1005.0 ], [ 121.138771058767489, 24.00752633696991, 1005.0 ], [ 121.138780958767484, 24.007544386969911, 1005.0 ], [ 121.138780958767484, 24.00756244696991, 1005.0 ], [ 121.138780958767484, 24.00756244696991, 1005.0 ], [ 121.138780958767484, 24.007580506969912, 1005.0 ], [ 121.138790858767479, 24.00759855696991, 1005.0 ], [ 121.138790858767479, 24.007616616969912, 1005.0 ], [ 121.138790858767479, 24.007634676969911, 1005.0 ], [ 121.138790858767479, 24.007652736969913, 1005.0 ], [ 121.138800758767488, 24.007670786969911, 1005.0 ], [ 121.138800758767488, 24.007679816969912, 1005.0 ], [ 121.138800758767488, 24.007688836969912, 1005.0 ], [ 121.138810558767489, 24.007706896969911, 1005.0 ], [ 121.138820458767484, 24.007715916969911, 1005.0 ], [ 121.138820458767484, 24.007724946969912, 1005.0 ], [ 121.138840158767479, 24.007742986969912, 1005.0 ], [ 121.138840158767479, 24.007742986969912, 1005.0 ], [ 121.13884995876748, 24.00776103696991, 1005.0 ], [ 121.138859858767489, 24.007779086969911, 1005.0 ], [ 121.138859858767489, 24.007779086969911, 1005.0 ], [ 121.138869658767476, 24.007797136969913, 1005.0 ], [ 121.138869658767476, 24.007815196969911, 1005.0 ], [ 121.138879558767485, 24.007833246969913, 1005.0 ], [ 121.138879558767485, 24.00784227696991, 1005.0 ], [ 121.138879558767485, 24.007851306969911, 1005.0 ], [ 121.138899258767481, 24.007869346969912, 1005.0 ], [ 121.138899258767481, 24.007869346969912, 1005.0 ], [ 121.138918858767482, 24.007887386969912, 1005.0 ], [ 121.138918858767482, 24.007887386969912, 1005.0 ], [ 121.138938558767478, 24.007905426969913, 1005.0 ], [ 121.138938558767478, 24.007905426969913, 1005.0 ], [ 121.138958258767488, 24.00792346696991, 1005.0 ], [ 121.138958258767488, 24.00792346696991, 1005.0 ], [ 121.138977958767484, 24.00794150696991, 1005.0 ], [ 121.138977958767484, 24.00794150696991, 1005.0 ], [ 121.138997658767479, 24.007959546969911, 1005.0 ], [ 121.138997658767479, 24.007959546969911, 1005.0 ], [ 121.13900745876748, 24.007977596969912, 1005.0 ], [ 121.139017358767475, 24.00799564696991, 1005.0 ], [ 121.139017358767475, 24.00799564696991, 1005.0 ], [ 121.139027158767476, 24.008013696969911, 1005.0 ], [ 121.139027158767476, 24.00803175696991, 1005.0 ], [ 121.139037058767485, 24.008049806969911, 1005.0 ], [ 121.139037058767485, 24.008058836969912, 1005.0 ], [ 121.139037058767485, 24.00806786696991, 1005.0 ], [ 121.139046858767486, 24.008085916969911, 1005.0 ], [ 121.13904695876748, 24.00810397696991, 1005.0 ], [ 121.139056758767481, 24.008122026969911, 1005.0 ], [ 121.139056758767481, 24.008122026969911, 1005.0 ], [ 121.139066658767476, 24.008140076969912, 1005.0 ], [ 121.139076458767477, 24.00815812696991, 1005.0 ], [ 121.139076458767477, 24.00815812696991, 1005.0 ], [ 121.139086358767486, 24.008176176969911, 1005.0 ], [ 121.139096158767487, 24.008185196969912, 1005.0 ], [ 121.139105958767487, 24.008194216969912, 1005.0 ], [ 121.139115858767482, 24.00821226696991, 1005.0 ], [ 121.139115858767482, 24.00821226696991, 1005.0 ], [ 121.139135558767478, 24.00823030696991, 1005.0 ], [ 121.139135558767478, 24.00823030696991, 1005.0 ], [ 121.13915515876748, 24.008248346969911, 1005.0 ], [ 121.13915515876748, 24.008248346969911, 1005.0 ], [ 121.139174858767475, 24.008266396969912, 1005.0 ], [ 121.139174858767475, 24.008266396969912, 1005.0 ], [ 121.139194558767485, 24.008284436969912, 1005.0 ], [ 121.139194558767485, 24.008284436969912, 1005.0 ], [ 121.139214258767481, 24.008302476969913, 1005.0 ], [ 121.139214258767481, 24.008302476969913, 1005.0 ], [ 121.139233958767477, 24.00832051696991, 1005.0 ], [ 121.139233958767477, 24.00832051696991, 1005.0 ], [ 121.139243758767478, 24.008338566969911, 1005.0 ], [ 121.139243758767478, 24.00835662696991, 1005.0 ], [ 121.139253658767487, 24.008374676969911, 1005.0 ], [ 121.139253658767487, 24.008383706969912, 1005.0 ], [ 121.139253658767487, 24.00839273696991, 1005.0 ], [ 121.139263458767488, 24.008410786969911, 1005.0 ], [ 121.139263558767482, 24.00842884696991, 1005.0 ], [ 121.139263558767482, 24.008446906969912, 1005.0 ], [ 121.139263558767482, 24.00846496696991, 1005.0 ], [ 121.139263558767482, 24.008483016969912, 1005.0 ], [ 121.139273458767477, 24.008501066969913, 1005.0 ], [ 121.139273458767477, 24.008510096969911, 1005.0 ], [ 121.139273458767477, 24.008519126969912, 1005.0 ], [ 121.139293158767487, 24.008537166969912, 1005.0 ], [ 121.139293158767487, 24.008537166969912, 1005.0 ], [ 121.139312758767488, 24.00855521696991, 1005.0 ], [ 121.139312758767488, 24.00855521696991, 1005.0 ], [ 121.139322658767483, 24.008573266969911, 1005.0 ], [ 121.139332458767484, 24.008591316969913, 1005.0 ], [ 121.139332458767484, 24.008591316969913, 1005.0 ], [ 121.139342358767479, 24.00860936696991, 1005.0 ], [ 121.13935215876748, 24.008627416969912, 1005.0 ], [ 121.13935215876748, 24.008636446969913, 1005.0 ], [ 121.139352258767488, 24.00864547696991, 1005.0 ], [ 121.139362058767489, 24.008663526969912, 1005.0 ], [ 121.139371958767484, 24.008681576969913, 1005.0 ], [ 121.139371958767484, 24.008699636969911, 1005.0 ], [ 121.139371958767484, 24.008717686969913, 1005.0 ], [ 121.139362158767483, 24.008735756969912, 1005.0 ], [ 121.139352358767482, 24.008753826969912, 1005.0 ], [ 121.139352358767482, 24.008753826969912, 1005.0 ], [ 121.139332658767486, 24.008771906969912, 1005.0 ], [ 121.139332658767486, 24.008771906969912, 1005.0 ], [ 121.139313058767485, 24.008789976969911, 1005.0 ], [ 121.139313058767485, 24.008789976969911, 1005.0 ], [ 121.139303258767484, 24.008808046969911, 1005.0 ], [ 121.139303258767484, 24.008826106969913, 1005.0 ], [ 121.139303258767484, 24.008844166969912, 1005.0 ], [ 121.139313158767479, 24.008862216969913, 1005.0 ], [ 121.139313158767479, 24.008862216969913, 1005.0 ], [ 121.13932295876748, 24.008880266969911, 1005.0 ], [ 121.139332858767489, 24.008898316969912, 1005.0 ], [ 121.139332858767489, 24.008898316969912, 1005.0 ], [ 121.139342658767475, 24.00891636696991, 1005.0 ], [ 121.139352558767484, 24.008934416969911, 1005.0 ], [ 121.139352558767484, 24.008934416969911, 1005.0 ], [ 121.139362358767485, 24.008952466969912, 1005.0 ], [ 121.13937225876748, 24.008961486969913, 1005.0 ], [ 121.13937225876748, 24.00897051696991, 1005.0 ], [ 121.139382058767481, 24.008988566969911, 1005.0 ], [ 121.139391958767476, 24.009006616969913, 1005.0 ], [ 121.139391958767476, 24.00901564696991, 1005.0 ], [ 121.139391958767476, 24.009024676969911, 1005.0 ], [ 121.139391958767476, 24.00904273696991, 1005.0 ], [ 121.139391958767476, 24.009060796969912, 1005.0 ], [ 121.139391958767476, 24.009078856969911, 1005.0 ], [ 121.139392058767484, 24.009087886969912, 1005.0 ], [ 121.139392058767484, 24.009096916969913, 1005.0 ], [ 121.139382258767483, 24.009114976969911, 1005.0 ], [ 121.139382258767483, 24.00913303696991, 1005.0 ], [ 121.139372458767482, 24.009151106969913, 1005.0 ], [ 121.139372458767482, 24.009151106969913, 1005.0 ], [ 121.139372458767482, 24.009169166969912, 1005.0 ], [ 121.139372458767482, 24.00918722696991, 1005.0 ], [ 121.139362658767482, 24.00920529696991, 1005.0 ], [ 121.139372458767482, 24.009223346969911, 1005.0 ], [ 121.139372458767482, 24.009232376969912, 1005.0 ], [ 121.139372558767477, 24.00924140696991, 1005.0 ], [ 121.139382358767477, 24.009259456969911, 1005.0 ], [ 121.139392258767487, 24.009277506969912, 1005.0 ], [ 121.139392258767487, 24.00928653696991, 1005.0 ], [ 121.139392258767487, 24.009295566969911, 1005.0 ], [ 121.139402058767487, 24.009313616969912, 1005.0 ], [ 121.139411958767482, 24.00933166696991, 1005.0 ], [ 121.139411958767482, 24.009340696969911, 1005.0 ], [ 121.139412058767476, 24.00948516696991, 1005.0 ], [ 121.139412158767485, 24.009494196969911, 1005.0 ], [ 121.139412158767485, 24.009512256969913, 1005.0 ], [ 121.139402358767484, 24.009530326969912, 1005.0 ], [ 121.139392558767483, 24.009548386969911, 1005.0 ], [ 121.139392558767483, 24.009566446969913, 1005.0 ], [ 121.139392558767483, 24.009566446969913, 1005.0 ], [ 121.139392558767483, 24.009584506969912, 1005.0 ], [ 121.139382758767482, 24.009602576969911, 1005.0 ], [ 121.139382758767482, 24.00962063696991, 1005.0 ], [ 121.139372958767481, 24.009638706969913, 1005.0 ], [ 121.139372958767481, 24.009656766969911, 1005.0 ], [ 121.139372958767481, 24.00967482696991, 1005.0 ], [ 121.139372958767481, 24.009692876969911, 1005.0 ], [ 121.13936315876748, 24.009710946969911, 1005.0 ], [ 121.13935335876748, 24.00972901696991, 1005.0 ], [ 121.13935335876748, 24.009747076969912, 1005.0 ], [ 121.13935335876748, 24.009747076969912, 1005.0 ], [ 121.139343558767479, 24.009765146969912, 1005.0 ], [ 121.139333758767478, 24.009783216969911, 1005.0 ], [ 121.139333758767478, 24.009792246969912, 1005.0 ], [ 121.139333758767478, 24.009801266969912, 1005.0 ], [ 121.139323958767477, 24.009819336969912, 1005.0 ], [ 121.139314158767476, 24.00982837696991, 1005.0 ], [ 121.139304358767475, 24.009837416969912, 1005.0 ], [ 121.139294558767489, 24.00984645696991, 1005.0 ], [ 121.139274858767479, 24.009855506969913, 1005.0 ], [ 121.139274858767479, 24.009855506969913, 1005.0 ], [ 121.139255258767477, 24.00985551696991, 1005.0 ], [ 121.139235558767481, 24.009864566969913, 1005.0 ], [ 121.13921595876748, 24.009873616969912, 1005.0 ], [ 121.139196258767484, 24.00987363696991, 1005.0 ], [ 121.139176658767482, 24.009873646969911, 1005.0 ], [ 121.139156958767487, 24.009873666969913, 1005.0 ], [ 121.139156958767487, 24.009873666969913, 1005.0 ], [ 121.139137258767477, 24.009882716969912, 1005.0 ], [ 121.139137358767485, 24.009891746969913, 1005.0 ], [ 121.139127458767476, 24.009909816969913, 1005.0 ], [ 121.139127558767484, 24.009927876969911, 1005.0 ], [ 121.139127558767484, 24.00994593696991, 1005.0 ], [ 121.139137358767485, 24.009963986969911, 1005.0 ], [ 121.13914725876748, 24.009982036969912, 1005.0 ], [ 121.139157058767481, 24.009991056969913, 1005.0 ], [ 121.139166958767476, 24.010000076969913, 1005.0 ], [ 121.139176758767476, 24.010018126969911, 1005.0 ], [ 121.139176758767476, 24.010027156969912, 1005.0 ], [ 121.139186658767485, 24.010036176969912, 1005.0 ], [ 121.139186658767485, 24.010054236969911, 1005.0 ], [ 121.139196458767486, 24.010063256969911, 1005.0 ], [ 121.139206358767481, 24.010072276969911, 1005.0 ], [ 121.139216158767482, 24.010081296969911, 1005.0 ], [ 121.139225958767483, 24.010090316969912, 1005.0 ], [ 121.139235858767478, 24.010099336969912, 1005.0 ], [ 121.139245658767479, 24.010108356969912, 1005.0 ], [ 121.139255558767488, 24.01012640696991, 1005.0 ], [ 121.139255558767488, 24.010135436969911, 1005.0 ], [ 121.139265358767489, 24.010144456969911, 1005.0 ], [ 121.139275258767483, 24.010162506969912, 1005.0 ], [ 121.139275258767483, 24.010162506969912, 1005.0 ], [ 121.139294858767485, 24.010180546969913, 1005.0 ], [ 121.139294858767485, 24.010189576969911, 1005.0 ], [ 121.13930475876748, 24.010198596969911, 1005.0 ], [ 121.139314558767481, 24.010216646969912, 1005.0 ], [ 121.139314558767481, 24.01022567696991, 1005.0 ], [ 121.139324458767476, 24.01023469696991, 1005.0 ], [ 121.139324458767476, 24.010252756969912, 1005.0 ], [ 121.139334358767485, 24.01027080696991, 1005.0 ], [ 121.139334358767485, 24.01027080696991, 1005.0 ], [ 121.139344158767486, 24.010288856969911, 1005.0 ], [ 121.139354058767481, 24.010306906969912, 1005.0 ], [ 121.139354058767481, 24.010306906969912, 1005.0 ], [ 121.139373658767482, 24.010324946969913, 1005.0 ], [ 121.139373658767482, 24.01033397696991, 1005.0 ], [ 121.139373658767482, 24.010343006969912, 1005.0 ], [ 121.139383558767477, 24.010361056969913, 1005.0 ], [ 121.139393358767478, 24.010379106969911, 1005.0 ], [ 121.139393458767486, 24.010388136969912, 1005.0 ], [ 121.139403258767487, 24.010415216969911, 1005.0 ], [ 121.139403258767487, 24.010433276969913, 1005.0 ], [ 121.139413158767482, 24.01045132696991, 1005.0 ], [ 121.139413158767482, 24.010469386969913, 1005.0 ], [ 121.139413158767482, 24.010469386969913, 1005.0 ], [ 121.139423058767477, 24.01048743696991, 1005.0 ], [ 121.139432858767478, 24.010505486969912, 1005.0 ], [ 121.139432858767478, 24.010505486969912, 1005.0 ], [ 121.139452558767488, 24.010523526969912, 1005.0 ], [ 121.139462358767489, 24.010523516969911, 1005.0 ], [ 121.139472258767483, 24.010532536969912, 1005.0 ], [ 121.139491858767485, 24.01053251696991, 1005.0 ], [ 121.139501658767486, 24.01054153696991, 1005.0 ], [ 121.139511558767481, 24.010550566969911, 1005.0 ], [ 121.139531258767477, 24.010559576969911, 1005.0 ], [ 121.139531258767477, 24.010559576969911, 1005.0 ], [ 121.139550858767478, 24.010577616969911, 1005.0 ], [ 121.139550858767478, 24.010577616969911, 1005.0 ], [ 121.139570558767488, 24.010586626969911, 1005.0 ], [ 121.139580358767489, 24.010595646969911, 1005.0 ], [ 121.139590258767484, 24.010604666969911, 1005.0 ], [ 121.139600058767485, 24.010613686969911, 1005.0 ], [ 121.13960995876748, 24.010631736969913, 1005.0 ], [ 121.13960995876748, 24.010649796969911, 1005.0 ], [ 121.13960995876748, 24.010649796969911, 1005.0 ], [ 121.13960995876748, 24.01066785696991, 1005.0 ], [ 121.13960995876748, 24.010685916969912, 1005.0 ], [ 121.139610058767488, 24.010703976969911, 1005.0 ], [ 121.139610058767488, 24.010713006969912, 1005.0 ], [ 121.139610058767488, 24.010722036969913, 1005.0 ], [ 121.139600258767487, 24.010740096969911, 1005.0 ], [ 121.139590358767478, 24.01074913696991, 1005.0 ], [ 121.139580558767477, 24.010758176969912, 1005.0 ], [ 121.139570758767476, 24.01076721696991, 1005.0 ], [ 121.139560958767476, 24.010776256969912, 1005.0 ], [ 121.139551158767489, 24.010776266969913, 1005.0 ], [ 121.139531458767479, 24.010785316969912, 1005.0 ], [ 121.139521658767478, 24.010794346969913, 1005.0 ], [ 121.139511858767477, 24.010812416969912, 1005.0 ], [ 121.139511858767477, 24.010812416969912, 1005.0 ], [ 121.139502058767476, 24.010830486969912, 1005.0 ], [ 121.139502058767476, 24.01084854696991, 1005.0 ], [ 121.139502058767476, 24.010866606969913, 1005.0 ], [ 121.139502058767476, 24.010884666969911, 1005.0 ], [ 121.139502058767476, 24.01090272696991, 1005.0 ], [ 121.139502158767485, 24.010920786969912, 1005.0 ], [ 121.139511958767486, 24.01093883696991, 1005.0 ], [ 121.139511958767486, 24.010956886969911, 1005.0 ], [ 121.139511958767486, 24.01097494696991, 1005.0 ], [ 121.13951205876748, 24.010993006969912, 1005.0 ], [ 121.13951205876748, 24.011002036969913, 1005.0 ], [ 121.13951205876748, 24.01101106696991, 1005.0 ], [ 121.13952185876748, 24.011029116969912, 1005.0 ], [ 121.139531758767475, 24.011047166969913, 1005.0 ], [ 121.139531758767475, 24.011065226969912, 1005.0 ], [ 121.139531758767475, 24.011065226969912, 1005.0 ], [ 121.139541658767484, 24.011083276969913, 1005.0 ], [ 121.139541658767484, 24.011101336969912, 1005.0 ], [ 121.139551458767485, 24.011119386969913, 1005.0 ], [ 121.139551458767485, 24.011137446969911, 1005.0 ], [ 121.139551458767485, 24.011137446969911, 1005.0 ], [ 121.13956135876748, 24.011155496969913, 1005.0 ], [ 121.13956135876748, 24.011173556969911, 1005.0 ], [ 121.139571258767475, 24.011191606969913, 1005.0 ], [ 121.139571258767475, 24.011191606969913, 1005.0 ], [ 121.139581058767476, 24.01120965696991, 1005.0 ], [ 121.139590858767477, 24.011218676969911, 1005.0 ], [ 121.139600758767486, 24.011227696969911, 1005.0 ], [ 121.139610558767487, 24.011245746969912, 1005.0 ], [ 121.139610658767481, 24.011263806969911, 1005.0 ], [ 121.139610658767481, 24.011263806969911, 1005.0 ], [ 121.139610658767481, 24.011281866969913, 1005.0 ], [ 121.139610658767481, 24.011281866969913, 1005.0 ], [ 121.139610658767481, 24.011299926969912, 1005.0 ], [ 121.139591058767479, 24.011317996969911, 1005.0 ], [ 121.139591058767479, 24.011317996969911, 1005.0 ], [ 121.139571358767483, 24.011336076969911, 1005.0 ], [ 121.139571358767483, 24.011336076969911, 1005.0 ], [ 121.139551758767482, 24.011354156969912, 1005.0 ], [ 121.139551758767482, 24.011354156969912, 1005.0 ], [ 121.139532058767486, 24.011372236969912, 1005.0 ], [ 121.139532058767486, 24.011372236969912, 1005.0 ], [ 121.139512458767484, 24.01138127696991, 1005.0 ], [ 121.139492758767489, 24.011390326969913, 1005.0 ], [ 121.139492758767489, 24.011390326969913, 1005.0 ], [ 121.139473158767487, 24.011399376969912, 1005.0 ], [ 121.139453458767477, 24.01139939696991, 1005.0 ], [ 121.139433858767475, 24.011408436969912, 1005.0 ], [ 121.139433858767475, 24.011408436969912, 1005.0 ], [ 121.13941415876748, 24.011426516969912, 1005.0 ], [ 121.13941415876748, 24.011426516969912, 1005.0 ], [ 121.139404358767479, 24.011444586969912, 1005.0 ], [ 121.139394558767478, 24.01145362696991, 1005.0 ], [ 121.139394558767478, 24.011462656969911, 1005.0 ], [ 121.139384758767477, 24.01148071696991, 1005.0 ], [ 121.139384758767477, 24.011498776969912, 1005.0 ], [ 121.139394658767486, 24.01151682696991, 1005.0 ], [ 121.139394658767486, 24.011525856969911, 1005.0 ], [ 121.139404458767487, 24.011534876969911, 1005.0 ], [ 121.139414358767482, 24.01153486696991, 1005.0 ], [ 121.139433958767484, 24.01154388696991, 1005.0 ], [ 121.139453658767479, 24.011543866969912, 1005.0 ], [ 121.13946345876748, 24.011552886969913, 1005.0 ], [ 121.139473358767489, 24.011552876969912, 1005.0 ], [ 121.139492958767477, 24.011561886969911, 1005.0 ], [ 121.139502858767486, 24.011570906969911, 1005.0 ], [ 121.139512658767487, 24.011570896969911, 1005.0 ], [ 121.139532358767482, 24.01157990696991, 1005.0 ], [ 121.139551958767484, 24.01158892696991, 1005.0 ], [ 121.13957165876748, 24.011588906969912, 1005.0 ], [ 121.13957165876748, 24.011588906969912, 1005.0 ], [ 121.139591258767481, 24.011588886969911, 1005.0 ], [ 121.139610958767477, 24.01159789696991, 1005.0 ], [ 121.139630658767487, 24.011606906969913, 1005.0 ], [ 121.139650258767489, 24.011606896969912, 1005.0 ], [ 121.139650258767489, 24.011606896969912, 1005.0 ], [ 121.139669958767485, 24.011615906969912, 1005.0 ], [ 121.139679858767479, 24.011624926969912, 1005.0 ], [ 121.13968965876748, 24.011633946969912, 1005.0 ], [ 121.13968965876748, 24.011642976969913, 1005.0 ], [ 121.139699558767475, 24.011661026969911, 1005.0 ], [ 121.139709358767476, 24.011679076969912, 1005.0 ], [ 121.139709358767476, 24.011679076969912, 1005.0 ], [ 121.139709458767484, 24.011733256969912, 1005.0 ], [ 121.139709458767484, 24.011751306969913, 1005.0 ], [ 121.139719258767485, 24.011769356969911, 1005.0 ], [ 121.139719258767485, 24.011787416969913, 1005.0 ], [ 121.13972915876748, 24.011805466969911, 1005.0 ], [ 121.13972915876748, 24.011823526969913, 1005.0 ], [ 121.139729258767488, 24.01192285696991, 1005.0 ], [ 121.139729258767488, 24.011931886969911, 1005.0 ], [ 121.139729358767482, 24.01194994696991, 1005.0 ], [ 121.139719458767487, 24.011968006969912, 1005.0 ], [ 121.139709658767487, 24.011986076969912, 1005.0 ], [ 121.139709758767481, 24.01200413696991, 1005.0 ], [ 121.139709758767481, 24.012013166969911, 1005.0 ], [ 121.139709758767481, 24.012022196969912, 1005.0 ], [ 121.139709758767481, 24.012040256969911, 1005.0 ], [ 121.139709758767481, 24.012058316969913, 1005.0 ], [ 121.13969995876748, 24.012076386969913, 1005.0 ], [ 121.139690158767479, 24.012094446969911, 1005.0 ], [ 121.139690158767479, 24.01211250696991, 1005.0 ], [ 121.139690158767479, 24.012121536969911, 1005.0 ], [ 121.139690158767479, 24.012130566969912, 1005.0 ], [ 121.139690258767487, 24.01214862696991, 1005.0 ], [ 121.139680358767478, 24.01216669696991, 1005.0 ], [ 121.139670558767477, 24.012184766969913, 1005.0 ], [ 121.139670558767477, 24.01219379696991, 1005.0 ], [ 121.139670658767486, 24.012202826969911, 1005.0 ], [ 121.139660758767477, 24.012220896969911, 1005.0 ], [ 121.139650958767476, 24.012238956969913, 1005.0 ], [ 121.139651058767484, 24.012257016969912, 1005.0 ], [ 121.139651058767484, 24.01227507696991, 1005.0 ], [ 121.139651058767484, 24.01227507696991, 1005.0 ], [ 121.139651058767484, 24.012293136969912, 1005.0 ], [ 121.139651058767484, 24.012311196969911, 1005.0 ], [ 121.139641258767483, 24.01232926696991, 1005.0 ], [ 121.139631458767482, 24.01234733696991, 1005.0 ], [ 121.139631458767482, 24.012365386969911, 1005.0 ], [ 121.139631458767482, 24.01238344696991, 1005.0 ], [ 121.139631458767482, 24.012401506969912, 1005.0 ], [ 121.139631458767482, 24.012401506969912, 1005.0 ], [ 121.139631558767476, 24.012419566969911, 1005.0 ], [ 121.139621758767476, 24.01243763696991, 1005.0 ], [ 121.139611858767481, 24.012455706969913, 1005.0 ], [ 121.139611958767489, 24.012473766969912, 1005.0 ], [ 121.139611958767489, 24.012482796969913, 1005.0 ], [ 121.139611958767489, 24.01249182696991, 1005.0 ], [ 121.139611958767489, 24.012509886969912, 1005.0 ], [ 121.139611958767489, 24.01252793696991, 1005.0 ], [ 121.139611958767489, 24.012536966969911, 1005.0 ], [ 121.139612058767483, 24.01255502696991, 1005.0 ], [ 121.139612058767483, 24.012564056969911, 1005.0 ], [ 121.139602258767482, 24.01258212696991, 1005.0 ], [ 121.139592358767487, 24.01260019696991, 1005.0 ], [ 121.139592458767481, 24.012618256969912, 1005.0 ], [ 121.139592458767481, 24.01263631696991, 1005.0 ], [ 121.139592458767481, 24.01263631696991, 1005.0 ], [ 121.139592458767481, 24.012654376969913, 1005.0 ], [ 121.13958265876748, 24.012672436969911, 1005.0 ], [ 121.13957285876748, 24.012690506969911, 1005.0 ], [ 121.13957285876748, 24.012708566969913, 1005.0 ], [ 121.13957285876748, 24.012708566969913, 1005.0 ], [ 121.13957285876748, 24.012726626969911, 1005.0 ], [ 121.139553258767478, 24.012744706969912, 1005.0 ], [ 121.139553258767478, 24.012744706969912, 1005.0 ], [ 121.139533558767482, 24.012762776969911, 1005.0 ], [ 121.139533558767482, 24.012762776969911, 1005.0 ], [ 121.139513958767481, 24.01277182696991, 1005.0 ], [ 121.139494258767485, 24.012780876969913, 1005.0 ], [ 121.139474658767483, 24.012780896969911, 1005.0 ], [ 121.139464858767482, 24.012780906969912, 1005.0 ], [ 121.139454958767487, 24.012780906969912, 1005.0 ], [ 121.139435358767486, 24.012789956969911, 1005.0 ], [ 121.139425558767485, 24.012798996969913, 1005.0 ], [ 121.139415658767476, 24.012808036969911, 1005.0 ], [ 121.139415658767476, 24.012817066969912, 1005.0 ], [ 121.139415758767484, 24.012835126969911, 1005.0 ], [ 121.139405958767483, 24.01285319696991, 1005.0 ], [ 121.139415758767484, 24.012871246969912, 1005.0 ], [ 121.139415758767484, 24.01288930696991, 1005.0 ], [ 121.139415758767484, 24.012907356969912, 1005.0 ], [ 121.139415758767484, 24.012916386969913, 1005.0 ], [ 121.139415858767478, 24.012979596969913, 1005.0 ], [ 121.139415858767478, 24.012979596969913, 1005.0 ], [ 121.139415858767478, 24.012997656969912, 1005.0 ], [ 121.139406058767477, 24.013015726969911, 1005.0 ], [ 121.139406058767477, 24.01303378696991, 1005.0 ], [ 121.139415958767486, 24.013051836969911, 1005.0 ], [ 121.139415958767486, 24.013060866969912, 1005.0 ], [ 121.139425758767487, 24.013069886969912, 1005.0 ], [ 121.139425858767481, 24.013087946969911, 1005.0 ], [ 121.139435658767482, 24.013096966969911, 1005.0 ], [ 121.139445458767483, 24.013105986969911, 1005.0 ], [ 121.139455358767478, 24.013124036969913, 1005.0 ], [ 121.139455358767478, 24.01313306696991, 1005.0 ], [ 121.139465158767479, 24.013142086969911, 1005.0 ], [ 121.139475058767488, 24.01314207696991, 1005.0 ], [ 121.139494758767484, 24.01316011696991, 1005.0 ], [ 121.139504558767484, 24.013160106969913, 1005.0 ], [ 121.139514358767485, 24.01316912696991, 1005.0 ], [ 121.139534058767481, 24.013178136969913, 1005.0 ], [ 121.139534058767481, 24.013178136969913, 1005.0 ], [ 121.139553758767477, 24.01319617696991, 1005.0 ], [ 121.139563558767478, 24.013196166969912, 1005.0 ], [ 121.139573358767478, 24.01320519696991, 1005.0 ], [ 121.139583258767487, 24.01321421696991, 1005.0 ], [ 121.139593058767488, 24.013214206969913, 1005.0 ], [ 121.139612758767484, 24.01323224696991, 1005.0 ], [ 121.139612758767484, 24.01323224696991, 1005.0 ], [ 121.13963245876748, 24.01325028696991, 1005.0 ], [ 121.13963245876748, 24.01325028696991, 1005.0 ], [ 121.139652058767481, 24.01325929696991, 1005.0 ], [ 121.139671758767477, 24.013259276969912, 1005.0 ], [ 121.139691458767487, 24.013268286969911, 1005.0 ], [ 121.139691458767487, 24.013268286969911, 1005.0 ], [ 121.139711058767489, 24.013277306969911, 1005.0 ], [ 121.139730758767485, 24.01327728696991, 1005.0 ], [ 121.13975045876748, 24.013286296969913, 1005.0 ], [ 121.13975045876748, 24.013286296969913, 1005.0 ], [ 121.139770058767482, 24.013295306969912, 1005.0 ], [ 121.139789758767478, 24.01329528696991, 1005.0 ], [ 121.139809458767488, 24.01330429696991, 1005.0 ], [ 121.139809458767488, 24.01330429696991, 1005.0 ], [ 121.139829058767475, 24.01331331696991, 1005.0 ], [ 121.139848758767485, 24.013322326969913, 1005.0 ], [ 121.139848758767485, 24.013322326969913, 1005.0 ], [ 121.139868458767481, 24.013331336969912, 1005.0 ], [ 121.139888058767482, 24.013340346969912, 1005.0 ], [ 121.139897958767477, 24.013340336969911, 1005.0 ], [ 121.139907758767478, 24.01334032696991, 1005.0 ], [ 121.139927458767488, 24.013349336969913, 1005.0 ], [ 121.139947058767476, 24.01335835696991, 1005.0 ], [ 121.139947058767476, 24.01335835696991, 1005.0 ], [ 121.139966758767486, 24.013367366969913, 1005.0 ], [ 121.139986458767481, 24.013376376969912, 1005.0 ], [ 121.139986458767481, 24.013376376969912, 1005.0 ], [ 121.140006158767477, 24.013394416969913, 1005.0 ], [ 121.140006158767477, 24.013394416969913, 1005.0 ], [ 121.140025758767479, 24.01341245696991, 1005.0 ], [ 121.140025758767479, 24.01341245696991, 1005.0 ], [ 121.140045458767489, 24.01343049696991, 1005.0 ], [ 121.140045458767489, 24.01343049696991, 1005.0 ], [ 121.140065158767484, 24.013439506969913, 1005.0 ], [ 121.140074958767485, 24.01344852696991, 1005.0 ], [ 121.14008485876748, 24.01344852696991, 1005.0 ], [ 121.140104458767482, 24.013457536969913, 1005.0 ], [ 121.140124158767478, 24.013457516969911, 1005.0 ], [ 121.140143858767487, 24.013466526969911, 1005.0 ], [ 121.140143858767487, 24.013466526969911, 1005.0 ], [ 121.140163458767489, 24.01347553696991, 1005.0 ], [ 121.140183158767485, 24.013484546969913, 1005.0 ], [ 121.140183158767485, 24.013484546969913, 1005.0 ], [ 121.140202858767481, 24.01350258696991, 1005.0 ], [ 121.140202858767481, 24.01350258696991, 1005.0 ], [ 121.140222458767482, 24.013520636969911, 1005.0 ], [ 121.140222458767482, 24.013520636969911, 1005.0 ], [ 121.140242158767478, 24.013529646969911, 1005.0 ], [ 121.140252058767487, 24.013538666969911, 1005.0 ], [ 121.140261858767488, 24.013547686969911, 1005.0 ], [ 121.140281558767484, 24.013547666969913, 1005.0 ], [ 121.140291358767485, 24.01355668696991, 1005.0 ], [ 121.140301158767485, 24.01356570696991, 1005.0 ], [ 121.140320858767481, 24.013574716969913, 1005.0 ], [ 121.140330658767482, 24.013574706969912, 1005.0 ], [ 121.140340558767477, 24.013583726969912, 1005.0 ], [ 121.140360158767479, 24.013583716969912, 1005.0 ], [ 121.140370058767488, 24.013592736969912, 1005.0 ], [ 121.140379858767488, 24.013592726969911, 1005.0 ], [ 121.140399558767484, 24.01360173696991, 1005.0 ], [ 121.140419158767486, 24.01361074696991, 1005.0 ], [ 121.140419158767486, 24.01361074696991, 1005.0 ], [ 121.140438858767482, 24.01362878696991, 1005.0 ], [ 121.140438858767482, 24.01362878696991, 1005.0 ], [ 121.140448758767477, 24.013646836969912, 1005.0 ], [ 121.140458558767477, 24.013655856969912, 1005.0 ], [ 121.140468458767486, 24.013664876969912, 1005.0 ], [ 121.140478258767487, 24.013673896969912, 1005.0 ], [ 121.140488058767488, 24.013682916969913, 1005.0 ], [ 121.140497958767483, 24.013691936969913, 1005.0 ], [ 121.140517558767485, 24.013700956969913, 1005.0 ], [ 121.140517558767485, 24.013700956969913, 1005.0 ], [ 121.14053725876748, 24.01371899696991, 1005.0 ], [ 121.14053725876748, 24.01371899696991, 1005.0 ], [ 121.140547158767475, 24.013737046969911, 1005.0 ], [ 121.140556958767476, 24.013755096969913, 1005.0 ], [ 121.140556958767476, 24.01376412696991, 1005.0 ], [ 121.140566858767485, 24.01377314696991, 1005.0 ], [ 121.140576658767486, 24.013791196969912, 1005.0 ], [ 121.140576658767486, 24.013791196969912, 1005.0 ], [ 121.140596358767482, 24.013809236969912, 1005.0 ], [ 121.140596358767482, 24.013809236969912, 1005.0 ], [ 121.140616058767478, 24.013818246969912, 1005.0 ], [ 121.140635658767479, 24.013827256969911, 1005.0 ], [ 121.140635658767479, 24.013827256969911, 1005.0 ], [ 121.140655358767489, 24.013836266969911, 1005.0 ], [ 121.140675058767485, 24.013836246969912, 1005.0 ], [ 121.140684858767486, 24.013845266969913, 1005.0 ], [ 121.140694658767487, 24.013854286969913, 1005.0 ], [ 121.140704558767482, 24.01386331696991, 1005.0 ], [ 121.140714358767482, 24.01386330696991, 1005.0 ], [ 121.140734058767478, 24.01388134696991, 1005.0 ], [ 121.140734058767478, 24.01388134696991, 1005.0 ], [ 121.140753758767488, 24.013890356969913, 1005.0 ], [ 121.140763558767489, 24.01389937696991, 1005.0 ], [ 121.140773358767476, 24.01390839696991, 1005.0 ], [ 121.140783258767485, 24.01391741696991, 1005.0 ], [ 121.140793058767485, 24.013917406969913, 1005.0 ], [ 121.140812758767481, 24.01393544696991, 1005.0 ], [ 121.140812758767481, 24.01393544696991, 1005.0 ], [ 121.140822558767482, 24.013953496969911, 1005.0 ], [ 121.140832458767477, 24.013962516969912, 1005.0 ], [ 121.140842258767478, 24.013971536969912, 1005.0 ], [ 121.140852158767487, 24.01398958696991, 1005.0 ], [ 121.140852158767487, 24.01398958696991, 1005.0 ], [ 121.140861958767488, 24.014007636969911, 1005.0 ], [ 121.140871858767483, 24.014025686969912, 1005.0 ], [ 121.140871858767483, 24.01403471696991, 1005.0 ], [ 121.140881658767483, 24.01404373696991, 1005.0 ], [ 121.140891558767478, 24.014061786969911, 1005.0 ], [ 121.140891558767478, 24.014070816969912, 1005.0 ], [ 121.140891558767478, 24.01407984696991, 1005.0 ], [ 121.140901358767479, 24.014097896969911, 1005.0 ], [ 121.140911258767488, 24.014106916969912, 1005.0 ], [ 121.140921058767489, 24.014115936969912, 1005.0 ], [ 121.140930958767484, 24.014133986969913, 1005.0 ], [ 121.140930958767484, 24.014143016969911, 1005.0 ], [ 121.140930958767484, 24.014152046969912, 1005.0 ], [ 121.140940758767485, 24.014170096969913, 1005.0 ], [ 121.14095065876748, 24.014188146969911, 1005.0 ], [ 121.14095065876748, 24.014206206969913, 1005.0 ], [ 121.14095065876748, 24.014206206969913, 1005.0 ], [ 121.14095065876748, 24.014224266969912, 1005.0 ], [ 121.140960558767489, 24.014242316969913, 1005.0 ], [ 121.140960558767489, 24.014260376969911, 1005.0 ], [ 121.140970358767476, 24.014278426969913, 1005.0 ], [ 121.140970458767484, 24.01428745696991, 1005.0 ], [ 121.140970458767484, 24.014332606969912, 1005.0 ], [ 121.140980358767479, 24.01435065696991, 1005.0 ], [ 121.14099015876748, 24.014368706969911, 1005.0 ], [ 121.14099015876748, 24.014377736969912, 1005.0 ], [ 121.14099015876748, 24.01438676696991, 1005.0 ], [ 121.14099015876748, 24.014404816969911, 1005.0 ], [ 121.141000058767489, 24.014422866969912, 1005.0 ], [ 121.141009858767475, 24.01444091696991, 1005.0 ], [ 121.141009958767484, 24.014458976969912, 1005.0 ], [ 121.141009958767484, 24.014495096969913, 1005.0 ], [ 121.141009958767484, 24.014513156969912, 1005.0 ], [ 121.141009958767484, 24.01453121696991, 1005.0 ], [ 121.141019858767478, 24.014549266969912, 1005.0 ], [ 121.141010058767478, 24.014567336969911, 1005.0 ], [ 121.141010058767478, 24.01458539696991, 1005.0 ], [ 121.141010058767478, 24.014594426969911, 1005.0 ], [ 121.141010058767478, 24.014603456969912, 1005.0 ], [ 121.141000258767477, 24.01462151696991, 1005.0 ], [ 121.140990458767476, 24.01463958696991, 1005.0 ], [ 121.140990458767476, 24.01463958696991, 1005.0 ], [ 121.140980658767475, 24.014657656969913, 1005.0 ], [ 121.140980658767475, 24.014675716969911, 1005.0 ], [ 121.140990558767484, 24.014693766969913, 1005.0 ], [ 121.140990558767484, 24.01470279696991, 1005.0 ], [ 121.140990558767484, 24.014711826969911, 1005.0 ], [ 121.141000358767485, 24.014729876969913, 1005.0 ], [ 121.14101025876748, 24.01474792696991, 1005.0 ], [ 121.14101025876748, 24.014756956969912, 1005.0 ], [ 121.14101025876748, 24.014765986969913, 1005.0 ], [ 121.14101025876748, 24.014784046969911, 1005.0 ], [ 121.14101025876748, 24.01480210696991, 1005.0 ], [ 121.14101025876748, 24.014811136969911, 1005.0 ], [ 121.141010358767488, 24.014820156969911, 1005.0 ], [ 121.141000458767479, 24.014838226969911, 1005.0 ], [ 121.140990658767478, 24.014847266969912, 1005.0 ], [ 121.140980858767477, 24.014856306969911, 1005.0 ], [ 121.140971058767477, 24.01487437696991, 1005.0 ], [ 121.140971058767477, 24.01487437696991, 1005.0 ], [ 121.140971058767477, 24.014892436969912, 1005.0 ], [ 121.140971058767477, 24.014910496969911, 1005.0 ], [ 121.140971158767485, 24.014928556969913, 1005.0 ], [ 121.140971158767485, 24.014946606969911, 1005.0 ], [ 121.140971158767485, 24.014946606969911, 1005.0 ], [ 121.140980958767486, 24.014964656969912, 1005.0 ], [ 121.140990858767481, 24.01497368696991, 1005.0 ], [ 121.141000658767481, 24.01498270696991, 1005.0 ], [ 121.141010558767476, 24.015000756969911, 1005.0 ], [ 121.141010558767476, 24.015000756969911, 1005.0 ], [ 121.141020358767477, 24.015018806969913, 1005.0 ], [ 121.141030158767478, 24.015027826969913, 1005.0 ], [ 121.141030258767486, 24.01503685696991, 1005.0 ], [ 121.141049858767488, 24.015054896969911, 1005.0 ], [ 121.141049858767488, 24.015054896969911, 1005.0 ], [ 121.141059758767483, 24.015072946969912, 1005.0 ], [ 121.141069558767484, 24.01509099696991, 1005.0 ], [ 121.141069558767484, 24.01509099696991, 1005.0 ], [ 121.141079458767479, 24.015109046969911, 1005.0 ], [ 121.141089258767479, 24.015127096969913, 1005.0 ], [ 121.141089358767488, 24.015145156969911, 1005.0 ], [ 121.141089358767488, 24.015163206969913, 1005.0 ], [ 121.141089358767488, 24.015163206969913, 1005.0 ], [ 121.141089358767488, 24.015181266969911, 1005.0 ], [ 121.141089358767488, 24.01519932696991, 1005.0 ], [ 121.141089358767488, 24.015217386969912, 1005.0 ], [ 121.141089458767482, 24.015235446969911, 1005.0 ], [ 121.141089458767482, 24.015253506969913, 1005.0 ], [ 121.141089458767482, 24.015271566969911, 1005.0 ], [ 121.141099258767483, 24.015289616969913, 1005.0 ], [ 121.141109158767478, 24.01530766696991, 1005.0 ], [ 121.141109158767478, 24.015316696969911, 1005.0 ], [ 121.141118958767478, 24.015325716969912, 1005.0 ], [ 121.141128858767487, 24.015343766969913, 1005.0 ], [ 121.141128858767487, 24.015343766969913, 1005.0 ], [ 121.141148558767483, 24.015352776969912, 1005.0 ], [ 121.141168158767485, 24.015352756969911, 1005.0 ], [ 121.141187858767481, 24.015352736969913, 1005.0 ], [ 121.141207458767482, 24.015352726969912, 1005.0 ], [ 121.141227158767478, 24.01535270696991, 1005.0 ], [ 121.141246858767488, 24.015352686969912, 1005.0 ], [ 121.141266458767475, 24.015361696969912, 1005.0 ], [ 121.141286158767485, 24.01536167696991, 1005.0 ], [ 121.141305758767487, 24.015361656969912, 1005.0 ], [ 121.141315658767482, 24.015361656969912, 1005.0 ], [ 121.141325458767483, 24.015361646969911, 1005.0 ], [ 121.141345158767479, 24.015379686969911, 1005.0 ], [ 121.141345158767479, 24.015379686969911, 1005.0 ], [ 121.141364858767488, 24.015397726969912, 1005.0 ], [ 121.141364858767488, 24.015415786969911, 1005.0 ], [ 121.141364858767488, 24.015415786969911, 1005.0 ], [ 121.141364858767488, 24.015433846969913, 1005.0 ], [ 121.141364858767488, 24.015451906969911, 1005.0 ], [ 121.141364858767488, 24.015460926969912, 1005.0 ], [ 121.141364858767488, 24.015469956969913, 1005.0 ], [ 121.141355058767488, 24.015488026969912, 1005.0 ], [ 121.141345258767487, 24.01549706696991, 1005.0 ], [ 121.141345258767487, 24.015506096969911, 1005.0 ], [ 121.141335458767486, 24.015524166969911, 1005.0 ], [ 121.141325658767485, 24.01554223696991, 1005.0 ], [ 121.141325658767485, 24.015578356969911, 1005.0 ], [ 121.141325758767479, 24.015596406969912, 1005.0 ], [ 121.14133555876748, 24.01561445696991, 1005.0 ], [ 121.141345458767489, 24.015632506969911, 1005.0 ], [ 121.141345458767489, 24.015632506969911, 1005.0 ], [ 121.141365058767477, 24.015650556969913, 1005.0 ], [ 121.141365058767477, 24.015650556969913, 1005.0 ], [ 121.141384758767487, 24.015659566969912, 1005.0 ], [ 121.141394658767481, 24.015668586969912, 1005.0 ], [ 121.141404458767482, 24.015677606969913, 1005.0 ], [ 121.141424158767478, 24.015686616969912, 1005.0 ], [ 121.141424158767478, 24.01569564696991, 1005.0 ], [ 121.141433958767479, 24.01570466696991, 1005.0 ], [ 121.141443858767488, 24.015722716969911, 1005.0 ], [ 121.141443858767488, 24.01574077696991, 1005.0 ], [ 121.141443858767488, 24.01574077696991, 1005.0 ], [ 121.141443858767488, 24.015758836969912, 1005.0 ], [ 121.141453758767483, 24.01577688696991, 1005.0 ], [ 121.141453758767483, 24.015794946969912, 1005.0 ], [ 121.141453758767483, 24.01581299696991, 1005.0 ], [ 121.141453758767483, 24.015831056969912, 1005.0 ], [ 121.141463658767478, 24.01584910696991, 1005.0 ], [ 121.141463658767478, 24.015858136969911, 1005.0 ], [ 121.141463658767478, 24.015867166969912, 1005.0 ], [ 121.141473458767479, 24.015885216969913, 1005.0 ], [ 121.141483358767488, 24.015903266969911, 1005.0 ], [ 121.141483358767488, 24.015921326969913, 1005.0 ], [ 121.141483358767488, 24.015921326969913, 1005.0 ], [ 121.141483358767488, 24.015939386969912, 1005.0 ], [ 121.141493258767483, 24.015957436969913, 1005.0 ], [ 121.141493258767483, 24.015975496969912, 1005.0 ], [ 121.141483458767482, 24.015993566969911, 1005.0 ], [ 121.141483458767482, 24.016011626969913, 1005.0 ], [ 121.141483458767482, 24.016011626969913, 1005.0 ], [ 121.141483458767482, 24.016029686969912, 1005.0 ], [ 121.141473658767481, 24.01604774696991, 1005.0 ], [ 121.141473658767481, 24.016065806969912, 1005.0 ], [ 121.14146385876748, 24.016083876969912, 1005.0 ], [ 121.14146385876748, 24.016083876969912, 1005.0 ], [ 121.14146385876748, 24.01610193696991, 1005.0 ], [ 121.141463958767488, 24.016119996969913, 1005.0 ], [ 121.141463958767488, 24.016138056969911, 1005.0 ], [ 121.141463958767488, 24.01615611696991, 1005.0 ], [ 121.141463958767488, 24.016174176969912, 1005.0 ], [ 121.141463958767488, 24.016192236969911, 1005.0 ], [ 121.141464058767482, 24.016210296969913, 1005.0 ], [ 121.141464058767482, 24.01622834696991, 1005.0 ], [ 121.141464058767482, 24.016246406969913, 1005.0 ], [ 121.141464058767482, 24.016264466969911, 1005.0 ], [ 121.141464058767482, 24.01628252696991, 1005.0 ], [ 121.141464058767482, 24.01628252696991, 1005.0 ], [ 121.141473958767477, 24.016300576969911, 1005.0 ], [ 121.141483758767478, 24.016318626969912, 1005.0 ], [ 121.141483758767478, 24.016318626969912, 1005.0 ], [ 121.141503458767488, 24.016336666969913, 1005.0 ], [ 121.141503458767488, 24.016336666969913, 1005.0 ], [ 121.141523158767484, 24.01635470696991, 1005.0 ], [ 121.141523158767484, 24.01635470696991, 1005.0 ], [ 121.141532958767485, 24.016372756969911, 1005.0 ], [ 121.14154285876748, 24.016390806969913, 1005.0 ], [ 121.14154285876748, 24.01639983696991, 1005.0 ], [ 121.14154285876748, 24.016408866969911, 1005.0 ], [ 121.14154285876748, 24.01642692696991, 1005.0 ], [ 121.14154285876748, 24.016435956969911, 1005.0 ], [ 121.141542958767488, 24.016444986969912, 1005.0 ], [ 121.141533058767479, 24.016463056969911, 1005.0 ], [ 121.141523258767478, 24.016481126969911, 1005.0 ], [ 121.141523258767478, 24.016481126969911, 1005.0 ], [ 121.141503658767476, 24.01649919696991, 1005.0 ], [ 121.141503658767476, 24.016508226969911, 1005.0 ], [ 121.141493858767475, 24.01651726696991, 1005.0 ], [ 121.141484058767489, 24.016535336969913, 1005.0 ], [ 121.141484058767489, 24.016535336969913, 1005.0 ], [ 121.141464358767479, 24.016544386969912, 1005.0 ], [ 121.141454558767478, 24.01655342696991, 1005.0 ], [ 121.141444758767477, 24.016562456969911, 1005.0 ], [ 121.141425058767481, 24.01657150696991, 1005.0 ], [ 121.141425058767481, 24.01657150696991, 1005.0 ], [ 121.14140545876748, 24.016580556969913, 1005.0 ], [ 121.141395658767479, 24.016589596969911, 1005.0 ], [ 121.141385758767484, 24.01659863696991, 1005.0 ], [ 121.141375958767483, 24.016607676969912, 1005.0 ], [ 121.141366158767482, 24.016616706969913, 1005.0 ], [ 121.141366158767482, 24.01662573696991, 1005.0 ], [ 121.141366158767482, 24.016643796969912, 1005.0 ], [ 121.141366258767476, 24.016661856969911, 1005.0 ], [ 121.141366258767476, 24.01667991696991, 1005.0 ], [ 121.141366258767476, 24.016697976969912, 1005.0 ], [ 121.141356458767476, 24.016716046969911, 1005.0 ], [ 121.141356458767476, 24.01673410696991, 1005.0 ], [ 121.141356458767476, 24.016752166969912, 1005.0 ], [ 121.141356458767476, 24.016770226969911, 1005.0 ], [ 121.141356558767484, 24.016788286969913, 1005.0 ], [ 121.141356558767484, 24.016806336969911, 1005.0 ], [ 121.141366358767485, 24.016824386969912, 1005.0 ], [ 121.141366358767485, 24.016833416969913, 1005.0 ], [ 121.14137625876748, 24.01684243696991, 1005.0 ], [ 121.14137625876748, 24.016860496969912, 1005.0 ], [ 121.14138605876748, 24.016869516969912, 1005.0 ], [ 121.141386158767489, 24.016878546969913, 1005.0 ], [ 121.141405758767476, 24.01689658696991, 1005.0 ], [ 121.141405758767476, 24.01689658696991, 1005.0 ], [ 121.141415658767485, 24.016914636969911, 1005.0 ], [ 121.141425458767486, 24.016923656969912, 1005.0 ], [ 121.141425458767486, 24.016932686969913, 1005.0 ], [ 121.141435358767481, 24.01695073696991, 1005.0 ], [ 121.141445158767482, 24.016959756969911, 1005.0 ], [ 121.141445158767482, 24.016968786969912, 1005.0 ], [ 121.141455058767477, 24.016986836969913, 1005.0 ], [ 121.141464858767478, 24.017004886969911, 1005.0 ], [ 121.141464858767478, 24.017013916969912, 1005.0 ], [ 121.141464958767486, 24.017022946969913, 1005.0 ], [ 121.141474758767487, 24.017040996969911, 1005.0 ], [ 121.141484558767488, 24.017059046969912, 1005.0 ], [ 121.141484658767482, 24.017077106969911, 1005.0 ], [ 121.141484658767482, 24.017077106969911, 1005.0 ], [ 121.141494458767482, 24.017095156969912, 1005.0 ], [ 121.141494458767482, 24.017113216969911, 1005.0 ], [ 121.141494558767477, 24.017131276969913, 1005.0 ], [ 121.141504358767477, 24.017149326969911, 1005.0 ], [ 121.141504358767477, 24.017167386969913, 1005.0 ], [ 121.141504358767477, 24.01717641696991, 1005.0 ], [ 121.141504358767477, 24.017185446969911, 1005.0 ], [ 121.141514258767486, 24.017203496969913, 1005.0 ], [ 121.141514258767486, 24.017221556969911, 1005.0 ], [ 121.141514258767486, 24.01723961696991, 1005.0 ], [ 121.141514358767481, 24.017257676969912, 1005.0 ], [ 121.141514358767481, 24.01727572696991, 1005.0 ], [ 121.141514358767481, 24.017293786969912, 1005.0 ], [ 121.14150455876748, 24.017311856969911, 1005.0 ], [ 121.14150455876748, 24.017320886969912, 1005.0 ], [ 121.14150455876748, 24.01732991696991, 1005.0 ], [ 121.14150455876748, 24.017347976969912, 1005.0 ], [ 121.14150455876748, 24.017366036969911, 1005.0 ], [ 121.141494758767479, 24.01738410696991, 1005.0 ], [ 121.141494858767487, 24.017402166969912, 1005.0 ], [ 121.141494858767487, 24.01742021696991, 1005.0 ], [ 121.141494858767487, 24.017438276969912, 1005.0 ], [ 121.141494858767487, 24.017456336969911, 1005.0 ], [ 121.141494858767487, 24.017474396969913, 1005.0 ], [ 121.141494958767481, 24.017492456969912, 1005.0 ], [ 121.141494958767481, 24.01751051696991, 1005.0 ], [ 121.141494958767481, 24.017528576969912, 1005.0 ], [ 121.141494958767481, 24.017546636969911, 1005.0 ], [ 121.141494958767481, 24.017564696969913, 1005.0 ], [ 121.14148515876748, 24.017573736969911, 1005.0 ], [ 121.14148515876748, 24.017582766969912, 1005.0 ], [ 121.14147535876748, 24.017600826969911, 1005.0 ], [ 121.141465558767479, 24.017609866969913, 1005.0 ], [ 121.141445858767483, 24.017618916969912, 1005.0 ], [ 121.141436058767482, 24.017618926969913, 1005.0 ], [ 121.141426258767481, 24.017627966969911, 1005.0 ], [ 121.141406558767486, 24.017627986969913, 1005.0 ], [ 121.141396758767485, 24.01763701696991, 1005.0 ], [ 121.141386958767484, 24.017637026969911, 1005.0 ], [ 121.141367258767488, 24.01764607696991, 1005.0 ], [ 121.141347658767486, 24.01765512696991, 1005.0 ], [ 121.141347658767486, 24.01765512696991, 1005.0 ], [ 121.141327958767477, 24.017664176969912, 1005.0 ], [ 121.141318158767476, 24.017673216969911, 1005.0 ], [ 121.141308358767489, 24.017673216969911, 1005.0 ], [ 121.141288658767479, 24.017691296969911, 1005.0 ], [ 121.141288658767479, 24.017691296969911, 1005.0 ], [ 121.141269058767477, 24.01770034696991, 1005.0 ], [ 121.141259258767477, 24.017709386969912, 1005.0 ], [ 121.141249358767482, 24.01771842696991, 1005.0 ], [ 121.14122975876748, 24.017727466969912, 1005.0 ], [ 121.14122975876748, 24.017727466969912, 1005.0 ], [ 121.141210158767478, 24.017745546969913, 1005.0 ], [ 121.141210158767478, 24.017745546969913, 1005.0 ], [ 121.141190458767483, 24.017763626969913, 1005.0 ], [ 121.141190458767483, 24.017763626969913, 1005.0 ], [ 121.141180658767482, 24.017781696969912, 1005.0 ], [ 121.141170858767481, 24.017790736969911, 1005.0 ], [ 121.14116105876748, 24.017799766969912, 1005.0 ], [ 121.141151158767485, 24.01780880696991, 1005.0 ], [ 121.141141358767484, 24.017817846969912, 1005.0 ], [ 121.141131558767484, 24.017835916969911, 1005.0 ], [ 121.141131558767484, 24.017835916969911, 1005.0 ], [ 121.141121758767483, 24.017853986969911, 1005.0 ], [ 121.141111958767482, 24.017863026969913, 1005.0 ], [ 121.141102158767481, 24.01787205696991, 1005.0 ], [ 121.14109235876748, 24.01789012696991, 1005.0 ], [ 121.14109235876748, 24.017899156969911, 1005.0 ], [ 121.141082458767485, 24.017908196969913, 1005.0 ], [ 121.141082558767479, 24.017926256969911, 1005.0 ], [ 121.141072658767484, 24.017935296969913, 1005.0 ], [ 121.141072758767478, 24.017944326969911, 1005.0 ], [ 121.141062858767484, 24.01796239696991, 1005.0 ], [ 121.141053058767483, 24.017980456969912, 1005.0 ], [ 121.141053058767483, 24.01798948696991, 1005.0 ], [ 121.141053158767477, 24.017998516969911, 1005.0 ], [ 121.141043258767482, 24.01801658696991, 1005.0 ], [ 121.141043358767476, 24.018034646969912, 1005.0 ], [ 121.141043358767476, 24.018052706969911, 1005.0 ], [ 121.141033558767475, 24.01807077696991, 1005.0 ], [ 121.141033558767475, 24.018079806969912, 1005.0 ], [ 121.141033558767475, 24.018088836969913, 1005.0 ], [ 121.141023758767489, 24.018106906969912, 1005.0 ], [ 121.141023758767489, 24.01812495696991, 1005.0 ], [ 121.141023758767489, 24.018143016969912, 1005.0 ], [ 121.141023758767489, 24.018161076969911, 1005.0 ], [ 121.141023858767483, 24.018179136969913, 1005.0 ], [ 121.141013958767488, 24.018197206969912, 1005.0 ], [ 121.141014058767482, 24.01820623696991, 1005.0 ], [ 121.141014058767482, 24.018215266969911, 1005.0 ], [ 121.141004258767481, 24.01823333696991, 1005.0 ], [ 121.141004258767481, 24.018251396969912, 1005.0 ], [ 121.141004258767481, 24.01826944696991, 1005.0 ], [ 121.141004258767481, 24.018287506969912, 1005.0 ], [ 121.141004258767481, 24.018305566969911, 1005.0 ], [ 121.14099445876748, 24.01832363696991, 1005.0 ], [ 121.14099445876748, 24.018332666969911, 1005.0 ], [ 121.14099445876748, 24.018341696969912, 1005.0 ], [ 121.140984658767479, 24.018359766969912, 1005.0 ], [ 121.140984758767488, 24.01837782696991, 1005.0 ], [ 121.140984758767488, 24.018395886969913, 1005.0 ], [ 121.140984758767488, 24.018413946969911, 1005.0 ], [ 121.140974958767487, 24.01843200696991, 1005.0 ], [ 121.140974958767487, 24.018441036969911, 1005.0 ], [ 121.140974958767487, 24.018450066969912, 1005.0 ], [ 121.140974958767487, 24.018468126969911, 1005.0 ], [ 121.140965158767486, 24.01848619696991, 1005.0 ], [ 121.140965158767486, 24.018504256969912, 1005.0 ], [ 121.140955358767485, 24.018522326969912, 1005.0 ], [ 121.140955358767485, 24.01854038696991, 1005.0 ], [ 121.140955458767479, 24.018558446969912, 1005.0 ], [ 121.140955458767479, 24.018567466969913, 1005.0 ], [ 121.140955458767479, 24.01857649696991, 1005.0 ], [ 121.140955458767479, 24.018594556969912, 1005.0 ], [ 121.140955458767479, 24.018612616969911, 1005.0 ], [ 121.140955458767479, 24.018612616969911, 1005.0 ], [ 121.140955458767479, 24.018630676969913, 1005.0 ], [ 121.140955558767487, 24.018648736969912, 1005.0 ], [ 121.140965358767488, 24.018666786969913, 1005.0 ], [ 121.140965358767488, 24.018684846969911, 1005.0 ], [ 121.140975258767483, 24.018702896969913, 1005.0 ], [ 121.140975258767483, 24.01871192696991, 1005.0 ], [ 121.140975258767483, 24.018720956969911, 1005.0 ], [ 121.140985158767478, 24.018739006969913, 1005.0 ], [ 121.140994958767479, 24.01875705696991, 1005.0 ], [ 121.140994958767479, 24.018766086969912, 1005.0 ], [ 121.141004858767488, 24.018775106969912, 1005.0 ], [ 121.141004858767488, 24.01879316696991, 1005.0 ], [ 121.141014658767489, 24.018802186969911, 1005.0 ], [ 121.141014658767489, 24.018811216969912, 1005.0 ], [ 121.141024558767484, 24.018829266969913, 1005.0 ], [ 121.141034358767484, 24.01883828696991, 1005.0 ], [ 121.141034358767484, 24.018847316969911, 1005.0 ], [ 121.141044258767479, 24.018865366969912, 1005.0 ], [ 121.14105405876748, 24.018874386969912, 1005.0 ], [ 121.14105405876748, 24.01888341696991, 1005.0 ], [ 121.141063958767475, 24.018901466969911, 1005.0 ], [ 121.141073758767476, 24.018910486969911, 1005.0 ], [ 121.141073758767476, 24.018919516969913, 1005.0 ], [ 121.141083658767485, 24.01893756696991, 1005.0 ], [ 121.141083658767485, 24.018955626969912, 1005.0 ], [ 121.141083658767485, 24.018973686969911, 1005.0 ], [ 121.141083658767485, 24.018991736969912, 1005.0 ], [ 121.141083658767485, 24.019009796969911, 1005.0 ], [ 121.141083758767479, 24.01902785696991, 1005.0 ], [ 121.141083758767479, 24.019045916969912, 1005.0 ], [ 121.141083758767479, 24.01906397696991, 1005.0 ], [ 121.141083758767479, 24.019082036969913, 1005.0 ], [ 121.141083758767479, 24.019100096969911, 1005.0 ], [ 121.141073958767478, 24.019118166969911, 1005.0 ], [ 121.141073958767478, 24.019118166969911, 1005.0 ], [ 121.141064158767477, 24.01913623696991, 1005.0 ], [ 121.141054358767477, 24.019154296969912, 1005.0 ], [ 121.141054358767477, 24.019154296969912, 1005.0 ], [ 121.141044558767476, 24.019172366969912, 1005.0 ], [ 121.141034758767489, 24.019190436969911, 1005.0 ], [ 121.141034758767489, 24.019190436969911, 1005.0 ], [ 121.141024958767488, 24.01920850696991, 1005.0 ], [ 121.141015158767487, 24.01922657696991, 1005.0 ], [ 121.141015158767487, 24.01922657696991, 1005.0 ], [ 121.141005358767487, 24.019244636969912, 1005.0 ], [ 121.140995558767486, 24.019262706969911, 1005.0 ], [ 121.140995558767486, 24.019271736969912, 1005.0 ], [ 121.140995558767486, 24.01928076696991, 1005.0 ], [ 121.140985758767485, 24.019298836969913, 1005.0 ], [ 121.140985758767485, 24.019316896969912, 1005.0 ], [ 121.140975958767484, 24.019334966969911, 1005.0 ], [ 121.140975958767484, 24.019343996969912, 1005.0 ], [ 121.140975958767484, 24.019353026969913, 1005.0 ], [ 121.140975958767484, 24.019371076969911, 1005.0 ], [ 121.140975958767484, 24.019389136969913, 1005.0 ], [ 121.140976058767478, 24.019407196969912, 1005.0 ], [ 121.140976058767478, 24.019407196969912, 1005.0 ], [ 121.140976058767478, 24.01942525696991, 1005.0 ], [ 121.140985858767479, 24.019443306969912, 1005.0 ], [ 121.140985858767479, 24.01946136696991, 1005.0 ], [ 121.140995758767488, 24.019479416969912, 1005.0 ], [ 121.140995758767488, 24.019479416969912, 1005.0 ], [ 121.141005558767489, 24.019497466969913, 1005.0 ], [ 121.141015458767484, 24.019515516969911, 1005.0 ], [ 121.141015458767484, 24.019515516969911, 1005.0 ], [ 121.141025258767485, 24.019533566969912, 1005.0 ], [ 121.14103515876748, 24.019542586969912, 1005.0 ], [ 121.14104495876748, 24.019551606969912, 1005.0 ], [ 121.141054858767475, 24.01956965696991, 1005.0 ], [ 121.141054858767475, 24.01956965696991, 1005.0 ], [ 121.141064658767476, 24.019587706969912, 1005.0 ], [ 121.141074558767485, 24.019605756969913, 1005.0 ], [ 121.141074558767485, 24.019605756969913, 1005.0 ], [ 121.141084358767486, 24.019623806969911, 1005.0 ], [ 121.141084358767486, 24.019641866969913, 1005.0 ], [ 121.14108445876748, 24.019659926969911, 1005.0 ], [ 121.14108445876748, 24.01967798696991, 1005.0 ], [ 121.14108445876748, 24.019696046969912, 1005.0 ], [ 121.14108445876748, 24.019714106969911, 1005.0 ], [ 121.141094358767475, 24.019732156969912, 1005.0 ], [ 121.141094358767475, 24.019732156969912, 1005.0 ], [ 121.141113958767477, 24.019741166969911, 1005.0 ], [ 121.141133658767487, 24.01974114696991, 1005.0 ], [ 121.141153358767482, 24.019741126969912, 1005.0 ], [ 121.141172958767484, 24.01974110696991, 1005.0 ], [ 121.14119265876748, 24.019741096969913, 1005.0 ], [ 121.141212258767482, 24.01973204696991, 1005.0 ], [ 121.141231958767477, 24.019732026969912, 1005.0 ], [ 121.141251658767487, 24.01973200696991, 1005.0 ], [ 121.141271258767489, 24.019731986969912, 1005.0 ], [ 121.141290958767485, 24.019731976969911, 1005.0 ], [ 121.141310558767486, 24.019740986969911, 1005.0 ], [ 121.141330258767482, 24.019740966969913, 1005.0 ], [ 121.141349958767478, 24.019740946969911, 1005.0 ], [ 121.141369558767479, 24.019740926969913, 1005.0 ], [ 121.141389258767475, 24.019749936969912, 1005.0 ], [ 121.141399058767476, 24.019749926969912, 1005.0 ], [ 121.141408958767485, 24.019749926969912, 1005.0 ], [ 121.141428558767487, 24.019758936969911, 1005.0 ], [ 121.141448258767483, 24.019758916969913, 1005.0 ], [ 121.141467958767478, 24.019758896969911, 1005.0 ], [ 121.14148755876748, 24.019767906969911, 1005.0 ], [ 121.141507258767476, 24.019767886969912, 1005.0 ], [ 121.141507258767476, 24.019767886969912, 1005.0 ], [ 121.141526958767486, 24.019776896969912, 1005.0 ], [ 121.141536758767487, 24.019785916969912, 1005.0 ], [ 121.141546558767487, 24.01979494696991, 1005.0 ], [ 121.141556458767482, 24.01980396696991, 1005.0 ], [ 121.141566258767483, 24.01981298696991, 1005.0 ], [ 121.141566258767483, 24.019822016969911, 1005.0 ], [ 121.141576158767478, 24.019840066969913, 1005.0 ], [ 121.141576158767478, 24.01985811696991, 1005.0 ], [ 121.141566358767477, 24.01987618696991, 1005.0 ], [ 121.141566358767477, 24.01987618696991, 1005.0 ], [ 121.141546658767481, 24.01989426696991, 1005.0 ], [ 121.141546658767481, 24.01989426696991, 1005.0 ], [ 121.14152705876748, 24.019903316969913, 1005.0 ], [ 121.141507358767484, 24.019903336969911, 1005.0 ], [ 121.141487758767482, 24.019903346969912, 1005.0 ], [ 121.141468058767487, 24.019894336969912, 1005.0 ], [ 121.141448358767477, 24.01989435696991, 1005.0 ], [ 121.141428758767489, 24.019894376969912, 1005.0 ], [ 121.141409058767479, 24.01989439696991, 1005.0 ], [ 121.141389458767478, 24.019903446969913, 1005.0 ], [ 121.141369758767482, 24.019912486969911, 1005.0 ], [ 121.141369758767482, 24.019912486969911, 1005.0 ], [ 121.14135015876748, 24.019930566969911, 1005.0 ], [ 121.14135015876748, 24.01994862696991, 1005.0 ], [ 121.14135015876748, 24.01994862696991, 1005.0 ], [ 121.14135015876748, 24.019966686969912, 1005.0 ], [ 121.14135015876748, 24.019966686969912, 1005.0 ], [ 121.14135015876748, 24.019984746969911, 1005.0 ], [ 121.141360058767489, 24.020002796969912, 1005.0 ], [ 121.141360058767489, 24.020020856969911, 1005.0 ], [ 121.141369858767476, 24.020029876969911, 1005.0 ], [ 121.141379758767485, 24.020038896969911, 1005.0 ], [ 121.141389558767486, 24.020047916969911, 1005.0 ], [ 121.141399458767481, 24.020056936969912, 1005.0 ], [ 121.141409258767482, 24.020065956969912, 1005.0 ], [ 121.141428958767477, 24.020074966969911, 1005.0 ], [ 121.141428958767477, 24.020074966969911, 1005.0 ], [ 121.141448558767479, 24.020083976969911, 1005.0 ], [ 121.141468258767489, 24.020083956969913, 1005.0 ], [ 121.141478058767476, 24.020092976969913, 1005.0 ], [ 121.141487958767485, 24.020092966969912, 1005.0 ], [ 121.14150765876748, 24.02011101696991, 1005.0 ], [ 121.14150765876748, 24.02011101696991, 1005.0 ], [ 121.141517458767481, 24.020129066969911, 1005.0 ], [ 121.141527258767482, 24.020138086969911, 1005.0 ], [ 121.141527358767476, 24.020147116969913, 1005.0 ], [ 121.141537158767477, 24.02016516696991, 1005.0 ], [ 121.141537158767477, 24.020183216969912, 1005.0 ], [ 121.141537158767477, 24.02020127696991, 1005.0 ], [ 121.141537258767485, 24.020219336969912, 1005.0 ], [ 121.141537258767485, 24.020237396969911, 1005.0 ], [ 121.141537258767485, 24.02025545696991, 1005.0 ], [ 121.141527458767484, 24.020273526969913, 1005.0 ], [ 121.141527458767484, 24.020291586969911, 1005.0 ], [ 121.141527458767484, 24.02030964696991, 1005.0 ], [ 121.141527558767478, 24.020327706969912, 1005.0 ], [ 121.141527558767478, 24.02034575696991, 1005.0 ], [ 121.141537358767479, 24.020363806969911, 1005.0 ], [ 121.141537358767479, 24.02038186696991, 1005.0 ], [ 121.141547258767488, 24.02039088696991, 1005.0 ], [ 121.141547258767488, 24.020399916969911, 1005.0 ], [ 121.141566958767484, 24.020417956969911, 1005.0 ], [ 121.141566958767484, 24.020426986969913, 1005.0 ], [ 121.141576758767485, 24.020436006969913, 1005.0 ], [ 121.14158665876748, 24.020445026969913, 1005.0 ], [ 121.141596458767481, 24.020454056969911, 1005.0 ], [ 121.141606258767482, 24.020463076969911, 1005.0 ], [ 121.141616158767476, 24.020472096969911, 1005.0 ], [ 121.141625958767477, 24.02047208696991, 1005.0 ], [ 121.141645658767487, 24.020490126969911, 1005.0 ], [ 121.141645658767487, 24.020490126969911, 1005.0 ], [ 121.141665358767483, 24.020508166969911, 1005.0 ], [ 121.141665358767483, 24.020508166969911, 1005.0 ], [ 121.141685058767479, 24.020526206969912, 1005.0 ], [ 121.141685058767479, 24.020526206969912, 1005.0 ], [ 121.14170465876748, 24.020535216969911, 1005.0 ], [ 121.141714558767475, 24.020544236969911, 1005.0 ], [ 121.141724358767476, 24.020553256969912, 1005.0 ], [ 121.141734258767485, 24.020562276969912, 1005.0 ], [ 121.141744058767486, 24.02058032696991, 1005.0 ], [ 121.141744058767486, 24.02058032696991, 1005.0 ], [ 121.141753958767481, 24.020598376969911, 1005.0 ], [ 121.141763758767482, 24.020616426969912, 1005.0 ], [ 121.141763758767482, 24.02062545696991, 1005.0 ], [ 121.141763758767482, 24.020634486969911, 1005.0 ], [ 121.141773658767477, 24.020652536969912, 1005.0 ], [ 121.141773658767477, 24.020670596969911, 1005.0 ], [ 121.141763858767476, 24.02068866696991, 1005.0 ], [ 121.141763858767476, 24.02068866696991, 1005.0 ], [ 121.141763858767476, 24.020706726969912, 1005.0 ], [ 121.141763858767476, 24.020724786969911, 1005.0 ], [ 121.141763858767476, 24.020742846969913, 1005.0 ], [ 121.141763958767484, 24.02075186696991, 1005.0 ], [ 121.141773758767485, 24.020760896969911, 1005.0 ], [ 121.141783558767486, 24.020778946969912, 1005.0 ], [ 121.141793458767481, 24.020778936969911, 1005.0 ], [ 121.141803258767482, 24.020778926969911, 1005.0 ], [ 121.141822958767477, 24.02078793696991, 1005.0 ], [ 121.141842558767479, 24.020787916969912, 1005.0 ], [ 121.141862258767489, 24.02078789696991, 1005.0 ], [ 121.141881958767485, 24.020787876969912, 1005.0 ], [ 121.141901558767486, 24.020787866969911, 1005.0 ], [ 121.141921258767482, 24.020796876969911, 1005.0 ], [ 121.141921258767482, 24.020796876969911, 1005.0 ], [ 121.141940958767478, 24.02080588696991, 1005.0 ], [ 121.141950758767479, 24.02081490696991, 1005.0 ], [ 121.141960558767479, 24.020823926969911, 1005.0 ], [ 121.141980258767475, 24.02083293696991, 1005.0 ], [ 121.141980258767475, 24.02083293696991, 1005.0 ], [ 121.141999958767485, 24.020850976969911, 1005.0 ], [ 121.141999958767485, 24.020860006969912, 1005.0 ], [ 121.142009758767486, 24.020869026969912, 1005.0 ], [ 121.14200985876748, 24.02088708696991, 1005.0 ], [ 121.14200985876748, 24.020905146969913, 1005.0 ], [ 121.142019658767481, 24.02092319696991, 1005.0 ], [ 121.142019758767489, 24.020941256969913, 1005.0 ], [ 121.142019758767489, 24.020959316969911, 1005.0 ], [ 121.142019758767489, 24.02097737696991, 1005.0 ], [ 121.142019758767489, 24.02097737696991, 1005.0 ], [ 121.142029558767476, 24.020995426969911, 1005.0 ], [ 121.142039458767485, 24.021004446969911, 1005.0 ], [ 121.142059058767487, 24.02100442696991, 1005.0 ], [ 121.142078758767482, 24.021004406969912, 1005.0 ], [ 121.142098458767478, 24.02100438696991, 1005.0 ], [ 121.14211805876748, 24.021004366969912, 1005.0 ], [ 121.142137758767475, 24.02100434696991, 1005.0 ], [ 121.142157358767477, 24.020995306969912, 1005.0 ], [ 121.142167258767486, 24.020995296969911, 1005.0 ], [ 121.142177058767487, 24.02099528696991, 1005.0 ], [ 121.142196658767489, 24.020986236969911, 1005.0 ], [ 121.142216358767485, 24.020986216969913, 1005.0 ], [ 121.14223605876748, 24.020995226969912, 1005.0 ], [ 121.142245858767481, 24.020995216969911, 1005.0 ], [ 121.142255658767482, 24.021004236969912, 1005.0 ], [ 121.142275358767478, 24.021013256969912, 1005.0 ], [ 121.142275358767478, 24.021013256969912, 1005.0 ], [ 121.142295058767488, 24.021031296969912, 1005.0 ], [ 121.142295058767488, 24.021031296969912, 1005.0 ], [ 121.142314758767483, 24.021049336969913, 1005.0 ], [ 121.142314758767483, 24.021049336969913, 1005.0 ], [ 121.142324558767484, 24.021067386969911, 1005.0 ], [ 121.142334458767479, 24.021085436969912, 1005.0 ], [ 121.142334458767479, 24.021085436969912, 1005.0 ], [ 121.14234425876748, 24.02110348696991, 1005.0 ], [ 121.142354158767489, 24.02111250696991, 1005.0 ], [ 121.142363958767476, 24.02112152696991, 1005.0 ], [ 121.142373758767476, 24.021121516969913, 1005.0 ], [ 121.142393458767486, 24.021130526969912, 1005.0 ], [ 121.142413158767482, 24.021139536969912, 1005.0 ], [ 121.142422958767483, 24.021139526969911, 1005.0 ], [ 121.142432758767484, 24.02113951696991, 1005.0 ], [ 121.14245245876748, 24.02114852696991, 1005.0 ], [ 121.142457558767475, 24.02115084696991, 1005.0 ], [ 121.142571958767476, 24.021146776969911, 1005.0 ], [ 121.142824958767477, 24.02117892696991, 1005.0 ], [ 121.143083758767489, 24.021135506969912, 1005.0 ], [ 121.143213058767486, 24.021027436969913, 1005.0 ], [ 121.143365758767487, 24.020806006969913, 1005.0 ], [ 121.143706658767485, 24.020498046969912, 1005.0 ], [ 121.143812558767479, 24.020497946969911, 1005.0 ], [ 121.144253558767488, 24.020324816969911, 1005.0 ], [ 121.144653558767487, 24.020275866969911, 1005.0 ], [ 121.144980858767482, 24.020263586969911, 1005.0 ], [ 121.145098558767486, 24.020295856969913, 1005.0 ], [ 121.145310458767483, 24.020328046969912, 1005.0 ], [ 121.145457458767481, 24.020300916969912, 1005.0 ], [ 121.145639758767487, 24.02020359696991, 1005.0 ], [ 121.145816258767482, 24.02020882696991, 1005.0 ], [ 121.145916258767485, 24.020241106969912, 1005.0 ], [ 121.146116258767478, 24.020257106969911, 1005.0 ], [ 121.146263258767476, 24.020192206969913, 1005.0 ], [ 121.146457158767475, 24.01998692696991, 1005.0 ], [ 121.146615958767484, 24.019878826969912, 1005.0 ], [ 121.146939358767483, 24.019802956969912, 1005.0 ], [ 121.147468758767488, 24.01972148696991, 1005.0 ], [ 121.148007258767478, 24.019693596969912, 1005.0 ], [ 121.148683658767482, 24.01962817696991, 1005.0 ], [ 121.148948458767478, 24.01964410696991, 1005.0 ], [ 121.149113158767477, 24.01968172696991, 1005.0 ], [ 121.149554458767483, 24.01970288696991, 1005.0 ], [ 121.149854458767479, 24.019729576969912, 1005.0 ], [ 121.150048658767489, 24.019740186969912, 1005.0 ], [ 121.150842658767488, 24.019572086969912, 1005.0 ], [ 121.151136658767484, 24.019490836969911, 1005.0 ], [ 121.151250958767477, 24.01933207696991, 1005.0 ], [ 121.15143905876748, 24.019186166969913, 1005.0 ], [ 121.151709558767479, 24.019061756969911, 1005.0 ], [ 121.151933058767483, 24.01903455696991, 1005.0 ], [ 121.152321158767478, 24.018937016969911, 1005.0 ], [ 121.152579858767481, 24.018791036969912, 1005.0 ], [ 121.152909358767488, 24.01880149696991, 1005.0 ], [ 121.153126958767487, 24.01878508696991, 1005.0 ], [ 121.153262158767475, 24.018687806969911, 1005.0 ], [ 121.153379658767477, 24.018509576969912, 1005.0 ], [ 121.153714758767478, 24.018363516969913, 1005.0 ], [ 121.154008858767483, 24.018352426969912, 1005.0 ], [ 121.154250058767488, 24.018335986969912, 1005.0 ], [ 121.15452235876748, 24.01850852696991, 1005.0 ], [ 121.154162458767487, 24.018738066969913, 1005.0 ], [ 121.153892758767483, 24.018768336969913, 1005.0 ], [ 121.153745158767478, 24.01871587696991, 1005.0 ], [ 121.153695958767486, 24.01867834696991, 1005.0 ], [ 121.153474858767481, 24.018693596969911, 1005.0 ], [ 121.153303058767477, 24.018874156969911, 1005.0 ], [ 121.153229358767476, 24.018979456969912, 1005.0 ], [ 121.153172058767481, 24.01897199696991, 1005.0 ], [ 121.152827858767481, 24.018882146969911, 1005.0 ], [ 121.152590458767477, 24.018987606969912, 1005.0 ], [ 121.152311958767484, 24.019093106969912, 1005.0 ], [ 121.151992558767489, 24.019153556969911, 1005.0 ], [ 121.151705958767479, 24.019259066969912, 1005.0 ], [ 121.151525958767479, 24.019454656969913, 1005.0 ], [ 121.151395158767485, 24.019642686969913, 1005.0 ], [ 121.151378858767487, 24.019732896969913, 1005.0 ], [ 121.151223258767487, 24.01983827696991, 1005.0 ], [ 121.151043158767479, 24.019898586969912, 1005.0 ], [ 121.150912058767489, 24.019868646969911, 1005.0 ], [ 121.150502558767485, 24.020026886969912, 1005.0 ], [ 121.150363458767487, 24.020102186969911, 1005.0 ], [ 121.150183158767476, 24.020102366969912, 1005.0 ], [ 121.149875058767478, 24.020337716969912, 1005.0 ], [ 121.149743958767488, 24.020292746969911, 1005.0 ], [ 121.149498158767486, 24.020210306969911, 1005.0 ], [ 121.149350658767489, 24.02022548696991, 1005.0 ], [ 121.149129558767484, 24.020338436969912, 1005.0 ], [ 121.148965858767482, 24.020398726969912, 1005.0 ], [ 121.148760958767483, 24.020383896969911, 1005.0 ], [ 121.148613658767488, 24.020519326969911, 1005.0 ], [ 121.148482758767486, 24.020624676969913, 1005.0 ], [ 121.148228858767482, 24.02067002696991, 1005.0 ], [ 121.148048658767479, 24.020745356969911, 1005.0 ], [ 121.147917658767483, 24.020775546969912, 1005.0 ], [ 121.147581658767479, 24.020715746969913, 1005.0 ], [ 121.147278758767484, 24.020858836969911, 1005.0 ], [ 121.147049358767475, 24.020904156969912, 1005.0 ], [ 121.146811858767478, 24.02090438696991, 1005.0 ], [ 121.146615358767477, 24.021032346969911, 1005.0 ], [ 121.14637785876748, 24.021100216969913, 1005.0 ], [ 121.146328758767481, 24.021167906969911, 1005.0 ], [ 121.146271458767487, 24.021182996969912, 1005.0 ], [ 121.146107558767483, 24.02113053696991, 1005.0 ], [ 121.145959958767477, 24.02107806696991, 1005.0 ], [ 121.145787958767485, 24.02112332696991, 1005.0 ], [ 121.145730658767476, 24.021153446969912, 1005.0 ], [ 121.145493158767479, 24.02117622696991, 1005.0 ], [ 121.14506155876748, 24.021284236969912, 1005.0 ], [ 121.144660358767482, 24.021419906969911, 1005.0 ], [ 121.144431058767481, 24.021495286969913, 1005.0 ], [ 121.144325158767487, 24.02148482696991, 1005.0 ], [ 121.144229158767487, 24.021594966969911, 1005.0 ], [ 121.144222458767487, 24.021607376969911, 1005.0 ], [ 121.144222458767487, 24.021607376969911, 1005.0 ], [ 121.144202758767477, 24.021607396969912, 1005.0 ], [ 121.144192958767476, 24.02160740696991, 1005.0 ], [ 121.144183158767476, 24.021598386969913, 1005.0 ], [ 121.14416345876748, 24.02158937696991, 1005.0 ], [ 121.144143858767478, 24.021598426969913, 1005.0 ], [ 121.144124158767482, 24.02159843696991, 1005.0 ], [ 121.144104458767487, 24.021598456969912, 1005.0 ], [ 121.144094658767486, 24.021589436969911, 1005.0 ], [ 121.144084858767485, 24.021589446969912, 1005.0 ], [ 121.144065158767489, 24.021571406969912, 1005.0 ], [ 121.144065158767489, 24.021571406969912, 1005.0 ], [ 121.144045458767479, 24.021562396969912, 1005.0 ], [ 121.144025758767484, 24.02156241696991, 1005.0 ], [ 121.144006158767482, 24.02157146696991, 1005.0 ], [ 121.144006158767482, 24.021589526969912, 1005.0 ], [ 121.144006158767482, 24.021589526969912, 1005.0 ], [ 121.144006158767482, 24.021589526969912, 1005.0 ], [ 121.143986458767486, 24.021580506969912, 1005.0 ], [ 121.143966858767484, 24.021589556969911, 1005.0 ], [ 121.143966858767484, 24.021589556969911, 1005.0 ], [ 121.143957058767484, 24.02160762696991, 1005.0 ], [ 121.143966858767484, 24.021625676969911, 1005.0 ], [ 121.143966858767484, 24.021625676969911, 1005.0 ], [ 121.143976758767479, 24.021643726969913, 1005.0 ], [ 121.143966958767479, 24.021661796969912, 1005.0 ], [ 121.143966958767479, 24.021661796969912, 1005.0 ], [ 121.143947258767483, 24.021670846969911, 1005.0 ], [ 121.143927658767481, 24.021670866969913, 1005.0 ], [ 121.143917758767486, 24.021679896969911, 1005.0 ], [ 121.143927658767481, 24.021688916969911, 1005.0 ], [ 121.143927658767481, 24.021697946969912, 1005.0 ], [ 121.143927658767481, 24.02171600696991, 1005.0 ], [ 121.143907958767485, 24.021706996969911, 1005.0 ], [ 121.143888358767484, 24.021707016969913, 1005.0 ], [ 121.143868658767488, 24.021716066969912, 1005.0 ], [ 121.143868658767488, 24.021716066969912, 1005.0 ], [ 121.143849058767486, 24.021725116969911, 1005.0 ], [ 121.143829358767476, 24.021725126969912, 1005.0 ], [ 121.143819558767476, 24.02173416696991, 1005.0 ], [ 121.143809758767489, 24.021743206969912, 1005.0 ], [ 121.143721358767479, 24.02178843696991, 1005.0 ], [ 121.143711458767484, 24.021806506969913, 1005.0 ], [ 121.143711458767484, 24.021806506969913, 1005.0 ], [ 121.143691858767482, 24.02182458696991, 1005.0 ], [ 121.143682058767482, 24.02182459696991, 1005.0 ], [ 121.143672258767481, 24.021833636969912, 1005.0 ], [ 121.143652558767485, 24.02183365696991, 1005.0 ], [ 121.143632858767475, 24.021842696969912, 1005.0 ], [ 121.143632858767475, 24.021842696969912, 1005.0 ], [ 121.143613258767488, 24.021851746969912, 1005.0 ], [ 121.143603458767487, 24.02186078696991, 1005.0 ], [ 121.143593558767478, 24.021869826969912, 1005.0 ], [ 121.143583758767477, 24.02187886696991, 1005.0 ], [ 121.143573958767476, 24.021887906969912, 1005.0 ], [ 121.143564158767475, 24.02189694696991, 1005.0 ], [ 121.143554358767489, 24.02189694696991, 1005.0 ], [ 121.143534658767479, 24.021915026969911, 1005.0 ], [ 121.143534658767479, 24.021915026969911, 1005.0 ], [ 121.143515058767477, 24.021933106969911, 1005.0 ], [ 121.143515058767477, 24.021933106969911, 1005.0 ], [ 121.143495358767481, 24.02194215696991, 1005.0 ], [ 121.14348555876748, 24.021951196969912, 1005.0 ], [ 121.14347575876748, 24.021960226969913, 1005.0 ], [ 121.143456058767484, 24.021969276969912, 1005.0 ], [ 121.143456058767484, 24.021969276969912, 1005.0 ], [ 121.143436458767482, 24.021987356969912, 1005.0 ], [ 121.143436458767482, 24.021987356969912, 1005.0 ], [ 121.143416758767486, 24.021987376969911, 1005.0 ], [ 121.143406958767486, 24.021987386969911, 1005.0 ], [ 121.143397158767485, 24.021978366969911, 1005.0 ], [ 121.143377458767489, 24.021969356969912, 1005.0 ], [ 121.143377458767489, 24.021969356969912, 1005.0 ], [ 121.143357758767479, 24.021960346969912, 1005.0 ], [ 121.143338058767483, 24.021951326969912, 1005.0 ], [ 121.143338058767483, 24.021951326969912, 1005.0 ], [ 121.143318458767482, 24.021942316969913, 1005.0 ], [ 121.143298758767486, 24.02193330696991, 1005.0 ], [ 121.143288958767485, 24.021933316969911, 1005.0 ], [ 121.143279058767476, 24.02192429696991, 1005.0 ], [ 121.143259458767488, 24.021924316969912, 1005.0 ], [ 121.143239758767479, 24.02192433696991, 1005.0 ], [ 121.143220158767477, 24.021924356969912, 1005.0 ], [ 121.143200458767481, 24.02193339696991, 1005.0 ], [ 121.143200458767481, 24.02193339696991, 1005.0 ], [ 121.143180858767479, 24.021942446969913, 1005.0 ], [ 121.143170958767485, 24.021951486969911, 1005.0 ], [ 121.143161158767484, 24.021969556969911, 1005.0 ], [ 121.143161158767484, 24.021969556969911, 1005.0 ], [ 121.143151358767483, 24.02198762696991, 1005.0 ], [ 121.143141558767482, 24.022005696969913, 1005.0 ], [ 121.143141558767482, 24.022005696969913, 1005.0 ], [ 121.143131758767481, 24.022023756969912, 1005.0 ], [ 121.14312195876748, 24.02203279696991, 1005.0 ], [ 121.14312195876748, 24.022041826969911, 1005.0 ], [ 121.143102258767485, 24.022059906969911, 1005.0 ], [ 121.143092458767484, 24.022059916969912, 1005.0 ], [ 121.143082658767483, 24.02206895696991, 1005.0 ], [ 121.143062958767487, 24.022078006969913, 1005.0 ], [ 121.143062958767487, 24.022078006969913, 1005.0 ], [ 121.143043358767486, 24.022087046969911, 1005.0 ], [ 121.143033558767485, 24.02209608696991, 1005.0 ], [ 121.143023658767476, 24.022105126969912, 1005.0 ], [ 121.143004058767488, 24.022114176969911, 1005.0 ], [ 121.143004058767488, 24.022114176969911, 1005.0 ], [ 121.142984458767486, 24.022132256969911, 1005.0 ], [ 121.142984458767486, 24.022132256969911, 1005.0 ], [ 121.142964758767476, 24.022150326969911, 1005.0 ], [ 121.142964758767476, 24.022150326969911, 1005.0 ], [ 121.142954958767476, 24.02216839696991, 1005.0 ], [ 121.142954958767476, 24.022186456969912, 1005.0 ], [ 121.142945158767489, 24.022204526969912, 1005.0 ], [ 121.142945158767489, 24.022204526969912, 1005.0 ], [ 121.142945158767489, 24.022204526969912, 1005.0 ], [ 121.142925458767479, 24.022195516969912, 1005.0 ], [ 121.142905858767477, 24.02219553696991, 1005.0 ], [ 121.142896058767477, 24.022204576969912, 1005.0 ], [ 121.142896058767477, 24.02222262696991, 1005.0 ], [ 121.142886158767482, 24.022222636969911, 1005.0 ], [ 121.14286655876748, 24.02223168696991, 1005.0 ], [ 121.142846858767484, 24.022240736969913, 1005.0 ], [ 121.142846858767484, 24.022240736969913, 1005.0 ], [ 121.142827258767483, 24.022240756969911, 1005.0 ], [ 121.142807558767487, 24.02224980696991, 1005.0 ], [ 121.142797758767486, 24.022258836969911, 1005.0 ], [ 121.142787958767485, 24.022267876969913, 1005.0 ], [ 121.142778158767484, 24.022276916969911, 1005.0 ], [ 121.142768358767484, 24.02228595696991, 1005.0 ], [ 121.142748658767488, 24.022285976969911, 1005.0 ], [ 121.142728958767478, 24.022285996969913, 1005.0 ], [ 121.142719158767477, 24.022276976969913, 1005.0 ], [ 121.142709258767482, 24.022267956969912, 1005.0 ], [ 121.14268965876748, 24.022258946969913, 1005.0 ], [ 121.142679758767486, 24.022258946969913, 1005.0 ], [ 121.142669958767485, 24.02225895696991, 1005.0 ], [ 121.142650258767489, 24.022249946969911, 1005.0 ], [ 121.142630658767487, 24.02225899696991, 1005.0 ], [ 121.142620858767486, 24.022259006969911, 1005.0 ], [ 121.142610958767477, 24.022259016969912, 1005.0 ], [ 121.142591358767476, 24.02225903696991, 1005.0 ], [ 121.14257165876748, 24.022259056969911, 1005.0 ], [ 121.142551958767484, 24.022259066969912, 1005.0 ], [ 121.142532358767482, 24.022268116969911, 1005.0 ], [ 121.142512658767487, 24.022277166969911, 1005.0 ], [ 121.142512658767487, 24.022277166969911, 1005.0 ], [ 121.142493058767485, 24.02228621696991, 1005.0 ], [ 121.142473358767475, 24.022295266969913, 1005.0 ], [ 121.142493058767485, 24.022313306969913, 1005.0 ], [ 121.142483258767484, 24.022331366969912, 1005.0 ], [ 121.142473458767483, 24.02234040696991, 1005.0 ], [ 121.142453758767488, 24.022349456969913, 1005.0 ], [ 121.142434158767486, 24.022349476969911, 1005.0 ], [ 121.142434158767486, 24.022349476969911, 1005.0 ], [ 121.142414458767476, 24.022349496969913, 1005.0 ], [ 121.142394858767489, 24.022349516969911, 1005.0 ], [ 121.142384958767479, 24.022349516969911, 1005.0 ], [ 121.142375158767479, 24.022349526969911, 1005.0 ], [ 121.142355458767483, 24.022340516969912, 1005.0 ], [ 121.142335858767481, 24.02234053696991, 1005.0 ], [ 121.142316158767485, 24.022349586969913, 1005.0 ], [ 121.142306358767485, 24.02234959696991, 1005.0 ], [ 121.142296558767484, 24.022358636969912, 1005.0 ], [ 121.142286658767489, 24.02236767696991, 1005.0 ], [ 121.142276858767488, 24.022376706969911, 1005.0 ], [ 121.142257258767486, 24.022385756969911, 1005.0 ], [ 121.142257258767486, 24.022385756969911, 1005.0 ], [ 121.142237558767476, 24.02239480696991, 1005.0 ], [ 121.142217958767489, 24.022403856969913, 1005.0 ], [ 121.142217958767489, 24.022403856969913, 1005.0 ], [ 121.142217958767489, 24.022403856969913, 1005.0 ], [ 121.142198258767479, 24.022403876969911, 1005.0 ], [ 121.142178558767483, 24.02239485696991, 1005.0 ], [ 121.142158958767482, 24.022394876969912, 1005.0 ], [ 121.142139258767486, 24.02239489696991, 1005.0 ], [ 121.142119658767484, 24.022394916969912, 1005.0 ], [ 121.142099958767488, 24.02239493696991, 1005.0 ], [ 121.142080258767479, 24.022403986969913, 1005.0 ], [ 121.142080258767479, 24.022403986969913, 1005.0 ], [ 121.142060658767477, 24.022413026969911, 1005.0 ], [ 121.142040958767481, 24.02242207696991, 1005.0 ], [ 121.14203115876748, 24.022422086969911, 1005.0 ], [ 121.142021358767479, 24.022422096969912, 1005.0 ], [ 121.142001658767484, 24.02242211696991, 1005.0 ], [ 121.141991858767483, 24.022422126969911, 1005.0 ], [ 121.141982058767482, 24.022422136969912, 1005.0 ], [ 121.141962358767486, 24.022413116969911, 1005.0 ], [ 121.141942658767476, 24.022413136969913, 1005.0 ], [ 121.141923058767489, 24.02240412696991, 1005.0 ], [ 121.141903358767479, 24.022404146969912, 1005.0 ], [ 121.141883658767483, 24.022413196969911, 1005.0 ], [ 121.141864058767482, 24.022413216969912, 1005.0 ], [ 121.141844358767486, 24.022422256969911, 1005.0 ], [ 121.141844358767486, 24.022422256969911, 1005.0 ], [ 121.141824758767484, 24.02243130696991, 1005.0 ], [ 121.141805058767488, 24.022422296969911, 1005.0 ], [ 121.141785358767478, 24.022422316969912, 1005.0 ], [ 121.141785358767478, 24.022422316969912, 1005.0 ], [ 121.141765758767477, 24.022413306969913, 1005.0 ], [ 121.141746058767481, 24.02240429696991, 1005.0 ], [ 121.141746058767481, 24.02240429696991, 1005.0 ], [ 121.141726358767485, 24.02239527696991, 1005.0 ], [ 121.141706758767484, 24.022395296969911, 1005.0 ], [ 121.141687058767488, 24.022395316969913, 1005.0 ], [ 121.141667458767486, 24.022404366969912, 1005.0 ], [ 121.141657558767477, 24.022404376969913, 1005.0 ], [ 121.141647758767476, 24.022413416969911, 1005.0 ], [ 121.141628158767489, 24.02242245696991, 1005.0 ], [ 121.141628158767489, 24.02242245696991, 1005.0 ], [ 121.141608458767479, 24.022431506969912, 1005.0 ], [ 121.141588758767483, 24.02243152696991, 1005.0 ], [ 121.141569158767481, 24.022431546969912, 1005.0 ], [ 121.141549458767486, 24.022422536969913, 1005.0 ], [ 121.141539658767485, 24.02242254696991, 1005.0 ], [ 121.141529858767484, 24.022422556969911, 1005.0 ], [ 121.141510158767488, 24.022413536969911, 1005.0 ], [ 121.141490458767478, 24.022404526969911, 1005.0 ], [ 121.141470858767477, 24.022404546969913, 1005.0 ], [ 121.141451158767481, 24.022413596969912, 1005.0 ], [ 121.141431458767485, 24.02241361696991, 1005.0 ], [ 121.141411858767484, 24.022413636969912, 1005.0 ], [ 121.141392158767488, 24.022413646969913, 1005.0 ], [ 121.141372558767486, 24.022422696969912, 1005.0 ], [ 121.141352858767476, 24.02242271696991, 1005.0 ], [ 121.141343058767475, 24.022422726969911, 1005.0 ], [ 121.14133315876748, 24.022422736969911, 1005.0 ], [ 121.141313558767479, 24.022440806969911, 1005.0 ], [ 121.141303758767478, 24.022440816969912, 1005.0 ], [ 121.141293958767477, 24.02244985696991, 1005.0 ], [ 121.141274258767481, 24.022449876969912, 1005.0 ], [ 121.141254558767486, 24.022458926969911, 1005.0 ], [ 121.141244758767485, 24.022458936969912, 1005.0 ], [ 121.141234958767484, 24.022458946969913, 1005.0 ], [ 121.141215258767488, 24.022467986969911, 1005.0 ], [ 121.141195658767487, 24.022468006969913, 1005.0 ], [ 121.141175958767477, 24.022468026969911, 1005.0 ], [ 121.141156258767481, 24.022468046969912, 1005.0 ], [ 121.141136658767479, 24.022459036969913, 1005.0 ], [ 121.141136658767479, 24.022459036969913, 1005.0 ], [ 121.141116958767483, 24.02245002696991, 1005.0 ], [ 121.141097258767488, 24.02244100696991, 1005.0 ], [ 121.141087458767487, 24.022441016969911, 1005.0 ], [ 121.141077658767486, 24.02243199696991, 1005.0 ], [ 121.141057958767476, 24.022422986969911, 1005.0 ], [ 121.141048158767475, 24.022422996969912, 1005.0 ], [ 121.14103825876748, 24.022413976969911, 1005.0 ], [ 121.141018558767485, 24.022404966969912, 1005.0 ], [ 121.141008758767484, 24.022404976969913, 1005.0 ], [ 121.140998958767483, 24.022395956969913, 1005.0 ], [ 121.140979258767487, 24.022395976969911, 1005.0 ], [ 121.140959558767477, 24.02238695696991, 1005.0 ], [ 121.140959558767477, 24.02238695696991, 1005.0 ], [ 121.140939958767476, 24.022377946969911, 1005.0 ], [ 121.14092025876748, 24.022377966969913, 1005.0 ], [ 121.140900658767478, 24.022377986969911, 1005.0 ], [ 121.140880958767482, 24.022378006969912, 1005.0 ], [ 121.140861258767487, 24.022378026969911, 1005.0 ], [ 121.140841658767485, 24.022378036969911, 1005.0 ], [ 121.140821958767489, 24.022378056969913, 1005.0 ], [ 121.140802258767479, 24.022378076969911, 1005.0 ], [ 121.140782658767478, 24.02238712696991, 1005.0 ], [ 121.140762958767482, 24.022387146969912, 1005.0 ], [ 121.14074335876748, 24.022387156969913, 1005.0 ], [ 121.140733458767485, 24.02238716696991, 1005.0 ], [ 121.140723658767484, 24.022387176969911, 1005.0 ], [ 121.140704058767483, 24.022387196969913, 1005.0 ], [ 121.140694158767488, 24.02238720696991, 1005.0 ], [ 121.140684358767487, 24.022387216969911, 1005.0 ], [ 121.140664658767477, 24.022387236969912, 1005.0 ], [ 121.140645058767475, 24.022387246969913, 1005.0 ], [ 121.14062535876748, 24.022387266969911, 1005.0 ], [ 121.140605658767484, 24.022387286969913, 1005.0 ], [ 121.140586058767482, 24.022387306969911, 1005.0 ], [ 121.140566358767487, 24.022387326969913, 1005.0 ], [ 121.140546758767485, 24.02238733696991, 1005.0 ], [ 121.140546758767485, 24.02238733696991, 1005.0 ], [ 121.140527058767489, 24.022387356969912, 1005.0 ], [ 121.140507458767487, 24.022396406969911, 1005.0 ], [ 121.140487758767478, 24.022396426969912, 1005.0 ], [ 121.140468058767482, 24.022405476969912, 1005.0 ], [ 121.140468058767482, 24.022405476969912, 1005.0 ], [ 121.14044845876748, 24.02241451696991, 1005.0 ], [ 121.140428758767484, 24.022414536969912, 1005.0 ], [ 121.140418958767484, 24.02242357696991, 1005.0 ], [ 121.140409158767483, 24.022423586969911, 1005.0 ], [ 121.140389458767487, 24.02243263696991, 1005.0 ], [ 121.140369858767485, 24.022441676969912, 1005.0 ], [ 121.140369858767485, 24.022441676969912, 1005.0 ], [ 121.140350158767475, 24.022450726969911, 1005.0 ], [ 121.140330558767488, 24.02245977696991, 1005.0 ], [ 121.140320658767479, 24.022459786969911, 1005.0 ], [ 121.140310858767478, 24.022459796969912, 1005.0 ], [ 121.140291258767476, 24.022468846969911, 1005.0 ], [ 121.140271558767481, 24.022468856969912, 1005.0 ], [ 121.140251858767485, 24.022477906969911, 1005.0 ], [ 121.140242058767484, 24.022477916969912, 1005.0 ], [ 121.140232258767483, 24.022477926969913, 1005.0 ], [ 121.140212558767487, 24.022486976969912, 1005.0 ], [ 121.140192958767486, 24.02249601696991, 1005.0 ], [ 121.140173258767476, 24.022496036969912, 1005.0 ], [ 121.140173258767476, 24.022496036969912, 1005.0 ], [ 121.140153658767488, 24.02249605696991, 1005.0 ], [ 121.140133958767478, 24.022505106969913, 1005.0 ], [ 121.140124158767478, 24.022514146969911, 1005.0 ], [ 121.140054258767478, 24.022517476969913, 1005.0 ], [ 121.139912358767475, 24.022525046969911, 1005.0 ], [ 121.139760458767483, 24.02251447696991, 1005.0 ], [ 121.139760458767483, 24.02251447696991, 1005.0 ], [ 121.139740758767488, 24.022496436969913, 1005.0 ], [ 121.139730958767487, 24.02249644696991, 1005.0 ], [ 121.139721058767478, 24.022496456969911, 1005.0 ], [ 121.139701458767476, 24.022496466969912, 1005.0 ], [ 121.13968175876748, 24.02249648696991, 1005.0 ], [ 121.139662058767485, 24.022496506969912, 1005.0 ], [ 121.139642458767483, 24.02249652696991, 1005.0 ], [ 121.139622758767487, 24.02248751696991, 1005.0 ], [ 121.139603058767477, 24.02247849696991, 1005.0 ], [ 121.139583458767476, 24.022478516969912, 1005.0 ], [ 121.13956375876748, 24.02247853696991, 1005.0 ], [ 121.139553958767479, 24.022478546969911, 1005.0 ], [ 121.139544158767478, 24.022478556969912, 1005.0 ], [ 121.139524458767482, 24.02247857696991, 1005.0 ], [ 121.139504758767487, 24.02247858696991, 1005.0 ], [ 121.139485158767485, 24.022469576969911, 1005.0 ], [ 121.139465458767489, 24.022460566969912, 1005.0 ], [ 121.139455658767488, 24.022460576969912, 1005.0 ], [ 121.139445758767479, 24.02246058696991, 1005.0 ], [ 121.139426158767478, 24.02245157696991, 1005.0 ], [ 121.139406458767482, 24.022442566969911, 1005.0 ], [ 121.139396658767481, 24.022442566969911, 1005.0 ], [ 121.139386758767486, 24.022433546969911, 1005.0 ], [ 121.139367158767485, 24.022433566969912, 1005.0 ], [ 121.139357258767475, 24.022424546969912, 1005.0 ], [ 121.139347458767489, 24.022424556969913, 1005.0 ], [ 121.139327758767479, 24.02241554696991, 1005.0 ], [ 121.139308058767483, 24.02240653696991, 1005.0 ], [ 121.139298258767482, 24.022406546969911, 1005.0 ], [ 121.139288458767481, 24.022406556969912, 1005.0 ], [ 121.139268758767486, 24.022406566969913, 1005.0 ], [ 121.139249158767484, 24.022406586969911, 1005.0 ], [ 121.139229458767488, 24.022406606969913, 1005.0 ], [ 121.139209758767478, 24.022406626969911, 1005.0 ], [ 121.139190158767477, 24.022406646969912, 1005.0 ], [ 121.139170458767481, 24.02240665696991, 1005.0 ], [ 121.139150858767479, 24.022406676969911, 1005.0 ], [ 121.139131158767483, 24.022406696969913, 1005.0 ], [ 121.139111458767488, 24.022406716969911, 1005.0 ], [ 121.139091858767486, 24.022406726969912, 1005.0 ], [ 121.139072158767476, 24.02240674696991, 1005.0 ], [ 121.13905245876748, 24.022406766969912, 1005.0 ], [ 121.139032858767479, 24.02240678696991, 1005.0 ], [ 121.139013158767483, 24.022406806969911, 1005.0 ], [ 121.139013158767483, 24.022406806969911, 1005.0 ], [ 121.138993558767481, 24.02241584696991, 1005.0 ], [ 121.138973858767486, 24.022415866969911, 1005.0 ], [ 121.138954258767484, 24.022424916969911, 1005.0 ], [ 121.138944358767489, 24.022424926969911, 1005.0 ], [ 121.138934558767488, 24.022424936969912, 1005.0 ], [ 121.138914958767486, 24.022433976969911, 1005.0 ], [ 121.138895258767477, 24.022433996969912, 1005.0 ], [ 121.138875558767481, 24.02243401696991, 1005.0 ], [ 121.138855958767479, 24.022434036969912, 1005.0 ], [ 121.138836258767483, 24.02243405696991, 1005.0 ], [ 121.138816558767488, 24.022434066969911, 1005.0 ], [ 121.138796958767486, 24.022425056969912, 1005.0 ], [ 121.138787058767477, 24.022425066969912, 1005.0 ], [ 121.138777258767476, 24.02242507696991, 1005.0 ], [ 121.13875755876748, 24.022407036969913, 1005.0 ], [ 121.13875755876748, 24.022407036969913, 1005.0 ], [ 121.138737958767479, 24.022388996969912, 1005.0 ], [ 121.138737958767479, 24.022388996969912, 1005.0 ], [ 121.138718258767483, 24.022370956969912, 1005.0 ], [ 121.138718258767483, 24.022370956969912, 1005.0 ], [ 121.138708358767488, 24.02235290696991, 1005.0 ], [ 121.138698558767487, 24.022334856969913, 1005.0 ], [ 121.138698558767487, 24.022334856969913, 1005.0 ], [ 121.138678858767477, 24.022316806969911, 1005.0 ], [ 121.138678858767477, 24.022316806969911, 1005.0 ], [ 121.138659158767481, 24.022298766969911, 1005.0 ], [ 121.138659158767481, 24.022298766969911, 1005.0 ], [ 121.138639458767486, 24.022289756969911, 1005.0 ], [ 121.138619858767484, 24.022280746969912, 1005.0 ], [ 121.138619858767484, 24.022280746969912, 1005.0 ], [ 121.138600158767488, 24.022262706969912, 1005.0 ], [ 121.138600158767488, 24.022262706969912, 1005.0 ], [ 121.138580458767478, 24.022244666969911, 1005.0 ], [ 121.138580458767478, 24.022244666969911, 1005.0 ], [ 121.138560758767483, 24.022226626969911, 1005.0 ], [ 121.138560758767483, 24.022226626969911, 1005.0 ], [ 121.138550958767482, 24.022208576969913, 1005.0 ], [ 121.138541058767487, 24.022199556969912, 1005.0 ], [ 121.138531258767486, 24.022190526969911, 1005.0 ], [ 121.138521458767485, 24.022181506969911, 1005.0 ], [ 121.138501758767475, 24.022172496969912, 1005.0 ], [ 121.138501758767475, 24.022172496969912, 1005.0 ], [ 121.13848205876748, 24.02217251696991, 1005.0 ], [ 121.13848205876748, 24.02217251696991, 1005.0 ], [ 121.138462458767478, 24.022181566969913, 1005.0 ], [ 121.138462458767478, 24.02219059696991, 1005.0 ], [ 121.138452658767477, 24.022208666969913, 1005.0 ], [ 121.138442858767476, 24.022217696969911, 1005.0 ], [ 121.138432958767481, 24.022226736969913, 1005.0 ], [ 121.13842315876748, 24.022235776969911, 1005.0 ], [ 121.138403558767479, 24.02224482696991, 1005.0 ], [ 121.138383858767483, 24.022244846969912, 1005.0 ], [ 121.138364158767487, 24.022235826969911, 1005.0 ], [ 121.138354358767486, 24.022226806969911, 1005.0 ], [ 121.138344458767477, 24.022217786969911, 1005.0 ], [ 121.138334658767477, 24.022208766969911, 1005.0 ], [ 121.138334658767477, 24.022190706969912, 1005.0 ], [ 121.138324758767482, 24.022172656969911, 1005.0 ], [ 121.138324758767482, 24.022172656969911, 1005.0 ], [ 121.138314958767481, 24.022154606969913, 1005.0 ], [ 121.138305058767486, 24.022136556969912, 1005.0 ], [ 121.138305058767486, 24.022127526969911, 1005.0 ], [ 121.138295258767485, 24.02211850696991, 1005.0 ], [ 121.138285358767476, 24.022100456969913, 1005.0 ], [ 121.138285358767476, 24.022091426969912, 1005.0 ], [ 121.138275558767475, 24.022082406969911, 1005.0 ], [ 121.13826565876748, 24.02206435696991, 1005.0 ], [ 121.13826565876748, 24.02206435696991, 1005.0 ], [ 121.138246058767479, 24.022046316969913, 1005.0 ], [ 121.138246058767479, 24.022046316969913, 1005.0 ], [ 121.138236158767484, 24.022028266969912, 1005.0 ], [ 121.138226358767483, 24.022019246969911, 1005.0 ], [ 121.138216458767488, 24.022010226969911, 1005.0 ], [ 121.138216458767488, 24.021992166969913, 1005.0 ], [ 121.138206658767487, 24.021974116969911, 1005.0 ], [ 121.138206658767487, 24.021974116969911, 1005.0 ], [ 121.138196758767478, 24.02195606696991, 1005.0 ], [ 121.138186958767477, 24.02194704696991, 1005.0 ], [ 121.138177058767482, 24.021938026969913, 1005.0 ], [ 121.138167258767481, 24.021929006969913, 1005.0 ], [ 121.138147558767486, 24.02191999696991, 1005.0 ], [ 121.138147558767486, 24.02191999696991, 1005.0 ], [ 121.138127858767476, 24.021901946969912, 1005.0 ], [ 121.138127858767476, 24.021901946969912, 1005.0 ], [ 121.138108258767488, 24.021892936969913, 1005.0 ], [ 121.138098358767479, 24.021883916969912, 1005.0 ], [ 121.138088558767478, 24.021874896969912, 1005.0 ], [ 121.138068858767483, 24.021865886969913, 1005.0 ], [ 121.138068858767483, 24.021865886969913, 1005.0 ], [ 121.138049158767487, 24.021847846969912, 1005.0 ], [ 121.138049158767487, 24.021847846969912, 1005.0 ], [ 121.138029558767485, 24.021829806969912, 1005.0 ], [ 121.138029558767485, 24.021829806969912, 1005.0 ], [ 121.138009858767475, 24.021811766969911, 1005.0 ], [ 121.138009858767475, 24.021811766969911, 1005.0 ], [ 121.137990158767479, 24.02179371696991, 1005.0 ], [ 121.137990158767479, 24.02179371696991, 1005.0 ], [ 121.137970458767484, 24.021775676969913, 1005.0 ], [ 121.137970458767484, 24.021775676969913, 1005.0 ], [ 121.137950758767488, 24.021757636969912, 1005.0 ], [ 121.137950758767488, 24.021757636969912, 1005.0 ], [ 121.137931158767486, 24.021739596969912, 1005.0 ], [ 121.137931158767486, 24.021739596969912, 1005.0 ], [ 121.137921258767477, 24.021721546969911, 1005.0 ], [ 121.137911458767476, 24.02171252696991, 1005.0 ], [ 121.137901558767481, 24.02170350696991, 1005.0 ], [ 121.137891758767481, 24.02169448696991, 1005.0 ], [ 121.137881858767486, 24.021685466969913, 1005.0 ], [ 121.137872058767485, 24.021667416969912, 1005.0 ], [ 121.137872058767485, 24.021667416969912, 1005.0 ], [ 121.137852358767489, 24.021649376969911, 1005.0 ], [ 121.137852358767489, 24.021649376969911, 1005.0 ], [ 121.137842558767488, 24.02163132696991, 1005.0 ], [ 121.137832658767479, 24.02162230696991, 1005.0 ], [ 121.137822858767478, 24.021613286969913, 1005.0 ], [ 121.137812958767483, 24.021604256969912, 1005.0 ], [ 121.137803158767483, 24.021595236969912, 1005.0 ], [ 121.137793358767482, 24.02157718696991, 1005.0 ], [ 121.137793358767482, 24.02157718696991, 1005.0 ], [ 121.137783458767487, 24.021559136969913, 1005.0 ], [ 121.137773658767486, 24.021550116969912, 1005.0 ], [ 121.137763758767477, 24.021541096969912, 1005.0 ], [ 121.137753958767476, 24.021523046969911, 1005.0 ], [ 121.137753958767476, 24.021523046969911, 1005.0 ], [ 121.13773425876748, 24.02150500696991, 1005.0 ], [ 121.13773425876748, 24.021495976969913, 1005.0 ], [ 121.137724358767485, 24.021486956969913, 1005.0 ], [ 121.137714558767485, 24.021468906969911, 1005.0 ], [ 121.137714558767485, 24.021468906969911, 1005.0 ], [ 121.137694858767489, 24.021450866969911, 1005.0 ], [ 121.137694858767489, 24.02144183696991, 1005.0 ], [ 121.137685058767488, 24.021432816969913, 1005.0 ], [ 121.137675158767479, 24.021423796969913, 1005.0 ], [ 121.137665358767478, 24.021414776969912, 1005.0 ], [ 121.137655458767483, 24.021396726969911, 1005.0 ], [ 121.137655458767483, 24.021396726969911, 1005.0 ], [ 121.137635858767482, 24.021378686969911, 1005.0 ], [ 121.137635758767487, 24.021369656969913, 1005.0 ], [ 121.137625958767487, 24.021360636969913, 1005.0 ], [ 121.137616158767486, 24.021351606969912, 1005.0 ], [ 121.137606258767477, 24.021342586969912, 1005.0 ], [ 121.137596458767476, 24.021333566969911, 1005.0 ], [ 121.137586558767481, 24.021324546969911, 1005.0 ], [ 121.13757675876748, 24.021315526969911, 1005.0 ], [ 121.137566958767479, 24.021306506969911, 1005.0 ], [ 121.137557058767484, 24.021288456969913, 1005.0 ], [ 121.137557058767484, 24.021288456969913, 1005.0 ], [ 121.137537358767489, 24.021270416969912, 1005.0 ], [ 121.137537358767489, 24.021261386969911, 1005.0 ], [ 121.137527558767488, 24.021252366969911, 1005.0 ], [ 121.137517658767479, 24.021243346969911, 1005.0 ], [ 121.137507858767478, 24.02123432696991, 1005.0 ], [ 121.137498058767477, 24.021216276969913, 1005.0 ], [ 121.137498058767477, 24.021216276969913, 1005.0 ], [ 121.137488158767482, 24.021198226969911, 1005.0 ], [ 121.137478358767481, 24.02118017696991, 1005.0 ], [ 121.137478358767481, 24.02118017696991, 1005.0 ], [ 121.137468458767486, 24.021162126969912, 1005.0 ], [ 121.137458658767486, 24.021144076969911, 1005.0 ], [ 121.137458558767477, 24.021126016969912, 1005.0 ], [ 121.137458558767477, 24.021126016969912, 1005.0 ], [ 121.137458558767477, 24.02110795696991, 1005.0 ], [ 121.137458558767477, 24.021089896969912, 1005.0 ], [ 121.137448758767476, 24.02107184696991, 1005.0 ], [ 121.137448658767482, 24.021053786969912, 1005.0 ], [ 121.137448658767482, 24.021035726969913, 1005.0 ], [ 121.137448658767482, 24.021017666969911, 1005.0 ], [ 121.137448658767482, 24.020999606969912, 1005.0 ], [ 121.137448658767482, 24.02098154696991, 1005.0 ], [ 121.137448558767488, 24.020963496969912, 1005.0 ], [ 121.137448558767488, 24.02094543696991, 1005.0 ], [ 121.137458358767489, 24.020927366969911, 1005.0 ], [ 121.137458358767489, 24.020909306969912, 1005.0 ], [ 121.137458358767489, 24.02089124696991, 1005.0 ], [ 121.137458258767481, 24.02076483696991, 1005.0 ], [ 121.137458158767487, 24.020746776969911, 1005.0 ], [ 121.137458158767487, 24.020728716969913, 1005.0 ], [ 121.137448358767486, 24.020710666969912, 1005.0 ], [ 121.137438458767477, 24.02069261696991, 1005.0 ], [ 121.137438458767477, 24.020674556969912, 1005.0 ], [ 121.137438458767477, 24.020674556969912, 1005.0 ], [ 121.137438458767477, 24.020656496969913, 1005.0 ], [ 121.137438458767477, 24.020638436969911, 1005.0 ], [ 121.137428558767482, 24.020620386969913, 1005.0 ], [ 121.137428558767482, 24.020602326969911, 1005.0 ], [ 121.137428558767482, 24.020584266969912, 1005.0 ], [ 121.137428558767482, 24.02056620696991, 1005.0 ], [ 121.137428458767488, 24.020548146969912, 1005.0 ], [ 121.137428458767488, 24.02053009696991, 1005.0 ], [ 121.137428458767488, 24.020512036969912, 1005.0 ], [ 121.137428458767488, 24.020493976969913, 1005.0 ], [ 121.137428458767488, 24.020475916969911, 1005.0 ], [ 121.13742835876748, 24.020457856969912, 1005.0 ], [ 121.13742835876748, 24.02043979696991, 1005.0 ], [ 121.13742835876748, 24.020421736969912, 1005.0 ], [ 121.13742835876748, 24.020403676969913, 1005.0 ], [ 121.13742835876748, 24.020385616969911, 1005.0 ], [ 121.137428258767486, 24.020367556969912, 1005.0 ], [ 121.137428258767486, 24.020349506969911, 1005.0 ], [ 121.137438058767486, 24.020331436969911, 1005.0 ], [ 121.137438058767486, 24.020313376969913, 1005.0 ], [ 121.137438058767486, 24.020313376969913, 1005.0 ], [ 121.137438058767486, 24.020295316969911, 1005.0 ], [ 121.137447858767487, 24.020277246969911, 1005.0 ], [ 121.137457658767488, 24.020268206969913, 1005.0 ], [ 121.137457658767488, 24.020259176969912, 1005.0 ], [ 121.137467458767489, 24.02024111696991, 1005.0 ], [ 121.137477258767476, 24.020232076969911, 1005.0 ], [ 121.137487158767485, 24.020223036969913, 1005.0 ], [ 121.137496958767485, 24.02020496696991, 1005.0 ], [ 121.137496958767485, 24.02020496696991, 1005.0 ], [ 121.137506758767486, 24.020186896969911, 1005.0 ], [ 121.137516558767487, 24.020177856969912, 1005.0 ], [ 121.137526358767488, 24.020168826969911, 1005.0 ], [ 121.137536258767483, 24.020159786969913, 1005.0 ], [ 121.137546058767484, 24.020150746969911, 1005.0 ], [ 121.137555858767485, 24.020132676969912, 1005.0 ], [ 121.137555858767485, 24.020132676969912, 1005.0 ], [ 121.137565658767485, 24.020114606969912, 1005.0 ], [ 121.137575458767486, 24.020105576969911, 1005.0 ], [ 121.137585258767487, 24.020096536969913, 1005.0 ], [ 121.137595158767482, 24.020087496969911, 1005.0 ], [ 121.137604958767483, 24.020078456969912, 1005.0 ], [ 121.137626858767476, 24.020057696969911, 1005.0 ], [ 121.137632558767478, 24.019945526969913, 1005.0 ], [ 121.13761505876748, 24.019854746969912, 1005.0 ], [ 121.137614858767478, 24.019726566969911, 1005.0 ], [ 121.137597258767485, 24.019555676969912, 1005.0 ], [ 121.137574858767479, 24.01950962696991, 1005.0 ], [ 121.137555158767483, 24.019482556969912, 1005.0 ], [ 121.137555158767483, 24.019473526969911, 1005.0 ], [ 121.137555158767483, 24.01946449696991, 1005.0 ], [ 121.137555158767483, 24.019446436969911, 1005.0 ], [ 121.137555058767475, 24.019428376969913, 1005.0 ], [ 121.137555058767475, 24.01941031696991, 1005.0 ], [ 121.137555058767475, 24.019392256969912, 1005.0 ], [ 121.137555058767475, 24.01937419696991, 1005.0 ], [ 121.137555058767475, 24.019356136969911, 1005.0 ], [ 121.137554958767481, 24.019338076969913, 1005.0 ], [ 121.137554958767481, 24.01932001696991, 1005.0 ], [ 121.137554958767481, 24.019301966969913, 1005.0 ], [ 121.137554958767481, 24.01928390696991, 1005.0 ], [ 121.137554958767481, 24.019265846969912, 1005.0 ], [ 121.137554858767487, 24.01924778696991, 1005.0 ], [ 121.137554858767487, 24.01924778696991, 1005.0 ], [ 121.137554858767487, 24.019229726969911, 1005.0 ], [ 121.137564658767488, 24.019211656969912, 1005.0 ], [ 121.137574458767489, 24.019193586969912, 1005.0 ], [ 121.137574458767489, 24.019157466969911, 1005.0 ], [ 121.137574458767489, 24.01913941696991, 1005.0 ], [ 121.13756455876748, 24.019121366969912, 1005.0 ], [ 121.137554758767479, 24.019112346969912, 1005.0 ], [ 121.137535058767483, 24.019103326969912, 1005.0 ], [ 121.137535058767483, 24.019103326969912, 1005.0 ], [ 121.137515458767481, 24.019094316969912, 1005.0 ], [ 121.137505558767486, 24.019085296969912, 1005.0 ], [ 121.137495758767486, 24.019076276969912, 1005.0 ], [ 121.137476058767476, 24.019067266969913, 1005.0 ], [ 121.137476058767476, 24.019067266969913, 1005.0 ], [ 121.13745635876748, 24.019058256969913, 1005.0 ], [ 121.137436758767478, 24.019049236969913, 1005.0 ], [ 121.137417058767483, 24.019049256969911, 1005.0 ], [ 121.137407258767482, 24.019049266969912, 1005.0 ], [ 121.137397358767487, 24.019049276969913, 1005.0 ], [ 121.137377758767485, 24.01904026696991, 1005.0 ], [ 121.137358058767475, 24.01903125696991, 1005.0 ], [ 121.137358058767475, 24.01903125696991, 1005.0 ], [ 121.137338358767479, 24.01902223696991, 1005.0 ], [ 121.137328558767479, 24.01901321696991, 1005.0 ], [ 121.137318758767478, 24.019004196969913, 1005.0 ], [ 121.137299058767482, 24.01899518696991, 1005.0 ], [ 121.137279358767486, 24.018995206969912, 1005.0 ], [ 121.137259758767485, 24.01899522696991, 1005.0 ], [ 121.137240058767489, 24.018995236969911, 1005.0 ], [ 121.137220358767479, 24.018995256969912, 1005.0 ], [ 121.137200758767477, 24.018986246969913, 1005.0 ], [ 121.137181058767482, 24.018986266969911, 1005.0 ], [ 121.137161358767486, 24.018977256969912, 1005.0 ], [ 121.137141758767484, 24.018977266969912, 1005.0 ], [ 121.137122058767488, 24.018977286969911, 1005.0 ], [ 121.137122058767488, 24.018977286969911, 1005.0 ], [ 121.137102458767487, 24.018977306969912, 1005.0 ], [ 121.137082758767477, 24.01897732696991, 1005.0 ], [ 121.137072958767476, 24.01897732696991, 1005.0 ], [ 121.137063058767481, 24.018977336969911, 1005.0 ], [ 121.137043458767479, 24.01898638696991, 1005.0 ], [ 121.137033658767479, 24.018995426969912, 1005.0 ], [ 121.137023758767484, 24.019004466969911, 1005.0 ], [ 121.137013958767483, 24.019013506969912, 1005.0 ], [ 121.137004158767482, 24.01902253696991, 1005.0 ], [ 121.13698455876748, 24.019031586969913, 1005.0 ], [ 121.136974658767485, 24.01903159696991, 1005.0 ], [ 121.136964858767485, 24.019031606969911, 1005.0 ], [ 121.136945158767489, 24.019031626969912, 1005.0 ], [ 121.136925558767487, 24.019040666969911, 1005.0 ], [ 121.136905858767477, 24.019040686969912, 1005.0 ], [ 121.136886258767476, 24.019049736969912, 1005.0 ], [ 121.13686655876748, 24.019040726969912, 1005.0 ], [ 121.136846858767484, 24.019040736969913, 1005.0 ], [ 121.136827258767482, 24.01903172696991, 1005.0 ], [ 121.136807558767487, 24.019031746969912, 1005.0 ], [ 121.136807558767487, 24.019031746969912, 1005.0 ], [ 121.136787858767477, 24.019022736969912, 1005.0 ], [ 121.136768258767489, 24.019013726969913, 1005.0 ], [ 121.13675835876748, 24.019013726969913, 1005.0 ], [ 121.136748558767479, 24.01901373696991, 1005.0 ], [ 121.136728858767484, 24.019004726969911, 1005.0 ], [ 121.136709258767482, 24.018995716969911, 1005.0 ], [ 121.136709258767482, 24.018995716969911, 1005.0 ], [ 121.136689558767486, 24.018986706969912, 1005.0 ], [ 121.136679758767485, 24.018977686969912, 1005.0 ], [ 121.136669858767476, 24.018968666969911, 1005.0 ], [ 121.136660058767475, 24.018959646969911, 1005.0 ], [ 121.13665015876748, 24.01895061696991, 1005.0 ], [ 121.13664035876748, 24.01894159696991, 1005.0 ], [ 121.136630558767479, 24.018923546969912, 1005.0 ], [ 121.136630558767479, 24.018923546969912, 1005.0 ], [ 121.136620658767484, 24.018905496969911, 1005.0 ], [ 121.136610858767483, 24.018887446969913, 1005.0 ], [ 121.136610758767489, 24.018878416969912, 1005.0 ], [ 121.136610758767489, 24.018869386969911, 1005.0 ], [ 121.136600958767488, 24.018851336969913, 1005.0 ], [ 121.136591058767479, 24.018833286969912, 1005.0 ], [ 121.136591058767479, 24.018815226969913, 1005.0 ], [ 121.136591058767479, 24.018815226969913, 1005.0 ], [ 121.136581258767478, 24.018797176969912, 1005.0 ], [ 121.136571358767483, 24.01877912696991, 1005.0 ], [ 121.136571358767483, 24.01877912696991, 1005.0 ], [ 121.136561558767482, 24.018761076969913, 1005.0 ], [ 121.136551658767488, 24.018743026969911, 1005.0 ], [ 121.136551658767488, 24.018743026969911, 1005.0 ], [ 121.136531958767478, 24.018724986969911, 1005.0 ], [ 121.136512358767476, 24.018725006969913, 1005.0 ], [ 121.136296058767485, 24.01872519696991, 1005.0 ], [ 121.136276458767483, 24.018725216969912, 1005.0 ], [ 121.136256758767487, 24.01872523696991, 1005.0 ], [ 121.136237058767477, 24.018734276969912, 1005.0 ], [ 121.136217458767476, 24.01873429696991, 1005.0 ], [ 121.13619775876748, 24.018743346969913, 1005.0 ], [ 121.136178158767478, 24.018743366969911, 1005.0 ], [ 121.136158458767483, 24.018743376969912, 1005.0 ], [ 121.136138758767487, 24.01874339696991, 1005.0 ], [ 121.136119158767485, 24.018734386969911, 1005.0 ], [ 121.136099458767475, 24.018725376969911, 1005.0 ], [ 121.13607975876748, 24.018725396969913, 1005.0 ], [ 121.136060158767478, 24.01872540696991, 1005.0 ], [ 121.136060158767478, 24.01872540696991, 1005.0 ], [ 121.136040458767482, 24.018725426969912, 1005.0 ], [ 121.136020758767486, 24.018707386969911, 1005.0 ], [ 121.136020758767486, 24.018707386969911, 1005.0 ], [ 121.136001158767485, 24.018689346969911, 1005.0 ], [ 121.136001158767485, 24.01868031696991, 1005.0 ], [ 121.136001058767476, 24.018671286969912, 1005.0 ], [ 121.135991258767476, 24.018653236969911, 1005.0 ], [ 121.135981358767481, 24.018635186969913, 1005.0 ], [ 121.135981358767481, 24.018626156969912, 1005.0 ], [ 121.135981358767481, 24.018617126969911, 1005.0 ], [ 121.13597155876748, 24.018599076969913, 1005.0 ], [ 121.135961658767485, 24.018590056969913, 1005.0 ], [ 121.135951858767484, 24.018581036969913, 1005.0 ], [ 121.135942058767483, 24.018572016969912, 1005.0 ], [ 121.135922358767488, 24.018562996969912, 1005.0 ], [ 121.135912558767487, 24.018563006969913, 1005.0 ], [ 121.135902658767478, 24.01856301696991, 1005.0 ], [ 121.135883058767476, 24.018554006969911, 1005.0 ], [ 121.13586335876748, 24.018544996969911, 1005.0 ], [ 121.135853558767479, 24.018545006969912, 1005.0 ], [ 121.135843658767484, 24.018545006969912, 1005.0 ], [ 121.135824058767483, 24.018535996969913, 1005.0 ], [ 121.135814158767488, 24.018526976969913, 1005.0 ], [ 121.135804358767487, 24.01852698696991, 1005.0 ], [ 121.135784658767477, 24.018508946969913, 1005.0 ], [ 121.135784658767477, 24.018499916969912, 1005.0 ], [ 121.135774858767476, 24.018490896969912, 1005.0 ], [ 121.135764958767481, 24.018481876969911, 1005.0 ], [ 121.135755158767481, 24.018472856969911, 1005.0 ], [ 121.135745258767486, 24.018463836969911, 1005.0 ], [ 121.135725658767484, 24.018463846969912, 1005.0 ], [ 121.135705958767488, 24.018454836969912, 1005.0 ], [ 121.135696158767487, 24.018454846969913, 1005.0 ], [ 121.135686258767478, 24.018445826969913, 1005.0 ], [ 121.135666658767477, 24.01843681696991, 1005.0 ], [ 121.135666658767477, 24.01843681696991, 1005.0 ], [ 121.135656758767482, 24.018418766969912, 1005.0 ], [ 121.135646958767481, 24.018400716969911, 1005.0 ], [ 121.135646958767481, 24.018400716969911, 1005.0 ], [ 121.135637058767486, 24.018382666969913, 1005.0 ], [ 121.135627258767485, 24.018364616969912, 1005.0 ], [ 121.135627258767485, 24.018364616969912, 1005.0 ], [ 121.135607558767475, 24.01834656696991, 1005.0 ], [ 121.135607558767475, 24.01834656696991, 1005.0 ], [ 121.135587858767479, 24.01832852696991, 1005.0 ], [ 121.135587858767479, 24.018319496969912, 1005.0 ], [ 121.135578058767479, 24.018310476969912, 1005.0 ], [ 121.135568158767484, 24.018292426969911, 1005.0 ], [ 121.135568158767484, 24.018292426969911, 1005.0 ], [ 121.135548458767488, 24.01827438696991, 1005.0 ], [ 121.135548458767488, 24.018265356969913, 1005.0 ], [ 121.135538658767487, 24.018256336969912, 1005.0 ], [ 121.135528758767478, 24.018238286969911, 1005.0 ], [ 121.135528758767478, 24.018238286969911, 1005.0 ], [ 121.135518958767477, 24.01822023696991, 1005.0 ], [ 121.135509058767482, 24.018202186969912, 1005.0 ], [ 121.135509058767482, 24.018202186969912, 1005.0 ], [ 121.135489458767481, 24.018184146969912, 1005.0 ], [ 121.135489458767481, 24.01817511696991, 1005.0 ], [ 121.135479558767486, 24.01816609696991, 1005.0 ], [ 121.135469758767485, 24.018148046969912, 1005.0 ], [ 121.135469758767485, 24.018148046969912, 1005.0 ], [ 121.135450058767489, 24.018129996969911, 1005.0 ], [ 121.135450058767489, 24.018120976969911, 1005.0 ], [ 121.13544015876748, 24.01811194696991, 1005.0 ], [ 121.135430358767479, 24.018093896969912, 1005.0 ], [ 121.135430358767479, 24.018093896969912, 1005.0 ], [ 121.135410658767483, 24.018075856969912, 1005.0 ], [ 121.135410658767483, 24.018075856969912, 1005.0 ], [ 121.135400858767483, 24.01805780696991, 1005.0 ], [ 121.135390958767488, 24.018039756969912, 1005.0 ], [ 121.135390958767488, 24.01802169696991, 1005.0 ], [ 121.135390958767488, 24.018003636969912, 1005.0 ], [ 121.135390958767488, 24.017985576969913, 1005.0 ], [ 121.135400758767489, 24.017967516969911, 1005.0 ], [ 121.13540065876748, 24.017949456969912, 1005.0 ], [ 121.13540065876748, 24.01793139696991, 1005.0 ], [ 121.13540065876748, 24.017913336969912, 1005.0 ], [ 121.13540065876748, 24.017895276969913, 1005.0 ], [ 121.13540065876748, 24.017877216969911, 1005.0 ], [ 121.13540065876748, 24.017859156969912, 1005.0 ], [ 121.135390758767485, 24.017850136969912, 1005.0 ], [ 121.135390758767485, 24.017841106969911, 1005.0 ], [ 121.135371058767475, 24.01782306696991, 1005.0 ], [ 121.135371058767475, 24.01782306696991, 1005.0 ], [ 121.135351458767488, 24.017814056969911, 1005.0 ], [ 121.135331758767478, 24.017805046969912, 1005.0 ], [ 121.135331758767478, 24.017805046969912, 1005.0 ], [ 121.135312058767482, 24.017796026969911, 1005.0 ], [ 121.135292458767481, 24.017796046969913, 1005.0 ], [ 121.135272758767485, 24.017796066969911, 1005.0 ], [ 121.135253058767489, 24.017796086969913, 1005.0 ], [ 121.135233458767487, 24.01779609696991, 1005.0 ], [ 121.135213758767478, 24.017796116969912, 1005.0 ], [ 121.135194158767476, 24.01779613696991, 1005.0 ], [ 121.13517445876748, 24.01778712696991, 1005.0 ], [ 121.13517445876748, 24.01778712696991, 1005.0 ], [ 121.135154758767484, 24.01777810696991, 1005.0 ], [ 121.135144958767484, 24.01776908696991, 1005.0 ], [ 121.135135058767489, 24.017751036969912, 1005.0 ], [ 121.135135058767489, 24.017742006969911, 1005.0 ], [ 121.135135058767489, 24.01773297696991, 1005.0 ], [ 121.135125258767488, 24.017714926969912, 1005.0 ], [ 121.13512515876748, 24.01769686696991, 1005.0 ], [ 121.135115358767479, 24.017678816969912, 1005.0 ], [ 121.135115358767479, 24.017660766969911, 1005.0 ], [ 121.135115358767479, 24.017660766969911, 1005.0 ], [ 121.135105458767484, 24.017642706969912, 1005.0 ], [ 121.135095658767483, 24.017633686969912, 1005.0 ], [ 121.135085758767488, 24.017624666969912, 1005.0 ], [ 121.135075958767487, 24.017624676969913, 1005.0 ], [ 121.135056258767477, 24.01761566696991, 1005.0 ], [ 121.135036658767476, 24.01760665696991, 1005.0 ], [ 121.135036658767476, 24.01760665696991, 1005.0 ], [ 121.13501695876748, 24.01758861696991, 1005.0 ], [ 121.13501695876748, 24.01758861696991, 1005.0 ], [ 121.134997258767484, 24.017570566969912, 1005.0 ], [ 121.134997258767484, 24.017570566969912, 1005.0 ], [ 121.134987458767483, 24.017552516969911, 1005.0 ], [ 121.134977558767488, 24.01754349696991, 1005.0 ], [ 121.134977558767488, 24.017534466969913, 1005.0 ], [ 121.134957858767478, 24.017516426969912, 1005.0 ], [ 121.134957858767478, 24.017516426969912, 1005.0 ], [ 121.134938258767477, 24.017507416969913, 1005.0 ], [ 121.134928358767482, 24.017498396969913, 1005.0 ], [ 121.134918558767481, 24.01749840696991, 1005.0 ], [ 121.134898858767485, 24.017489396969911, 1005.0 ], [ 121.134879258767484, 24.017489406969911, 1005.0 ], [ 121.134859558767488, 24.017489426969913, 1005.0 ], [ 121.134839858767478, 24.017489446969911, 1005.0 ], [ 121.134820258767476, 24.017480426969911, 1005.0 ], [ 121.134800558767481, 24.017480446969913, 1005.0 ], [ 121.134800558767481, 24.017480446969913, 1005.0 ], [ 121.134780958767479, 24.017480466969911, 1005.0 ], [ 121.134761258767483, 24.017471456969911, 1005.0 ], [ 121.134741558767487, 24.017462446969912, 1005.0 ], [ 121.134741558767487, 24.017462446969912, 1005.0 ], [ 121.134721858767477, 24.017453426969912, 1005.0 ], [ 121.134702258767476, 24.01745344696991, 1005.0 ], [ 121.134692358767481, 24.017444426969913, 1005.0 ], [ 121.13468255876748, 24.017435406969913, 1005.0 ], [ 121.134662858767484, 24.01742639696991, 1005.0 ], [ 121.134662858767484, 24.01742639696991, 1005.0 ], [ 121.134643258767483, 24.017408346969912, 1005.0 ], [ 121.134643258767483, 24.017408346969912, 1005.0 ], [ 121.134623558767487, 24.017390306969912, 1005.0 ], [ 121.134623558767487, 24.01738127696991, 1005.0 ], [ 121.134613658767478, 24.01737225696991, 1005.0 ], [ 121.134613658767478, 24.017354196969912, 1005.0 ], [ 121.134603858767477, 24.017345176969911, 1005.0 ], [ 121.134603858767477, 24.01733614696991, 1005.0 ], [ 121.134593958767482, 24.017318096969912, 1005.0 ], [ 121.134584158767481, 24.017300046969911, 1005.0 ], [ 121.134584158767481, 24.017300046969911, 1005.0 ], [ 121.134564458767485, 24.017282006969911, 1005.0 ], [ 121.134564458767485, 24.017282006969911, 1005.0 ], [ 121.134544758767476, 24.01726396696991, 1005.0 ], [ 121.134544758767476, 24.01726396696991, 1005.0 ], [ 121.13452505876748, 24.01724592696991, 1005.0 ], [ 121.13452505876748, 24.01724592696991, 1005.0 ], [ 121.134515258767479, 24.017227876969912, 1005.0 ], [ 121.134505358767484, 24.017209826969911, 1005.0 ], [ 121.134505358767484, 24.017200796969913, 1005.0 ], [ 121.134495558767483, 24.017191776969913, 1005.0 ], [ 121.134495558767483, 24.017173716969911, 1005.0 ], [ 121.134485658767488, 24.017155666969913, 1005.0 ], [ 121.134485658767488, 24.017155666969913, 1005.0 ], [ 121.134465958767478, 24.017137616969912, 1005.0 ], [ 121.134465958767478, 24.017137616969912, 1005.0 ], [ 121.134446358767477, 24.017119576969911, 1005.0 ], [ 121.134446358767477, 24.017119576969911, 1005.0 ], [ 121.134426658767481, 24.017101536969911, 1005.0 ], [ 121.134426658767481, 24.017101536969911, 1005.0 ], [ 121.134406958767485, 24.01708349696991, 1005.0 ], [ 121.134406958767485, 24.01708349696991, 1005.0 ], [ 121.134387258767475, 24.017065456969913, 1005.0 ], [ 121.134387258767475, 24.017056426969912, 1005.0 ], [ 121.134377458767489, 24.017047406969912, 1005.0 ], [ 121.13436755876748, 24.01702935696991, 1005.0 ], [ 121.13436755876748, 24.017020326969913, 1005.0 ], [ 121.13436755876748, 24.017011296969912, 1005.0 ], [ 121.134357758767479, 24.016993246969911, 1005.0 ], [ 121.134347858767484, 24.01698422696991, 1005.0 ], [ 121.134347858767484, 24.016975196969913, 1005.0 ], [ 121.134328158767488, 24.016957146969911, 1005.0 ], [ 121.134328158767488, 24.016948126969911, 1005.0 ], [ 121.134318358767487, 24.01693909696991, 1005.0 ], [ 121.134308458767478, 24.016921046969912, 1005.0 ], [ 121.134308458767478, 24.016912016969911, 1005.0 ], [ 121.134308458767478, 24.01690298696991, 1005.0 ], [ 121.134298658767477, 24.016884936969912, 1005.0 ], [ 121.134298558767483, 24.016866886969911, 1005.0 ], [ 121.134288758767482, 24.01685785696991, 1005.0 ], [ 121.134288758767482, 24.016848826969913, 1005.0 ], [ 121.134278858767487, 24.016830776969911, 1005.0 ], [ 121.134269058767487, 24.01681272696991, 1005.0 ], [ 121.134269058767487, 24.01681272696991, 1005.0 ], [ 121.134259158767478, 24.016794676969912, 1005.0 ], [ 121.134249358767477, 24.016776626969911, 1005.0 ], [ 121.134249358767477, 24.016776626969911, 1005.0 ], [ 121.134239458767482, 24.016758576969913, 1005.0 ], [ 121.134229658767481, 24.016740526969912, 1005.0 ], [ 121.134229658767481, 24.016740526969912, 1005.0 ], [ 121.134219758767486, 24.01672247696991, 1005.0 ], [ 121.134209958767485, 24.016704426969913, 1005.0 ], [ 121.134209958767485, 24.016704426969913, 1005.0 ], [ 121.134200058767476, 24.016686376969911, 1005.0 ], [ 121.134200058767476, 24.016668316969913, 1005.0 ], [ 121.134190258767475, 24.016650266969911, 1005.0 ], [ 121.134190258767475, 24.016632206969913, 1005.0 ], [ 121.134190158767481, 24.016614146969911, 1005.0 ], [ 121.134190158767481, 24.016614146969911, 1005.0 ], [ 121.134190158767481, 24.016614146969911, 1005.0 ], [ 121.134190158767481, 24.016596086969912, 1005.0 ], [ 121.134190158767481, 24.016578036969911, 1005.0 ], [ 121.134199958767482, 24.016559966969911, 1005.0 ], [ 121.134209758767483, 24.016550926969913, 1005.0 ], [ 121.134229458767479, 24.01654187696991, 1005.0 ], [ 121.134229458767479, 24.01654187696991, 1005.0 ], [ 121.13424905876748, 24.016532836969912, 1005.0 ], [ 121.134258958767475, 24.01652379696991, 1005.0 ], [ 121.134268758767476, 24.016523786969913, 1005.0 ], [ 121.134278558767477, 24.01650571696991, 1005.0 ], [ 121.134288358767478, 24.01648764696991, 1005.0 ], [ 121.134288358767478, 24.01648764696991, 1005.0 ], [ 121.134288358767478, 24.016469586969912, 1005.0 ], [ 121.134288358767478, 24.01645153696991, 1005.0 ], [ 121.134288358767478, 24.016433476969912, 1005.0 ], [ 121.134288258767484, 24.016415416969913, 1005.0 ], [ 121.134288258767484, 24.016415416969913, 1005.0 ], [ 121.134288258767484, 24.016397356969911, 1005.0 ], [ 121.134278458767483, 24.01637930696991, 1005.0 ], [ 121.134278458767483, 24.016361246969911, 1005.0 ], [ 121.134268558767488, 24.01634319696991, 1005.0 ], [ 121.134268558767488, 24.016334166969912, 1005.0 ], [ 121.134258758767487, 24.016325146969912, 1005.0 ], [ 121.134248858767478, 24.016307096969911, 1005.0 ], [ 121.134248858767478, 24.016307096969911, 1005.0 ], [ 121.134229158767482, 24.016298086969911, 1005.0 ], [ 121.134219358767481, 24.01628905696991, 1005.0 ], [ 121.134209558767481, 24.01628003696991, 1005.0 ], [ 121.134199658767486, 24.01627101696991, 1005.0 ], [ 121.134189858767485, 24.016252966969912, 1005.0 ], [ 121.134189858767485, 24.016252966969912, 1005.0 ], [ 121.134179958767476, 24.016234916969911, 1005.0 ], [ 121.134170158767489, 24.016216866969913, 1005.0 ], [ 121.134170158767489, 24.016216866969913, 1005.0 ], [ 121.134150458767479, 24.016198826969912, 1005.0 ], [ 121.134150458767479, 24.016198826969912, 1005.0 ], [ 121.134130758767483, 24.016189816969913, 1005.0 ], [ 121.134111158767482, 24.01618982696991, 1005.0 ], [ 121.134091458767486, 24.016189846969912, 1005.0 ], [ 121.134071758767476, 24.016180836969912, 1005.0 ], [ 121.134061958767475, 24.01618084696991, 1005.0 ], [ 121.134052158767489, 24.01618085696991, 1005.0 ], [ 121.134032458767479, 24.01617183696991, 1005.0 ], [ 121.134022658767478, 24.01616281696991, 1005.0 ], [ 121.134012758767483, 24.016144766969912, 1005.0 ], [ 121.134012758767483, 24.016144766969912, 1005.0 ], [ 121.134002958767482, 24.016126716969911, 1005.0 ], [ 121.134002858767488, 24.016108656969912, 1005.0 ], [ 121.133993058767487, 24.016090606969911, 1005.0 ], [ 121.133993058767487, 24.01608157696991, 1005.0 ], [ 121.133993058767487, 24.016072546969912, 1005.0 ], [ 121.133983158767478, 24.016054496969911, 1005.0 ], [ 121.133973358767477, 24.01603644696991, 1005.0 ], [ 121.133973358767477, 24.016018386969911, 1005.0 ], [ 121.133973358767477, 24.016018386969911, 1005.0 ], [ 121.133963458767482, 24.01600033696991, 1005.0 ], [ 121.133963458767482, 24.015982276969911, 1005.0 ], [ 121.133963458767482, 24.01596422696991, 1005.0 ], [ 121.133953558767487, 24.015946166969911, 1005.0 ], [ 121.133953558767487, 24.015937146969911, 1005.0 ], [ 121.133953558767487, 24.01592811696991, 1005.0 ], [ 121.133943758767487, 24.015910066969912, 1005.0 ], [ 121.133933858767477, 24.01589200696991, 1005.0 ], [ 121.133933858767477, 24.015873956969912, 1005.0 ], [ 121.133933858767477, 24.015873956969912, 1005.0 ], [ 121.133933858767477, 24.01585589696991, 1005.0 ], [ 121.133933858767477, 24.015837836969911, 1005.0 ], [ 121.133923958767483, 24.01581978696991, 1005.0 ], [ 121.133923958767483, 24.015801726969912, 1005.0 ], [ 121.133914058767488, 24.01578367696991, 1005.0 ], [ 121.133914058767488, 24.015765616969912, 1005.0 ], [ 121.133914058767488, 24.015756586969911, 1005.0 ], [ 121.133914058767488, 24.015747556969913, 1005.0 ], [ 121.133904258767487, 24.015729506969912, 1005.0 ], [ 121.133894358767478, 24.01571145696991, 1005.0 ], [ 121.133894358767478, 24.015702426969913, 1005.0 ], [ 121.133884558767477, 24.015693406969913, 1005.0 ], [ 121.133874658767482, 24.015675356969911, 1005.0 ], [ 121.133874658767482, 24.01566632696991, 1005.0 ], [ 121.133864858767481, 24.01565730696991, 1005.0 ], [ 121.133864758767487, 24.015639246969911, 1005.0 ], [ 121.133854958767486, 24.01562119696991, 1005.0 ], [ 121.133854958767486, 24.01562119696991, 1005.0 ], [ 121.133845058767477, 24.015603146969912, 1005.0 ], [ 121.133845058767477, 24.01558508696991, 1005.0 ], [ 121.133835258767476, 24.015567036969912, 1005.0 ], [ 121.133835258767476, 24.015567036969912, 1005.0 ], [ 121.133825358767481, 24.015548986969911, 1005.0 ], [ 121.133825358767481, 24.015530926969912, 1005.0 ], [ 121.133815558767481, 24.015512876969911, 1005.0 ], [ 121.133815558767481, 24.015512876969911, 1005.0 ], [ 121.133805658767486, 24.01549482696991, 1005.0 ], [ 121.133805658767486, 24.015476766969911, 1005.0 ], [ 121.133795758767477, 24.01545871696991, 1005.0 ], [ 121.133795758767477, 24.01545871696991, 1005.0 ], [ 121.133785958767476, 24.015440666969912, 1005.0 ], [ 121.133785958767476, 24.01542260696991, 1005.0 ], [ 121.133776058767481, 24.015404556969912, 1005.0 ], [ 121.133776058767481, 24.015395526969911, 1005.0 ], [ 121.13376625876748, 24.015386506969911, 1005.0 ], [ 121.13376625876748, 24.015368446969912, 1005.0 ], [ 121.133766158767486, 24.01535038696991, 1005.0 ], [ 121.133756358767485, 24.015332336969912, 1005.0 ], [ 121.133756358767485, 24.015323306969911, 1005.0 ], [ 121.133756358767485, 24.01531427696991, 1005.0 ], [ 121.133756358767485, 24.015296216969912, 1005.0 ], [ 121.133756258767477, 24.015278156969913, 1005.0 ], [ 121.133756258767477, 24.015260096969911, 1005.0 ], [ 121.133756258767477, 24.015242036969912, 1005.0 ], [ 121.133756258767477, 24.01522397696991, 1005.0 ], [ 121.133756258767477, 24.015205926969912, 1005.0 ], [ 121.133756258767477, 24.015196896969911, 1005.0 ], [ 121.133756158767483, 24.01518786696991, 1005.0 ], [ 121.133756158767483, 24.015169806969912, 1005.0 ], [ 121.133765958767484, 24.015151736969912, 1005.0 ], [ 121.133765958767484, 24.01513367696991, 1005.0 ], [ 121.133765958767484, 24.015115616969911, 1005.0 ], [ 121.133765958767484, 24.015097556969913, 1005.0 ], [ 121.133765958767484, 24.015079496969911, 1005.0 ], [ 121.133756058767489, 24.015061446969913, 1005.0 ], [ 121.133756058767489, 24.015052416969912, 1005.0 ], [ 121.133756058767489, 24.015043386969911, 1005.0 ], [ 121.13374615876748, 24.015025336969913, 1005.0 ], [ 121.133736358767479, 24.015007286969912, 1005.0 ], [ 121.133736358767479, 24.015007286969912, 1005.0 ], [ 121.133736358767479, 24.014989226969913, 1005.0 ], [ 121.133736358767479, 24.014971166969911, 1005.0 ], [ 121.133726458767484, 24.014953116969913, 1005.0 ], [ 121.133726458767484, 24.014935056969911, 1005.0 ], [ 121.133736258767485, 24.014916996969912, 1005.0 ], [ 121.133736258767485, 24.014907966969911, 1005.0 ], [ 121.133736258767485, 24.01489893696991, 1005.0 ], [ 121.133755858767486, 24.01488085696991, 1005.0 ], [ 121.133755858767486, 24.01488085696991, 1005.0 ], [ 121.133775558767482, 24.014862786969911, 1005.0 ], [ 121.133775558767482, 24.014862786969911, 1005.0 ], [ 121.133795158767484, 24.014853736969911, 1005.0 ], [ 121.133814858767479, 24.014844686969912, 1005.0 ], [ 121.133814858767479, 24.014844686969912, 1005.0 ], [ 121.133834458767481, 24.014826616969913, 1005.0 ], [ 121.133834458767481, 24.014826616969913, 1005.0 ], [ 121.133844258767482, 24.01480854696991, 1005.0 ], [ 121.133854058767483, 24.01479047696991, 1005.0 ], [ 121.133854058767483, 24.01479047696991, 1005.0 ], [ 121.133863858767484, 24.014772406969911, 1005.0 ], [ 121.133873758767479, 24.014754346969912, 1005.0 ], [ 121.133873658767484, 24.014745316969911, 1005.0 ], [ 121.133873658767484, 24.01473628696991, 1005.0 ], [ 121.133883458767485, 24.014718216969911, 1005.0 ], [ 121.133873658767484, 24.014700166969913, 1005.0 ], [ 121.133883458767485, 24.01468209696991, 1005.0 ], [ 121.133873658767484, 24.014664046969912, 1005.0 ], [ 121.133873558767476, 24.01464598696991, 1005.0 ], [ 121.133873558767476, 24.014636956969913, 1005.0 ], [ 121.133873558767476, 24.014627926969911, 1005.0 ], [ 121.133863758767475, 24.01460987696991, 1005.0 ], [ 121.133863758767475, 24.014591816969912, 1005.0 ], [ 121.13385385876748, 24.01457376696991, 1005.0 ], [ 121.13385385876748, 24.014564736969913, 1005.0 ], [ 121.13385385876748, 24.014555706969912, 1005.0 ], [ 121.133843958767486, 24.01453765696991, 1005.0 ], [ 121.133843958767486, 24.014519596969912, 1005.0 ], [ 121.133834158767485, 24.01450154696991, 1005.0 ], [ 121.133834158767485, 24.01450154696991, 1005.0 ], [ 121.133824258767476, 24.014483496969913, 1005.0 ], [ 121.133824258767476, 24.01446543696991, 1005.0 ], [ 121.133814458767489, 24.014447386969913, 1005.0 ], [ 121.133814358767481, 24.014429326969911, 1005.0 ], [ 121.133814358767481, 24.014411266969912, 1005.0 ], [ 121.133814358767481, 24.014393216969911, 1005.0 ], [ 121.133824158767482, 24.014375146969911, 1005.0 ], [ 121.133824158767482, 24.014357086969913, 1005.0 ], [ 121.133824158767482, 24.01433902696991, 1005.0 ], [ 121.133824158767482, 24.014320966969912, 1005.0 ], [ 121.133824058767487, 24.01430290696991, 1005.0 ], [ 121.133833858767488, 24.01428483696991, 1005.0 ], [ 121.133833858767488, 24.014266776969912, 1005.0 ], [ 121.133833858767488, 24.01424872696991, 1005.0 ], [ 121.133833858767488, 24.014230666969912, 1005.0 ], [ 121.133833858767488, 24.014212606969913, 1005.0 ], [ 121.133833858767488, 24.014212606969913, 1005.0 ], [ 121.133833858767488, 24.014194546969911, 1005.0 ], [ 121.13383375876748, 24.014176486969912, 1005.0 ], [ 121.133843558767481, 24.014158416969913, 1005.0 ], [ 121.133843558767481, 24.014140356969911, 1005.0 ], [ 121.133843558767481, 24.014122296969912, 1005.0 ], [ 121.133853358767482, 24.014113266969911, 1005.0 ], [ 121.133853358767482, 24.01410423696991, 1005.0 ], [ 121.133863158767483, 24.014086166969911, 1005.0 ], [ 121.133872958767483, 24.014068096969911, 1005.0 ], [ 121.133872958767483, 24.014068096969911, 1005.0 ], [ 121.133882858767478, 24.014050026969912, 1005.0 ], [ 121.133892658767479, 24.014031956969912, 1005.0 ], [ 121.133892658767479, 24.014022936969912, 1005.0 ], [ 121.133892558767485, 24.014013906969911, 1005.0 ], [ 121.13390245876748, 24.013995836969912, 1005.0 ], [ 121.133902358767486, 24.013977776969913, 1005.0 ], [ 121.133892558767485, 24.013959726969912, 1005.0 ], [ 121.133892558767485, 24.013959726969912, 1005.0 ], [ 121.133882658767476, 24.01394167696991, 1005.0 ], [ 121.133872858767475, 24.013923626969913, 1005.0 ], [ 121.133872858767475, 24.013923626969913, 1005.0 ], [ 121.13386295876748, 24.013905576969911, 1005.0 ], [ 121.133853158767479, 24.01388752696991, 1005.0 ], [ 121.133853158767479, 24.01388752696991, 1005.0 ], [ 121.133843258767484, 24.013869476969912, 1005.0 ], [ 121.133833458767484, 24.013851426969911, 1005.0 ], [ 121.133833458767484, 24.013851426969911, 1005.0 ], [ 121.133813758767488, 24.013833376969913, 1005.0 ], [ 121.133813758767488, 24.013833376969913, 1005.0 ], [ 121.133803958767487, 24.013815326969912, 1005.0 ], [ 121.133794058767478, 24.01379727696991, 1005.0 ], [ 121.133794058767478, 24.013779216969912, 1005.0 ], [ 121.133794058767478, 24.01376115696991, 1005.0 ], [ 121.133794058767478, 24.013743106969912, 1005.0 ], [ 121.133803858767479, 24.013725036969912, 1005.0 ], [ 121.133803858767479, 24.01370697696991, 1005.0 ], [ 121.133793958767484, 24.013688926969913, 1005.0 ], [ 121.133793958767484, 24.013679896969911, 1005.0 ], [ 121.133784158767483, 24.013670876969911, 1005.0 ], [ 121.133774258767488, 24.01365282696991, 1005.0 ], [ 121.133774258767488, 24.01365282696991, 1005.0 ], [ 121.133754558767478, 24.01364381696991, 1005.0 ], [ 121.133744758767477, 24.013634786969913, 1005.0 ], [ 121.133734958767477, 24.013625766969913, 1005.0 ], [ 121.133725058767482, 24.013616746969912, 1005.0 ], [ 121.133715258767481, 24.013607726969912, 1005.0 ], [ 121.133705358767486, 24.013598706969912, 1005.0 ], [ 121.133705358767486, 24.01358064696991, 1005.0 ], [ 121.133695558767485, 24.013562596969912, 1005.0 ], [ 121.133695558767485, 24.01354453696991, 1005.0 ], [ 121.133695558767485, 24.01354453696991, 1005.0 ], [ 121.133695458767477, 24.013526476969911, 1005.0 ], [ 121.133695458767477, 24.013508416969913, 1005.0 ], [ 121.133695458767477, 24.013490356969911, 1005.0 ], [ 121.133695458767477, 24.013490356969911, 1005.0 ], [ 121.133695458767477, 24.013472306969913, 1005.0 ], [ 121.133705258767478, 24.01345423696991, 1005.0 ], [ 121.133715058767478, 24.01343616696991, 1005.0 ], [ 121.133715058767478, 24.01343616696991, 1005.0 ], [ 121.133724858767479, 24.013418096969911, 1005.0 ], [ 121.13373465876748, 24.013400036969912, 1005.0 ], [ 121.13373465876748, 24.013400036969912, 1005.0 ], [ 121.133754358767476, 24.013381956969912, 1005.0 ], [ 121.133754358767476, 24.013381956969912, 1005.0 ], [ 121.133773958767478, 24.013363876969912, 1005.0 ], [ 121.133773958767478, 24.013363876969912, 1005.0 ], [ 121.133783758767478, 24.013345806969912, 1005.0 ], [ 121.133793558767479, 24.013336776969911, 1005.0 ], [ 121.133803458767488, 24.013327736969913, 1005.0 ], [ 121.133813258767489, 24.013318696969911, 1005.0 ], [ 121.133813258767489, 24.01330966696991, 1005.0 ], [ 121.133832858767477, 24.01329158696991, 1005.0 ], [ 121.133832858767477, 24.013282556969912, 1005.0 ], [ 121.133842658767477, 24.013273526969911, 1005.0 ], [ 121.133852458767478, 24.013264486969913, 1005.0 ], [ 121.133862358767487, 24.013255446969911, 1005.0 ], [ 121.133872158767488, 24.013246406969913, 1005.0 ], [ 121.133881958767489, 24.013237366969911, 1005.0 ], [ 121.133891758767476, 24.013228336969913, 1005.0 ], [ 121.133901558767477, 24.013219296969911, 1005.0 ], [ 121.133911458767486, 24.013210256969913, 1005.0 ], [ 121.133921258767487, 24.013201216969911, 1005.0 ], [ 121.133931058767487, 24.013192176969913, 1005.0 ], [ 121.133940858767488, 24.013183146969912, 1005.0 ], [ 121.133950658767489, 24.01317410696991, 1005.0 ], [ 121.133960558767484, 24.013165066969911, 1005.0 ], [ 121.133970358767485, 24.013156026969913, 1005.0 ], [ 121.133980158767486, 24.013146986969911, 1005.0 ], [ 121.133989958767486, 24.013137946969913, 1005.0 ], [ 121.133999858767481, 24.013128916969912, 1005.0 ], [ 121.134009658767482, 24.01311987696991, 1005.0 ], [ 121.134019458767483, 24.013110836969911, 1005.0 ], [ 121.134029258767484, 24.013101796969913, 1005.0 ], [ 121.134039058767485, 24.013092756969911, 1005.0 ], [ 121.13404895876748, 24.01308372696991, 1005.0 ], [ 121.13405875876748, 24.013074686969912, 1005.0 ], [ 121.134068558767481, 24.01306564696991, 1005.0 ], [ 121.134078358767482, 24.013056606969911, 1005.0 ], [ 121.134088158767483, 24.013047566969913, 1005.0 ], [ 121.134098058767478, 24.013038526969911, 1005.0 ], [ 121.134107858767479, 24.01302949696991, 1005.0 ], [ 121.13412745876748, 24.013020446969911, 1005.0 ], [ 121.13412745876748, 24.013020446969911, 1005.0 ], [ 121.134147158767476, 24.013011396969912, 1005.0 ], [ 121.134156958767477, 24.01300235696991, 1005.0 ], [ 121.134166758767478, 24.012993326969912, 1005.0 ], [ 121.134186458767488, 24.012984276969913, 1005.0 ], [ 121.134186458767488, 24.012975246969912, 1005.0 ], [ 121.134196258767489, 24.01296620696991, 1005.0 ], [ 121.134206058767475, 24.012957166969912, 1005.0 ], [ 121.134215858767476, 24.012948136969911, 1005.0 ], [ 121.134225658767477, 24.012930066969911, 1005.0 ], [ 121.134225658767477, 24.012930066969911, 1005.0 ], [ 121.134245358767487, 24.012911986969911, 1005.0 ], [ 121.134245358767487, 24.012911986969911, 1005.0 ], [ 121.134264958767488, 24.012893916969912, 1005.0 ], [ 121.134264958767488, 24.012884886969911, 1005.0 ], [ 121.134264958767488, 24.012875856969913, 1005.0 ], [ 121.134274758767475, 24.01285778696991, 1005.0 ], [ 121.134274758767475, 24.012839726969911, 1005.0 ], [ 121.134274758767475, 24.012821666969913, 1005.0 ], [ 121.134284558767476, 24.01280359696991, 1005.0 ], [ 121.134284558767476, 24.012785536969911, 1005.0 ], [ 121.134284458767482, 24.012767476969913, 1005.0 ], [ 121.134284458767482, 24.012767476969913, 1005.0 ], [ 121.134284458767482, 24.012749426969911, 1005.0 ], [ 121.134304158767478, 24.012731346969911, 1005.0 ], [ 121.134304158767478, 24.012731346969911, 1005.0 ], [ 121.134313958767478, 24.012713276969912, 1005.0 ], [ 121.134323758767479, 24.01270423696991, 1005.0 ], [ 121.134343358767481, 24.012695196969911, 1005.0 ], [ 121.134343358767481, 24.012695196969911, 1005.0 ], [ 121.134363058767477, 24.012686146969912, 1005.0 ], [ 121.134382658767478, 24.012677096969913, 1005.0 ], [ 121.134382658767478, 24.012677096969913, 1005.0 ], [ 121.134402358767488, 24.012668056969911, 1005.0 ], [ 121.134421958767476, 24.012659006969912, 1005.0 ], [ 121.134421958767476, 24.012659006969912, 1005.0 ], [ 121.134441658767486, 24.012649956969913, 1005.0 ], [ 121.134451458767487, 24.012640916969911, 1005.0 ], [ 121.134461258767487, 24.01263188696991, 1005.0 ], [ 121.134480958767483, 24.012622836969911, 1005.0 ], [ 121.134500558767485, 24.012622816969913, 1005.0 ], [ 121.134520258767481, 24.012622796969911, 1005.0 ], [ 121.134539958767476, 24.012631816969911, 1005.0 ], [ 121.134559558767478, 24.012640826969911, 1005.0 ], [ 121.134559558767478, 24.012640826969911, 1005.0 ], [ 121.134579258767488, 24.012658866969911, 1005.0 ], [ 121.134579258767488, 24.012658866969911, 1005.0 ], [ 121.134589158767483, 24.012676916969912, 1005.0 ], [ 121.134598958767484, 24.012685936969913, 1005.0 ], [ 121.134608758767484, 24.012694956969913, 1005.0 ], [ 121.134618658767479, 24.012703976969913, 1005.0 ], [ 121.134638358767475, 24.01271299696991, 1005.0 ], [ 121.134638358767475, 24.01271299696991, 1005.0 ], [ 121.134657958767477, 24.01273103696991, 1005.0 ], [ 121.134657958767477, 24.01273103696991, 1005.0 ], [ 121.134677658767487, 24.01274004696991, 1005.0 ], [ 121.134697358767482, 24.012749056969913, 1005.0 ], [ 121.134697358767482, 24.012749056969913, 1005.0 ], [ 121.134716958767484, 24.012749046969912, 1005.0 ], [ 121.13473665876748, 24.01274902696991, 1005.0 ], [ 121.13473665876748, 24.01274902696991, 1005.0 ], [ 121.134756258767482, 24.012739976969911, 1005.0 ], [ 121.134775958767477, 24.012730926969912, 1005.0 ], [ 121.134775958767477, 24.012730926969912, 1005.0 ], [ 121.134795558767479, 24.012712856969912, 1005.0 ], [ 121.134795558767479, 24.012712856969912, 1005.0 ], [ 121.134815258767489, 24.01270380696991, 1005.0 ], [ 121.134825058767476, 24.012694766969911, 1005.0 ], [ 121.134834858767476, 24.012685726969913, 1005.0 ], [ 121.134854558767486, 24.012676686969911, 1005.0 ], [ 121.134854558767486, 24.012676686969911, 1005.0 ], [ 121.134864358767487, 24.012658616969912, 1005.0 ], [ 121.134874158767488, 24.01264957696991, 1005.0 ], [ 121.134883958767489, 24.012640536969911, 1005.0 ], [ 121.134883958767489, 24.012622476969913, 1005.0 ], [ 121.134893758767475, 24.012613446969912, 1005.0 ], [ 121.134893758767475, 24.012604416969911, 1005.0 ], [ 121.134903558767476, 24.012586346969911, 1005.0 ], [ 121.134913358767477, 24.012568276969912, 1005.0 ], [ 121.134913358767477, 24.012568276969912, 1005.0 ], [ 121.134923158767478, 24.012550206969912, 1005.0 ], [ 121.134933058767487, 24.01253214696991, 1005.0 ], [ 121.134933058767487, 24.01253214696991, 1005.0 ], [ 121.134952658767489, 24.01251406696991, 1005.0 ], [ 121.134952658767489, 24.012505036969912, 1005.0 ], [ 121.134952658767489, 24.012496006969911, 1005.0 ], [ 121.134952658767489, 24.012477946969913, 1005.0 ], [ 121.13495255876748, 24.012459886969911, 1005.0 ], [ 121.13495255876748, 24.012459886969911, 1005.0 ], [ 121.13494275876748, 24.012441836969913, 1005.0 ], [ 121.134932858767485, 24.012423786969912, 1005.0 ], [ 121.134932858767485, 24.012423786969912, 1005.0 ], [ 121.134923058767484, 24.01240573696991, 1005.0 ], [ 121.134913158767489, 24.012387686969912, 1005.0 ], [ 121.134913158767489, 24.012378656969911, 1005.0 ], [ 121.134913158767489, 24.01236962696991, 1005.0 ], [ 121.134903358767488, 24.012351576969913, 1005.0 ], [ 121.134893458767479, 24.012333526969911, 1005.0 ], [ 121.134893458767479, 24.012333526969911, 1005.0 ], [ 121.134883658767478, 24.01231547696991, 1005.0 ], [ 121.134873758767483, 24.012297426969912, 1005.0 ], [ 121.134873758767483, 24.012297426969912, 1005.0 ], [ 121.134863958767482, 24.012279376969911, 1005.0 ], [ 121.134854058767488, 24.012261326969913, 1005.0 ], [ 121.134854058767488, 24.012252296969912, 1005.0 ], [ 121.134854058767488, 24.012243266969911, 1005.0 ], [ 121.134844258767487, 24.012225216969913, 1005.0 ], [ 121.134834358767478, 24.012207166969912, 1005.0 ], [ 121.134834358767478, 24.012198136969911, 1005.0 ], [ 121.134834358767478, 24.01218910696991, 1005.0 ], [ 121.134824558767477, 24.012171056969912, 1005.0 ], [ 121.134814658767482, 24.012153006969911, 1005.0 ], [ 121.134814658767482, 24.012143976969913, 1005.0 ], [ 121.134814658767482, 24.012134946969912, 1005.0 ], [ 121.134804758767487, 24.012116896969911, 1005.0 ], [ 121.134804758767487, 24.012098836969912, 1005.0 ], [ 121.134794958767486, 24.012080786969911, 1005.0 ], [ 121.134794958767486, 24.012062726969912, 1005.0 ], [ 121.134794858767478, 24.012053696969911, 1005.0 ], [ 121.134794858767478, 24.01204466696991, 1005.0 ], [ 121.134785058767477, 24.012026616969912, 1005.0 ], [ 121.134785058767477, 24.01200855696991, 1005.0 ], [ 121.134775158767482, 24.011990506969912, 1005.0 ], [ 121.134775158767482, 24.011990506969912, 1005.0 ], [ 121.134765358767481, 24.011972456969911, 1005.0 ], [ 121.134755458767486, 24.011954406969913, 1005.0 ], [ 121.134755458767486, 24.011954406969913, 1005.0 ], [ 121.134735758767476, 24.011936366969913, 1005.0 ], [ 121.134735758767476, 24.011936366969913, 1005.0 ], [ 121.134716158767489, 24.01192735696991, 1005.0 ], [ 121.134696458767479, 24.01192736696991, 1005.0 ], [ 121.134676858767477, 24.011927386969912, 1005.0 ], [ 121.134657158767482, 24.011936436969911, 1005.0 ], [ 121.134637458767486, 24.011936456969913, 1005.0 ], [ 121.134627658767485, 24.011936456969913, 1005.0 ], [ 121.134617858767484, 24.01193646696991, 1005.0 ], [ 121.134598158767488, 24.011945516969913, 1005.0 ], [ 121.134588358767488, 24.011954556969911, 1005.0 ], [ 121.134578558767487, 24.011954566969912, 1005.0 ], [ 121.134558858767477, 24.011963606969911, 1005.0 ], [ 121.134539258767475, 24.01197265696991, 1005.0 ], [ 121.134539258767475, 24.01197265696991, 1005.0 ], [ 121.134519558767479, 24.01199073696991, 1005.0 ], [ 121.134519558767479, 24.01199073696991, 1005.0 ], [ 121.134499958767478, 24.012008806969913, 1005.0 ], [ 121.134499958767478, 24.012008806969913, 1005.0 ], [ 121.134480358767476, 24.01202688696991, 1005.0 ], [ 121.134480358767476, 24.01202688696991, 1005.0 ], [ 121.13446065876748, 24.01204496696991, 1005.0 ], [ 121.13446065876748, 24.01204496696991, 1005.0 ], [ 121.134441058767479, 24.012054006969912, 1005.0 ], [ 121.134421358767483, 24.012063056969911, 1005.0 ], [ 121.134421358767483, 24.012063056969911, 1005.0 ], [ 121.134401758767481, 24.012081136969911, 1005.0 ], [ 121.13439195876748, 24.012081136969911, 1005.0 ], [ 121.134382058767486, 24.012090176969913, 1005.0 ], [ 121.134372258767485, 24.012099216969911, 1005.0 ], [ 121.134362458767484, 24.01210825696991, 1005.0 ], [ 121.134342758767488, 24.012108276969911, 1005.0 ], [ 121.134323158767486, 24.01211731696991, 1005.0 ], [ 121.134313358767486, 24.012117326969911, 1005.0 ], [ 121.134303458767477, 24.012117336969911, 1005.0 ], [ 121.134283858767489, 24.012126386969911, 1005.0 ], [ 121.134264158767479, 24.012126396969911, 1005.0 ], [ 121.134244558767477, 24.012135446969911, 1005.0 ], [ 121.134224858767482, 24.012135466969912, 1005.0 ], [ 121.134215058767481, 24.012135476969913, 1005.0 ], [ 121.13420525876748, 24.012144516969911, 1005.0 ], [ 121.134185558767484, 24.01215355696991, 1005.0 ], [ 121.134175758767483, 24.012153566969911, 1005.0 ], [ 121.134165958767483, 24.012162606969913, 1005.0 ], [ 121.134146258767487, 24.012171656969912, 1005.0 ], [ 121.134126558767477, 24.012171666969913, 1005.0 ], [ 121.134126558767477, 24.012171666969913, 1005.0 ], [ 121.134106958767475, 24.012180716969912, 1005.0 ], [ 121.13408725876748, 24.012189766969911, 1005.0 ], [ 121.134077458767479, 24.012189776969912, 1005.0 ], [ 121.134067658767478, 24.012189776969912, 1005.0 ], [ 121.134047958767482, 24.012198826969911, 1005.0 ], [ 121.13402835876748, 24.012198846969913, 1005.0 ], [ 121.134008658767485, 24.012207886969911, 1005.0 ], [ 121.133989058767483, 24.012198876969912, 1005.0 ], [ 121.133969358767487, 24.01219889696991, 1005.0 ], [ 121.133949658767477, 24.01218988696991, 1005.0 ], [ 121.133939858767476, 24.012189896969911, 1005.0 ], [ 121.133930058767476, 24.012180876969911, 1005.0 ], [ 121.133920158767481, 24.01217184696991, 1005.0 ], [ 121.13391035876748, 24.012162826969913, 1005.0 ], [ 121.13391035876748, 24.012153796969912, 1005.0 ], [ 121.133900458767485, 24.012135746969911, 1005.0 ], [ 121.133900458767485, 24.012117686969912, 1005.0 ], [ 121.133900458767485, 24.012099636969911, 1005.0 ], [ 121.133900458767485, 24.012081576969912, 1005.0 ], [ 121.133910258767486, 24.012063506969913, 1005.0 ], [ 121.133910258767486, 24.012045446969911, 1005.0 ], [ 121.133910158767478, 24.012027386969912, 1005.0 ], [ 121.133910158767478, 24.012027386969912, 1005.0 ], [ 121.133910158767478, 24.01200932696991, 1005.0 ], [ 121.133919958767478, 24.01199125696991, 1005.0 ], [ 121.133929858767488, 24.011982226969913, 1005.0 ], [ 121.133939658767488, 24.011973186969911, 1005.0 ], [ 121.133949458767489, 24.011955116969911, 1005.0 ], [ 121.133949458767489, 24.011955116969911, 1005.0 ], [ 121.133959258767476, 24.011937046969912, 1005.0 ], [ 121.133969058767477, 24.01192800696991, 1005.0 ], [ 121.133978858767478, 24.011918976969913, 1005.0 ], [ 121.133988658767478, 24.01190090696991, 1005.0 ], [ 121.133988658767478, 24.01190090696991, 1005.0 ], [ 121.133998558767487, 24.01188283696991, 1005.0 ], [ 121.134008358767488, 24.011873796969912, 1005.0 ], [ 121.134027958767476, 24.01186475696991, 1005.0 ], [ 121.134027958767476, 24.01186475696991, 1005.0 ], [ 121.134047658767486, 24.011855706969911, 1005.0 ], [ 121.134067258767487, 24.011846656969912, 1005.0 ], [ 121.134077158767482, 24.011846646969911, 1005.0 ], [ 121.134086958767483, 24.01184663696991, 1005.0 ], [ 121.134106558767485, 24.011837596969912, 1005.0 ], [ 121.134126258767481, 24.01183757696991, 1005.0 ], [ 121.134136058767481, 24.011828536969912, 1005.0 ], [ 121.134145858767482, 24.011828526969911, 1005.0 ], [ 121.134165558767478, 24.011810456969911, 1005.0 ], [ 121.134165558767478, 24.01180142696991, 1005.0 ], [ 121.134175358767479, 24.011792386969912, 1005.0 ], [ 121.13418515876748, 24.011774316969912, 1005.0 ], [ 121.13418515876748, 24.011765286969911, 1005.0 ], [ 121.13418515876748, 24.01175625696991, 1005.0 ], [ 121.13419495876748, 24.011738196969912, 1005.0 ], [ 121.134204758767481, 24.011720126969912, 1005.0 ], [ 121.134204758767481, 24.011720126969912, 1005.0 ], [ 121.134204758767481, 24.01170206696991, 1005.0 ], [ 121.134204758767481, 24.011684006969912, 1005.0 ], [ 121.134204758767481, 24.011684006969912, 1005.0 ], [ 121.134204758767481, 24.011665946969913, 1005.0 ], [ 121.134204658767487, 24.011647886969911, 1005.0 ], [ 121.134194858767486, 24.011629836969913, 1005.0 ], [ 121.134194858767486, 24.011611776969911, 1005.0 ], [ 121.134194858767486, 24.011593716969912, 1005.0 ], [ 121.134184958767477, 24.011575666969911, 1005.0 ], [ 121.134184958767477, 24.011575666969911, 1005.0 ], [ 121.134165258767482, 24.01155762696991, 1005.0 ], [ 121.134165258767482, 24.01155762696991, 1005.0 ], [ 121.13414565876748, 24.011548616969911, 1005.0 ], [ 121.134125958767484, 24.011539606969912, 1005.0 ], [ 121.134125958767484, 24.011539606969912, 1005.0 ], [ 121.134106258767488, 24.011530586969911, 1005.0 ], [ 121.134096458767488, 24.011521566969911, 1005.0 ], [ 121.134086558767478, 24.01150351696991, 1005.0 ], [ 121.134086558767478, 24.011485456969911, 1005.0 ], [ 121.134086558767478, 24.011467396969913, 1005.0 ], [ 121.134096358767479, 24.01144933696991, 1005.0 ], [ 121.134096358767479, 24.011431276969912, 1005.0 ], [ 121.134096358767479, 24.01141321696991, 1005.0 ], [ 121.134096258767485, 24.011395156969911, 1005.0 ], [ 121.134086458767484, 24.01137710696991, 1005.0 ], [ 121.134086458767484, 24.011368076969912, 1005.0 ], [ 121.134076658767484, 24.011359056969912, 1005.0 ], [ 121.134066758767489, 24.011350036969912, 1005.0 ], [ 121.134056958767488, 24.011341016969912, 1005.0 ], [ 121.134047058767479, 24.011341016969912, 1005.0 ], [ 121.134027458767477, 24.011332006969912, 1005.0 ], [ 121.134007758767481, 24.011322996969913, 1005.0 ], [ 121.134007758767481, 24.011322996969913, 1005.0 ], [ 121.133988058767486, 24.011323016969911, 1005.0 ], [ 121.133968458767484, 24.011314006969911, 1005.0 ], [ 121.133948758767488, 24.011314016969912, 1005.0 ], [ 121.133938958767487, 24.011323056969911, 1005.0 ], [ 121.133929158767486, 24.011332096969912, 1005.0 ], [ 121.133919358767486, 24.011341136969911, 1005.0 ], [ 121.133919358767486, 24.011359196969913, 1005.0 ], [ 121.133919358767486, 24.011377246969911, 1005.0 ], [ 121.133919358767486, 24.011395306969913, 1005.0 ], [ 121.133919358767486, 24.011413366969911, 1005.0 ], [ 121.133909558767485, 24.011431436969911, 1005.0 ], [ 121.133909558767485, 24.011431436969911, 1005.0 ], [ 121.133909558767485, 24.011449496969913, 1005.0 ], [ 121.133899758767484, 24.011467566969912, 1005.0 ], [ 121.133889958767483, 24.011476606969911, 1005.0 ], [ 121.133870258767487, 24.011476616969912, 1005.0 ], [ 121.133850658767486, 24.011485666969911, 1005.0 ], [ 121.133830958767476, 24.011476656969911, 1005.0 ], [ 121.133821158767489, 24.011467636969911, 1005.0 ], [ 121.13381125876748, 24.01144958696991, 1005.0 ], [ 121.13381125876748, 24.011431526969911, 1005.0 ], [ 121.13381125876748, 24.011431526969911, 1005.0 ], [ 121.13381125876748, 24.011413466969913, 1005.0 ], [ 121.133801458767479, 24.011395416969911, 1005.0 ], [ 121.133801358767485, 24.011377356969913, 1005.0 ], [ 121.133801358767485, 24.011359296969911, 1005.0 ], [ 121.133801358767485, 24.011341236969912, 1005.0 ], [ 121.133791558767484, 24.011323186969911, 1005.0 ], [ 121.133791558767484, 24.011323186969911, 1005.0 ], [ 121.133781658767475, 24.011305136969913, 1005.0 ], [ 121.133781658767475, 24.011287076969911, 1005.0 ], [ 121.13377175876748, 24.011269026969913, 1005.0 ], [ 121.13377175876748, 24.011250966969911, 1005.0 ], [ 121.133781558767481, 24.011232896969911, 1005.0 ], [ 121.133791358767482, 24.011223856969913, 1005.0 ], [ 121.133811058767478, 24.011214816969911, 1005.0 ], [ 121.133820858767479, 24.01121480696991, 1005.0 ], [ 121.133830758767488, 24.011214796969913, 1005.0 ], [ 121.133850358767475, 24.01120574696991, 1005.0 ], [ 121.133870058767485, 24.011205736969913, 1005.0 ], [ 121.133889658767487, 24.011205716969911, 1005.0 ], [ 121.133909358767482, 24.011196666969912, 1005.0 ], [ 121.133909358767482, 24.011196666969912, 1005.0 ], [ 121.133928958767484, 24.011178596969913, 1005.0 ], [ 121.133928958767484, 24.011169566969912, 1005.0 ], [ 121.133938758767485, 24.01116052696991, 1005.0 ], [ 121.133938758767485, 24.011142466969911, 1005.0 ], [ 121.133938758767485, 24.011124406969913, 1005.0 ], [ 121.133938758767485, 24.01110634696991, 1005.0 ], [ 121.133928858767476, 24.011088296969913, 1005.0 ], [ 121.133928858767476, 24.011079266969912, 1005.0 ], [ 121.133928858767476, 24.01107023696991, 1005.0 ], [ 121.13390915876748, 24.01105219696991, 1005.0 ], [ 121.13390915876748, 24.011043166969912, 1005.0 ], [ 121.133899358767479, 24.011034146969912, 1005.0 ], [ 121.133889458767484, 24.011025126969912, 1005.0 ], [ 121.133889458767484, 24.011016096969911, 1005.0 ], [ 121.133869858767483, 24.01099805696991, 1005.0 ], [ 121.133859958767488, 24.010998066969911, 1005.0 ], [ 121.133850158767487, 24.01098903696991, 1005.0 ], [ 121.133830458767477, 24.010980026969911, 1005.0 ], [ 121.133830458767477, 24.010980026969911, 1005.0 ], [ 121.133810758767481, 24.010971016969911, 1005.0 ], [ 121.13379115876748, 24.010962006969912, 1005.0 ], [ 121.13379115876748, 24.010962006969912, 1005.0 ], [ 121.133771458767484, 24.010943966969911, 1005.0 ], [ 121.133771458767484, 24.010943966969911, 1005.0 ], [ 121.133761658767483, 24.01092591696991, 1005.0 ], [ 121.133751758767488, 24.010907866969912, 1005.0 ], [ 121.133751758767488, 24.010907866969912, 1005.0 ], [ 121.133732058767478, 24.010889816969911, 1005.0 ], [ 121.133732058767478, 24.010889816969911, 1005.0 ], [ 121.133722258767477, 24.01087176696991, 1005.0 ], [ 121.133712358767482, 24.010853716969912, 1005.0 ], [ 121.133712358767482, 24.010853716969912, 1005.0 ], [ 121.133702558767482, 24.010835666969911, 1005.0 ], [ 121.133702558767482, 24.010817606969912, 1005.0 ], [ 121.133692658767487, 24.010808586969912, 1005.0 ], [ 121.133692658767487, 24.010799556969911, 1005.0 ], [ 121.133672958767477, 24.01078151696991, 1005.0 ], [ 121.133672958767477, 24.01078151696991, 1005.0 ], [ 121.133653358767475, 24.01076347696991, 1005.0 ], [ 121.133653358767475, 24.01076347696991, 1005.0 ], [ 121.133633658767479, 24.01075446696991, 1005.0 ], [ 121.133613958767484, 24.01074544696991, 1005.0 ], [ 121.133613958767484, 24.01074544696991, 1005.0 ], [ 121.133594258767488, 24.010727406969913, 1005.0 ], [ 121.133594258767488, 24.010727406969913, 1005.0 ], [ 121.133584458767487, 24.010709356969912, 1005.0 ], [ 121.133574658767486, 24.010700336969911, 1005.0 ], [ 121.133564758767477, 24.010691316969911, 1005.0 ], [ 121.133554958767476, 24.01067326696991, 1005.0 ], [ 121.133554958767476, 24.01067326696991, 1005.0 ], [ 121.133535258767481, 24.01066425696991, 1005.0 ], [ 121.13352545876748, 24.01065523696991, 1005.0 ], [ 121.133515558767485, 24.010646206969913, 1005.0 ], [ 121.133495958767483, 24.01063719696991, 1005.0 ], [ 121.133486058767488, 24.010637206969911, 1005.0 ], [ 121.133476258767487, 24.01062818696991, 1005.0 ], [ 121.133456558767477, 24.010619176969911, 1005.0 ], [ 121.133436958767476, 24.010619186969912, 1005.0 ], [ 121.133436958767476, 24.010619186969912, 1005.0 ], [ 121.133436958767476, 24.010619186969912, 1005.0 ], [ 121.13341725876748, 24.010628236969911, 1005.0 ], [ 121.133407458767479, 24.010637276969913, 1005.0 ], [ 121.133397658767478, 24.010646316969911, 1005.0 ], [ 121.133387758767483, 24.010655356969913, 1005.0 ], [ 121.133377958767483, 24.010664386969911, 1005.0 ], [ 121.133368158767482, 24.010673426969912, 1005.0 ], [ 121.133358358767481, 24.010691496969912, 1005.0 ], [ 121.133358358767481, 24.010691496969912, 1005.0 ], [ 121.133338758767479, 24.010709576969912, 1005.0 ], [ 121.133338758767479, 24.010709576969912, 1005.0 ], [ 121.133319058767484, 24.01071861696991, 1005.0 ], [ 121.133299458767482, 24.01072766696991, 1005.0 ], [ 121.133279758767486, 24.010727686969911, 1005.0 ], [ 121.133260058767476, 24.010727696969912, 1005.0 ], [ 121.133240458767489, 24.010718686969913, 1005.0 ], [ 121.133220758767479, 24.010718706969911, 1005.0 ], [ 121.133201058767483, 24.010718726969912, 1005.0 ], [ 121.133181458767481, 24.01071873696991, 1005.0 ], [ 121.133171558767486, 24.010709716969913, 1005.0 ], [ 121.133161758767486, 24.010700696969913, 1005.0 ], [ 121.133151958767485, 24.010691676969913, 1005.0 ], [ 121.133142058767476, 24.010673626969911, 1005.0 ], [ 121.133142058767476, 24.010655566969913, 1005.0 ], [ 121.133151858767476, 24.01063749696991, 1005.0 ], [ 121.133161658767477, 24.01061942696991, 1005.0 ], [ 121.133161658767477, 24.01061942696991, 1005.0 ], [ 121.133181358767487, 24.010601356969911, 1005.0 ], [ 121.133181358767487, 24.01059232696991, 1005.0 ], [ 121.133181258767479, 24.010583296969912, 1005.0 ], [ 121.133191158767488, 24.010565226969913, 1005.0 ], [ 121.13319105876748, 24.010547166969911, 1005.0 ], [ 121.13319105876748, 24.010529106969912, 1005.0 ], [ 121.13319105876748, 24.01051104696991, 1005.0 ], [ 121.13319105876748, 24.010492996969912, 1005.0 ], [ 121.13319105876748, 24.01047493696991, 1005.0 ], [ 121.133190958767486, 24.010456876969911, 1005.0 ], [ 121.133181158767485, 24.010447856969911, 1005.0 ], [ 121.133181158767485, 24.01043882696991, 1005.0 ], [ 121.133171358767484, 24.010420776969912, 1005.0 ], [ 121.133171258767476, 24.01040271696991, 1005.0 ], [ 121.133161458767489, 24.010384666969912, 1005.0 ], [ 121.133161458767489, 24.01036660696991, 1005.0 ], [ 121.133161358767481, 24.010348546969912, 1005.0 ], [ 121.133171258767476, 24.010330476969912, 1005.0 ], [ 121.133181058767477, 24.010312406969913, 1005.0 ], [ 121.133181058767477, 24.010312406969913, 1005.0 ], [ 121.133200658767478, 24.01029433696991, 1005.0 ], [ 121.133200658767478, 24.01029433696991, 1005.0 ], [ 121.133220358767488, 24.010276256969913, 1005.0 ], [ 121.133230158767489, 24.010276246969912, 1005.0 ], [ 121.133239958767476, 24.01026720696991, 1005.0 ], [ 121.133249758767477, 24.010258176969913, 1005.0 ], [ 121.133249758767477, 24.010222056969912, 1005.0 ], [ 121.133239958767476, 24.010222066969913, 1005.0 ], [ 121.13322025876748, 24.010213046969913, 1005.0 ], [ 121.133200558767484, 24.010213066969911, 1005.0 ], [ 121.133180958767483, 24.010204056969911, 1005.0 ], [ 121.133161258767487, 24.010204076969913, 1005.0 ], [ 121.133151458767486, 24.010204076969913, 1005.0 ], [ 121.133141558767477, 24.01020408696991, 1005.0 ], [ 121.133121958767475, 24.010195076969911, 1005.0 ], [ 121.13311205876748, 24.010186056969911, 1005.0 ], [ 121.133102258767479, 24.01017703696991, 1005.0 ], [ 121.133092458767479, 24.01016801696991, 1005.0 ], [ 121.133082558767484, 24.01015899696991, 1005.0 ], [ 121.133072758767483, 24.01014997696991, 1005.0 ], [ 121.133062858767488, 24.010140946969912, 1005.0 ], [ 121.133053058767487, 24.010131926969912, 1005.0 ], [ 121.133043258767486, 24.010122906969912, 1005.0 ], [ 121.133023558767476, 24.010113896969912, 1005.0 ], [ 121.133023558767476, 24.010113896969912, 1005.0 ], [ 121.133003858767481, 24.010104886969913, 1005.0 ], [ 121.13299405876748, 24.010095866969912, 1005.0 ], [ 121.132984158767485, 24.010077816969911, 1005.0 ], [ 121.132984158767485, 24.010059756969913, 1005.0 ], [ 121.132984158767485, 24.010059756969913, 1005.0 ], [ 121.132984158767485, 24.01004169696991, 1005.0 ], [ 121.132974258767476, 24.010023646969913, 1005.0 ], [ 121.132974258767476, 24.01000558696991, 1005.0 ], [ 121.132974258767476, 24.009987526969912, 1005.0 ], [ 121.132974258767476, 24.00996946696991, 1005.0 ], [ 121.132974258767476, 24.009951406969911, 1005.0 ], [ 121.132964358767481, 24.00993335696991, 1005.0 ], [ 121.132964358767481, 24.009915296969911, 1005.0 ], [ 121.132964358767481, 24.009897236969913, 1005.0 ], [ 121.132964358767481, 24.00987917696991, 1005.0 ], [ 121.132964358767481, 24.009861116969912, 1005.0 ], [ 121.132964258767487, 24.009843066969911, 1005.0 ], [ 121.132964258767487, 24.009834036969913, 1005.0 ], [ 121.132964258767487, 24.009825006969912, 1005.0 ], [ 121.132964258767487, 24.00980694696991, 1005.0 ], [ 121.132964258767487, 24.009788886969911, 1005.0 ], [ 121.132964258767487, 24.009770826969913, 1005.0 ], [ 121.132964158767479, 24.00975276696991, 1005.0 ], [ 121.132964158767479, 24.009734706969912, 1005.0 ], [ 121.132964158767479, 24.009734706969912, 1005.0 ], [ 121.132964158767479, 24.00971664696991, 1005.0 ], [ 121.132964158767479, 24.009698586969911, 1005.0 ], [ 121.132973958767479, 24.009680516969912, 1005.0 ], [ 121.132973958767479, 24.00966246696991, 1005.0 ], [ 121.13298375876748, 24.009644396969911, 1005.0 ], [ 121.13298375876748, 24.00963536696991, 1005.0 ], [ 121.13298375876748, 24.009626336969912, 1005.0 ], [ 121.132993558767481, 24.009608266969913, 1005.0 ], [ 121.132993558767481, 24.009590206969911, 1005.0 ], [ 121.133003358767482, 24.009572136969911, 1005.0 ], [ 121.133003358767482, 24.009563116969911, 1005.0 ], [ 121.133003358767482, 24.00955408696991, 1005.0 ], [ 121.133003258767488, 24.009536026969911, 1005.0 ], [ 121.133003258767488, 24.009517966969913, 1005.0 ], [ 121.133003258767488, 24.009499906969911, 1005.0 ], [ 121.133013058767489, 24.009481836969911, 1005.0 ], [ 121.133013058767489, 24.009463776969913, 1005.0 ], [ 121.133013058767489, 24.00944571696991, 1005.0 ], [ 121.13300315876748, 24.00943669696991, 1005.0 ], [ 121.13300315876748, 24.009427666969913, 1005.0 ], [ 121.132983458767484, 24.009409626969912, 1005.0 ], [ 121.132983458767484, 24.009409626969912, 1005.0 ], [ 121.132963858767482, 24.009391586969912, 1005.0 ], [ 121.132963858767482, 24.009391586969912, 1005.0 ], [ 121.132953958767487, 24.00937353696991, 1005.0 ], [ 121.132944158767486, 24.009355486969913, 1005.0 ], [ 121.132944158767486, 24.009346456969912, 1005.0 ], [ 121.132944158767486, 24.00933742696991, 1005.0 ], [ 121.132944058767478, 24.009319366969912, 1005.0 ], [ 121.132944058767478, 24.009319366969912, 1005.0 ], [ 121.132944058767478, 24.00930130696991, 1005.0 ], [ 121.132963758767488, 24.009283226969913, 1005.0 ], [ 121.132963758767488, 24.009283226969913, 1005.0 ], [ 121.132983358767476, 24.00926515696991, 1005.0 ], [ 121.132983358767476, 24.00926515696991, 1005.0 ], [ 121.133002958767477, 24.00924707696991, 1005.0 ], [ 121.133002958767477, 24.00924707696991, 1005.0 ], [ 121.133012758767478, 24.00922900696991, 1005.0 ], [ 121.133022658767487, 24.009210946969912, 1005.0 ], [ 121.133022658767487, 24.009201916969911, 1005.0 ], [ 121.133022558767479, 24.00919288696991, 1005.0 ], [ 121.133032458767488, 24.00917481696991, 1005.0 ], [ 121.133042258767489, 24.009156746969911, 1005.0 ], [ 121.133042258767489, 24.009156746969911, 1005.0 ], [ 121.133061858767476, 24.009138676969911, 1005.0 ], [ 121.133061858767476, 24.00912964696991, 1005.0 ], [ 121.133071658767477, 24.009120606969912, 1005.0 ], [ 121.133081458767478, 24.009102536969912, 1005.0 ], [ 121.133081458767478, 24.009102536969912, 1005.0 ], [ 121.133101158767488, 24.009084456969912, 1005.0 ], [ 121.133101158767488, 24.009084456969912, 1005.0 ], [ 121.133120758767475, 24.009066386969913, 1005.0 ], [ 121.133120758767475, 24.009066386969913, 1005.0 ], [ 121.133140358767477, 24.009048306969913, 1005.0 ], [ 121.133150258767486, 24.009048296969912, 1005.0 ], [ 121.133160058767487, 24.00903925696991, 1005.0 ], [ 121.133179658767489, 24.009030216969911, 1005.0 ], [ 121.133179658767489, 24.009030216969911, 1005.0 ], [ 121.133199358767484, 24.009021166969912, 1005.0 ], [ 121.133209158767485, 24.00901212696991, 1005.0 ], [ 121.133218958767486, 24.009003096969913, 1005.0 ], [ 121.133228858767481, 24.008994056969911, 1005.0 ], [ 121.133238658767482, 24.008975986969912, 1005.0 ], [ 121.133238658767482, 24.008975986969912, 1005.0 ], [ 121.133248458767483, 24.008957916969912, 1005.0 ], [ 121.133258258767484, 24.008939846969913, 1005.0 ], [ 121.133258258767484, 24.008939846969913, 1005.0 ], [ 121.133268058767484, 24.008921786969911, 1005.0 ], [ 121.133268058767484, 24.008903726969912, 1005.0 ], [ 121.133277858767485, 24.00889468696991, 1005.0 ], [ 121.133277858767485, 24.008885656969913, 1005.0 ], [ 121.133287658767486, 24.008867586969913, 1005.0 ], [ 121.133287658767486, 24.008849526969911, 1005.0 ], [ 121.133287658767486, 24.008831466969912, 1005.0 ], [ 121.133287558767478, 24.00881340696991, 1005.0 ], [ 121.133297458767487, 24.008804376969913, 1005.0 ], [ 121.133297458767487, 24.008795346969912, 1005.0 ], [ 121.133307258767488, 24.008777276969912, 1005.0 ], [ 121.133317058767489, 24.008759206969913, 1005.0 ], [ 121.133317058767489, 24.008759206969913, 1005.0 ], [ 121.133326858767475, 24.00874113696991, 1005.0 ], [ 121.133336658767476, 24.008732106969912, 1005.0 ], [ 121.133336658767476, 24.008723076969911, 1005.0 ], [ 121.133346458767477, 24.008705006969912, 1005.0 ], [ 121.133346458767477, 24.008686946969913, 1005.0 ], [ 121.133356258767478, 24.00866887696991, 1005.0 ], [ 121.133356258767478, 24.008659846969913, 1005.0 ], [ 121.133356258767478, 24.008650816969912, 1005.0 ], [ 121.133366058767479, 24.008632756969913, 1005.0 ], [ 121.133366058767479, 24.008614696969911, 1005.0 ], [ 121.133375858767479, 24.008596626969911, 1005.0 ], [ 121.133375858767479, 24.008596626969911, 1005.0 ], [ 121.13338565876748, 24.008578556969912, 1005.0 ], [ 121.133395458767481, 24.008560486969913, 1005.0 ], [ 121.133395458767481, 24.008560486969913, 1005.0 ], [ 121.133415058767483, 24.008542416969913, 1005.0 ], [ 121.133415058767483, 24.008542416969913, 1005.0 ], [ 121.133424958767478, 24.00852434696991, 1005.0 ], [ 121.133434758767478, 24.008515306969912, 1005.0 ], [ 121.133444558767479, 24.00850626696991, 1005.0 ], [ 121.13345435876748, 24.008488206969911, 1005.0 ], [ 121.13345435876748, 24.008488206969911, 1005.0 ], [ 121.133464158767481, 24.008470136969912, 1005.0 ], [ 121.133473958767482, 24.008452066969912, 1005.0 ], [ 121.133473958767482, 24.008443036969911, 1005.0 ], [ 121.133483758767483, 24.008433996969913, 1005.0 ], [ 121.133493658767478, 24.008424956969911, 1005.0 ], [ 121.133503458767478, 24.00841592696991, 1005.0 ], [ 121.133513258767479, 24.008397856969911, 1005.0 ], [ 121.133513258767479, 24.008397856969911, 1005.0 ], [ 121.133532858767481, 24.00837977696991, 1005.0 ], [ 121.133532858767481, 24.00837977696991, 1005.0 ], [ 121.133542658767482, 24.008361706969911, 1005.0 ], [ 121.133532858767481, 24.008343656969913, 1005.0 ], [ 121.133532858767481, 24.008334626969912, 1005.0 ], [ 121.133532858767481, 24.008325606969912, 1005.0 ], [ 121.133513158767485, 24.00830755696991, 1005.0 ], [ 121.133513158767485, 24.00830755696991, 1005.0 ], [ 121.133493458767475, 24.00828951696991, 1005.0 ], [ 121.133483658767489, 24.008289526969911, 1005.0 ], [ 121.133473858767488, 24.008280506969911, 1005.0 ], [ 121.133454158767478, 24.008271496969911, 1005.0 ], [ 121.133454158767478, 24.008271496969911, 1005.0 ], [ 121.133434458767482, 24.008262476969911, 1005.0 ], [ 121.133424658767481, 24.008253456969911, 1005.0 ], [ 121.133414758767486, 24.00824443696991, 1005.0 ], [ 121.133395158767485, 24.008235426969911, 1005.0 ], [ 121.133385258767476, 24.008235436969912, 1005.0 ], [ 121.133375458767489, 24.008235446969913, 1005.0 ], [ 121.133355758767479, 24.008226426969912, 1005.0 ], [ 121.133345958767478, 24.008217406969912, 1005.0 ], [ 121.133336158767477, 24.008208386969912, 1005.0 ], [ 121.133316458767482, 24.008199376969912, 1005.0 ], [ 121.133316458767482, 24.008199376969912, 1005.0 ], [ 121.133296758767486, 24.008181336969912, 1005.0 ], [ 121.133296758767486, 24.008172306969911, 1005.0 ], [ 121.133286958767485, 24.008163286969911, 1005.0 ], [ 121.133277058767476, 24.008145236969913, 1005.0 ], [ 121.133277058767476, 24.008127176969911, 1005.0 ], [ 121.133277058767476, 24.008109116969912, 1005.0 ], [ 121.133277058767476, 24.008109116969912, 1005.0 ], [ 121.133277058767476, 24.00809105696991, 1005.0 ], [ 121.133277058767476, 24.008072996969911, 1005.0 ], [ 121.133276958767482, 24.008054936969913, 1005.0 ], [ 121.133276958767482, 24.008054936969913, 1005.0 ], [ 121.133286758767483, 24.00803686696991, 1005.0 ], [ 121.133296658767478, 24.008018806969911, 1005.0 ], [ 121.133296658767478, 24.008018806969911, 1005.0 ], [ 121.133316258767479, 24.008009756969912, 1005.0 ], [ 121.133335958767489, 24.008000706969913, 1005.0 ], [ 121.133335958767489, 24.008000706969913, 1005.0 ], [ 121.133355558767477, 24.007991666969911, 1005.0 ], [ 121.133375258767487, 24.007982616969912, 1005.0 ], [ 121.133385058767487, 24.007982606969911, 1005.0 ], [ 121.133394858767488, 24.007973566969913, 1005.0 ], [ 121.133414558767484, 24.007964526969911, 1005.0 ], [ 121.133414558767484, 24.007964526969911, 1005.0 ], [ 121.133434158767486, 24.007955476969912, 1005.0 ], [ 121.133453858767481, 24.007946426969912, 1005.0 ], [ 121.133463658767482, 24.007946416969911, 1005.0 ], [ 121.133473458767483, 24.007946416969911, 1005.0 ], [ 121.133493158767479, 24.00794639696991, 1005.0 ], [ 121.13351275876748, 24.007946376969912, 1005.0 ], [ 121.133532458767476, 24.00794635696991, 1005.0 ], [ 121.133552058767478, 24.007946346969913, 1005.0 ], [ 121.133571758767488, 24.007946326969911, 1005.0 ], [ 121.133591458767484, 24.007946306969913, 1005.0 ], [ 121.133611058767485, 24.007937266969911, 1005.0 ], [ 121.133620858767486, 24.007928226969913, 1005.0 ], [ 121.133630758767481, 24.007919186969911, 1005.0 ], [ 121.133650358767483, 24.007910136969912, 1005.0 ], [ 121.133650358767483, 24.007910136969912, 1005.0 ], [ 121.133670058767478, 24.00790109696991, 1005.0 ], [ 121.13368965876748, 24.007892046969911, 1005.0 ], [ 121.133709358767476, 24.007892026969913, 1005.0 ], [ 121.133709358767476, 24.007892026969913, 1005.0 ], [ 121.133728958767477, 24.007882986969911, 1005.0 ], [ 121.133738758767478, 24.007873946969912, 1005.0 ], [ 121.133748558767479, 24.007855876969913, 1005.0 ], [ 121.133748558767479, 24.007855876969913, 1005.0 ], [ 121.13375835876748, 24.00783780696991, 1005.0 ], [ 121.13375835876748, 24.007819746969911, 1005.0 ], [ 121.133768258767489, 24.007810706969913, 1005.0 ], [ 121.133778058767476, 24.007801676969912, 1005.0 ], [ 121.133787858767477, 24.007783606969912, 1005.0 ], [ 121.133787858767477, 24.007774576969911, 1005.0 ], [ 121.133797658767477, 24.007765536969913, 1005.0 ], [ 121.133807458767478, 24.00774746696991, 1005.0 ], [ 121.133807458767478, 24.00774746696991, 1005.0 ], [ 121.13382705876748, 24.007729396969911, 1005.0 ], [ 121.13382705876748, 24.007729396969911, 1005.0 ], [ 121.133836958767489, 24.007711326969911, 1005.0 ], [ 121.133846758767476, 24.007702286969913, 1005.0 ], [ 121.133846758767476, 24.007693256969912, 1005.0 ], [ 121.133856558767476, 24.007675186969912, 1005.0 ], [ 121.133856558767476, 24.007657136969911, 1005.0 ], [ 121.133856458767482, 24.007639076969912, 1005.0 ], [ 121.133866258767483, 24.007621006969913, 1005.0 ], [ 121.133866258767483, 24.007611976969912, 1005.0 ], [ 121.133866258767483, 24.007602946969911, 1005.0 ], [ 121.133866258767483, 24.007584886969912, 1005.0 ], [ 121.133866258767483, 24.00756682696991, 1005.0 ], [ 121.133866258767483, 24.007548766969911, 1005.0 ], [ 121.133866258767483, 24.007530706969913, 1005.0 ], [ 121.133866158767489, 24.007512646969911, 1005.0 ], [ 121.133866158767489, 24.007494586969912, 1005.0 ], [ 121.133866158767489, 24.007476536969911, 1005.0 ], [ 121.133866158767489, 24.007458476969912, 1005.0 ], [ 121.133866158767489, 24.00744041696991, 1005.0 ], [ 121.133866058767481, 24.007422356969911, 1005.0 ], [ 121.133866058767481, 24.007404296969913, 1005.0 ], [ 121.133866058767481, 24.007395266969912, 1005.0 ], [ 121.133866058767481, 24.007386236969911, 1005.0 ], [ 121.13385625876748, 24.007368186969913, 1005.0 ], [ 121.133846358767485, 24.007350136969912, 1005.0 ], [ 121.133846358767485, 24.007350136969912, 1005.0 ], [ 121.133836558767484, 24.00733208696991, 1005.0 ], [ 121.133836458767476, 24.007314026969912, 1005.0 ], [ 121.133836458767476, 24.007295966969913, 1005.0 ], [ 121.133826658767475, 24.007277916969912, 1005.0 ], [ 121.133826658767475, 24.00725985696991, 1005.0 ], [ 121.133826558767481, 24.007241796969911, 1005.0 ], [ 121.133826558767481, 24.007223736969912, 1005.0 ], [ 121.133826558767481, 24.007223736969912, 1005.0 ], [ 121.133826558767481, 24.00720567696991, 1005.0 ], [ 121.13381675876748, 24.007187626969912, 1005.0 ], [ 121.133816658767486, 24.00716956696991, 1005.0 ], [ 121.133816658767486, 24.007151516969913, 1005.0 ], [ 121.133806858767485, 24.00713345696991, 1005.0 ], [ 121.133806858767485, 24.00712443696991, 1005.0 ], [ 121.133796958767476, 24.007115406969913, 1005.0 ], [ 121.133787158767475, 24.007097356969911, 1005.0 ], [ 121.133787158767475, 24.007097356969911, 1005.0 ], [ 121.13376745876748, 24.007088346969912, 1005.0 ], [ 121.133757658767479, 24.007079326969912, 1005.0 ], [ 121.133747758767484, 24.007070306969911, 1005.0 ], [ 121.133737958767483, 24.007061286969911, 1005.0 ], [ 121.133728058767488, 24.007052266969911, 1005.0 ], [ 121.133718258767487, 24.007043246969911, 1005.0 ], [ 121.133708458767487, 24.007025196969913, 1005.0 ], [ 121.133708458767487, 24.007025196969913, 1005.0 ], [ 121.133688758767477, 24.007007146969912, 1005.0 ], [ 121.133688758767477, 24.007007146969912, 1005.0 ], [ 121.133669058767481, 24.006989106969911, 1005.0 ], [ 121.133669058767481, 24.00698007696991, 1005.0 ], [ 121.13365925876748, 24.00697105696991, 1005.0 ], [ 121.133649358767485, 24.006953006969912, 1005.0 ], [ 121.133649358767485, 24.006953006969912, 1005.0 ], [ 121.133629658767475, 24.006934966969911, 1005.0 ], [ 121.133629658767475, 24.006934966969911, 1005.0 ], [ 121.133610058767488, 24.006916926969911, 1005.0 ], [ 121.133600158767479, 24.006916936969912, 1005.0 ], [ 121.133590358767478, 24.006907916969912, 1005.0 ], [ 121.133570658767482, 24.006898896969911, 1005.0 ], [ 121.133570658767482, 24.006898896969911, 1005.0 ], [ 121.13355105876748, 24.006889886969912, 1005.0 ], [ 121.133541158767486, 24.006880866969912, 1005.0 ], [ 121.133531358767485, 24.006871846969911, 1005.0 ], [ 121.133511658767489, 24.006862836969912, 1005.0 ], [ 121.133511658767489, 24.006862836969912, 1005.0 ], [ 121.133491958767479, 24.006853816969912, 1005.0 ], [ 121.133482158767478, 24.006844796969911, 1005.0 ], [ 121.133472358767477, 24.006835776969911, 1005.0 ], [ 121.133452658767482, 24.006826766969912, 1005.0 ], [ 121.133452658767482, 24.006826766969912, 1005.0 ], [ 121.133432958767486, 24.006817756969912, 1005.0 ], [ 121.133423158767485, 24.006808736969912, 1005.0 ], [ 121.133413258767476, 24.006799716969912, 1005.0 ], [ 121.133393658767488, 24.006790696969912, 1005.0 ], [ 121.133383758767479, 24.006790706969912, 1005.0 ], [ 121.133373958767478, 24.006781686969912, 1005.0 ], [ 121.133354258767483, 24.006772676969913, 1005.0 ], [ 121.133354258767483, 24.006772676969913, 1005.0 ], [ 121.133334658767481, 24.00676366696991, 1005.0 ], [ 121.133314958767485, 24.006754646969913, 1005.0 ], [ 121.133314958767485, 24.006754646969913, 1005.0 ], [ 121.133295258767475, 24.006736606969913, 1005.0 ], [ 121.133285458767489, 24.00673661696991, 1005.0 ], [ 121.133275658767488, 24.00672759696991, 1005.0 ], [ 121.133265758767479, 24.006718576969913, 1005.0 ], [ 121.133255958767478, 24.006700526969912, 1005.0 ], [ 121.133255958767478, 24.006691496969911, 1005.0 ], [ 121.133255958767478, 24.006682466969913, 1005.0 ], [ 121.133246058767483, 24.006664416969912, 1005.0 ], [ 121.133246058767483, 24.006646356969913, 1005.0 ], [ 121.133246058767483, 24.006628296969911, 1005.0 ], [ 121.133246058767483, 24.006610236969912, 1005.0 ], [ 121.133255858767484, 24.006592166969913, 1005.0 ], [ 121.133255758767476, 24.006574106969911, 1005.0 ], [ 121.133255758767476, 24.006556046969912, 1005.0 ], [ 121.133245958767489, 24.006537996969911, 1005.0 ], [ 121.13323605876748, 24.006528976969911, 1005.0 ], [ 121.133226258767479, 24.00651995696991, 1005.0 ], [ 121.133216458767478, 24.00651093696991, 1005.0 ], [ 121.133206558767483, 24.00650191696991, 1005.0 ], [ 121.133196758767482, 24.00649289696991, 1005.0 ], [ 121.133177058767487, 24.00648388696991, 1005.0 ], [ 121.133177058767487, 24.00648388696991, 1005.0 ], [ 121.133157358767477, 24.00647486696991, 1005.0 ], [ 121.133137758767475, 24.006465856969911, 1005.0 ], [ 121.133137758767475, 24.006465856969911, 1005.0 ], [ 121.133118058767479, 24.006456846969911, 1005.0 ], [ 121.133108258767479, 24.006447826969911, 1005.0 ], [ 121.133098358767484, 24.006447836969912, 1005.0 ], [ 121.133078758767482, 24.00642978696991, 1005.0 ], [ 121.133078758767482, 24.00642978696991, 1005.0 ], [ 121.133068858767487, 24.006411736969913, 1005.0 ], [ 121.133059058767486, 24.006402716969912, 1005.0 ], [ 121.133049158767477, 24.006393696969912, 1005.0 ], [ 121.133049158767477, 24.00637563696991, 1005.0 ], [ 121.133039358767476, 24.00636661696991, 1005.0 ], [ 121.133039358767476, 24.006357586969912, 1005.0 ], [ 121.133029458767481, 24.006339536969911, 1005.0 ], [ 121.133019658767481, 24.006321486969913, 1005.0 ], [ 121.133019658767481, 24.006312456969912, 1005.0 ], [ 121.133019658767481, 24.006303426969911, 1005.0 ], [ 121.133009758767486, 24.00628537696991, 1005.0 ], [ 121.132999958767485, 24.006267326969912, 1005.0 ], [ 121.132999958767485, 24.006267326969912, 1005.0 ], [ 121.132990058767476, 24.006249276969911, 1005.0 ], [ 121.132980258767489, 24.006231226969913, 1005.0 ], [ 121.132980258767489, 24.006231226969913, 1005.0 ], [ 121.132960558767479, 24.006213186969912, 1005.0 ], [ 121.132960558767479, 24.006213186969912, 1005.0 ], [ 121.132940858767483, 24.006195146969912, 1005.0 ], [ 121.132940858767483, 24.006195146969912, 1005.0 ], [ 121.132921158767488, 24.00617709696991, 1005.0 ], [ 121.132911358767487, 24.006177106969911, 1005.0 ], [ 121.132901558767486, 24.006168086969911, 1005.0 ], [ 121.132881858767476, 24.006159076969912, 1005.0 ], [ 121.132881858767476, 24.006159076969912, 1005.0 ], [ 121.13286215876748, 24.006150066969912, 1005.0 ], [ 121.132842558767479, 24.006141046969912, 1005.0 ], [ 121.132842558767479, 24.006141046969912, 1005.0 ], [ 121.132822858767483, 24.006132036969912, 1005.0 ], [ 121.132803158767487, 24.006123026969913, 1005.0 ], [ 121.132803158767487, 24.006123026969913, 1005.0 ], [ 121.132783558767485, 24.00611401696991, 1005.0 ], [ 121.132763858767476, 24.006114026969911, 1005.0 ], [ 121.13274415876748, 24.006105016969912, 1005.0 ], [ 121.13274415876748, 24.006105016969912, 1005.0 ], [ 121.132724558767478, 24.006086976969911, 1005.0 ], [ 121.132724558767478, 24.006086976969911, 1005.0 ], [ 121.132704858767482, 24.006068936969911, 1005.0 ], [ 121.132704858767482, 24.006068936969911, 1005.0 ], [ 121.132685158767487, 24.00605089696991, 1005.0 ], [ 121.132685158767487, 24.00605089696991, 1005.0 ], [ 121.132675358767486, 24.006032846969912, 1005.0 ], [ 121.132665458767477, 24.00601478696991, 1005.0 ], [ 121.132665458767477, 24.005996736969912, 1005.0 ], [ 121.132665458767477, 24.00597867696991, 1005.0 ], [ 121.132675258767478, 24.005960606969911, 1005.0 ], [ 121.132685058767478, 24.005942536969911, 1005.0 ], [ 121.132685058767478, 24.005942536969911, 1005.0 ], [ 121.13270465876748, 24.005933486969912, 1005.0 ], [ 121.132714558767489, 24.005924456969911, 1005.0 ], [ 121.132724358767476, 24.005915416969913, 1005.0 ], [ 121.132743958767477, 24.00590636696991, 1005.0 ], [ 121.132743958767477, 24.005897336969912, 1005.0 ], [ 121.132753758767478, 24.005888296969911, 1005.0 ], [ 121.132763658767487, 24.005870236969912, 1005.0 ], [ 121.132763558767479, 24.005861206969911, 1005.0 ], [ 121.132763558767479, 24.00585217696991, 1005.0 ], [ 121.132763558767479, 24.005843146969912, 1005.0 ], [ 121.132763558767479, 24.005834116969911, 1005.0 ], [ 121.132753758767478, 24.00581606696991, 1005.0 ], [ 121.132753758767478, 24.005798006969911, 1005.0 ], [ 121.132743858767483, 24.00577995696991, 1005.0 ], [ 121.132743858767483, 24.005770926969912, 1005.0 ], [ 121.132734058767483, 24.005761906969912, 1005.0 ], [ 121.132733958767489, 24.00574384696991, 1005.0 ], [ 121.132724158767488, 24.005725796969912, 1005.0 ], [ 121.132724158767488, 24.00570773696991, 1005.0 ], [ 121.132724158767488, 24.00570773696991, 1005.0 ], [ 121.132714258767479, 24.005689686969912, 1005.0 ], [ 121.132704458767478, 24.005671636969911, 1005.0 ], [ 121.132704458767478, 24.005671636969911, 1005.0 ], [ 121.132684758767482, 24.005653596969911, 1005.0 ], [ 121.132684758767482, 24.005653596969911, 1005.0 ], [ 121.132665058767486, 24.00564457696991, 1005.0 ], [ 121.132655258767485, 24.00563555696991, 1005.0 ], [ 121.132645458767485, 24.00562653696991, 1005.0 ], [ 121.132625758767489, 24.005626556969911, 1005.0 ], [ 121.132606058767479, 24.005626576969913, 1005.0 ], [ 121.132586458767477, 24.005617556969913, 1005.0 ], [ 121.132576558767482, 24.00561756696991, 1005.0 ], [ 121.132566758767481, 24.005617576969911, 1005.0 ], [ 121.132547058767486, 24.005608566969912, 1005.0 ], [ 121.132537258767485, 24.005599546969911, 1005.0 ], [ 121.132527458767484, 24.00558149696991, 1005.0 ], [ 121.132527358767476, 24.005563436969911, 1005.0 ], [ 121.132537158767477, 24.005545366969912, 1005.0 ], [ 121.132547058767486, 24.00553632696991, 1005.0 ], [ 121.132556858767487, 24.005527286969912, 1005.0 ], [ 121.132566658767487, 24.00551824696991, 1005.0 ], [ 121.132576458767488, 24.005509216969912, 1005.0 ], [ 121.132586258767489, 24.005491146969913, 1005.0 ], [ 121.132586258767489, 24.005491146969913, 1005.0 ], [ 121.132586258767489, 24.005473086969911, 1005.0 ], [ 121.132586258767489, 24.005473086969911, 1005.0 ], [ 121.132576458767488, 24.005455036969913, 1005.0 ], [ 121.132576458767488, 24.005436976969911, 1005.0 ], [ 121.132566558767479, 24.00542795696991, 1005.0 ], [ 121.132556758767478, 24.00541893696991, 1005.0 ], [ 121.132546858767483, 24.00540991696991, 1005.0 ], [ 121.132527258767482, 24.00540089696991, 1005.0 ], [ 121.132517358767487, 24.005400906969911, 1005.0 ], [ 121.132507558767486, 24.005400916969911, 1005.0 ], [ 121.132487858767476, 24.005391906969912, 1005.0 ], [ 121.132478058767475, 24.005382886969912, 1005.0 ], [ 121.132468258767489, 24.005373866969911, 1005.0 ], [ 121.132448558767479, 24.005364846969911, 1005.0 ], [ 121.132448558767479, 24.005364846969911, 1005.0 ], [ 121.132438758767478, 24.00534679696991, 1005.0 ], [ 121.132428858767483, 24.005328746969912, 1005.0 ], [ 121.132428858767483, 24.005328746969912, 1005.0 ], [ 121.132419058767482, 24.005310696969911, 1005.0 ], [ 121.132409158767487, 24.005301676969911, 1005.0 ], [ 121.132399358767486, 24.00529265696991, 1005.0 ], [ 121.132389458767477, 24.00528363696991, 1005.0 ], [ 121.132369858767476, 24.005274626969911, 1005.0 ], [ 121.132369858767476, 24.005274626969911, 1005.0 ], [ 121.13235015876748, 24.00526560696991, 1005.0 ], [ 121.13235015876748, 24.00525658696991, 1005.0 ], [ 121.132330458767484, 24.005238536969912, 1005.0 ], [ 121.132330458767484, 24.005238536969912, 1005.0 ], [ 121.132320658767483, 24.005220486969911, 1005.0 ], [ 121.132310758767488, 24.00520243696991, 1005.0 ], [ 121.132310758767488, 24.005193406969912, 1005.0 ], [ 121.132310758767488, 24.005184376969911, 1005.0 ], [ 121.132291058767478, 24.005166336969911, 1005.0 ], [ 121.132291058767478, 24.005166336969911, 1005.0 ], [ 121.132271458767477, 24.005157326969911, 1005.0 ], [ 121.132192758767488, 24.00515739696991, 1005.0 ], [ 121.132173158767486, 24.005166436969912, 1005.0 ], [ 121.132163258767477, 24.005166446969913, 1005.0 ], [ 121.132153458767476, 24.00516645696991, 1005.0 ], [ 121.132133858767489, 24.005175506969913, 1005.0 ], [ 121.132114158767479, 24.005184546969911, 1005.0 ], [ 121.132114158767479, 24.005184546969911, 1005.0 ], [ 121.132094558767477, 24.005184566969913, 1005.0 ], [ 121.132074858767481, 24.005184586969911, 1005.0 ], [ 121.132055158767486, 24.005184596969912, 1005.0 ], [ 121.132045358767485, 24.005184606969912, 1005.0 ], [ 121.132035558767484, 24.00518461696991, 1005.0 ], [ 121.132015858767488, 24.005166576969913, 1005.0 ], [ 121.132015858767488, 24.005157546969912, 1005.0 ], [ 121.132015858767488, 24.005148516969911, 1005.0 ], [ 121.132005958767479, 24.005130466969913, 1005.0 ], [ 121.132005958767479, 24.005112406969911, 1005.0 ], [ 121.132005958767479, 24.005094346969912, 1005.0 ], [ 121.132005958767479, 24.00507628696991, 1005.0 ], [ 121.132005958767479, 24.005058226969911, 1005.0 ], [ 121.132005958767479, 24.005040166969913, 1005.0 ], [ 121.132005858767485, 24.005022106969911, 1005.0 ], [ 121.132005858767485, 24.005004056969913, 1005.0 ], [ 121.132005858767485, 24.004985996969911, 1005.0 ], [ 121.132015658767486, 24.004967926969911, 1005.0 ], [ 121.132015658767486, 24.00495889696991, 1005.0 ], [ 121.132015658767486, 24.004949866969913, 1005.0 ], [ 121.132025458767487, 24.00493179696991, 1005.0 ], [ 121.132035258767488, 24.00491372696991, 1005.0 ], [ 121.132035258767488, 24.004904696969913, 1005.0 ], [ 121.132035258767488, 24.004895676969912, 1005.0 ], [ 121.132035258767488, 24.00487761696991, 1005.0 ], [ 121.132045058767488, 24.004859546969911, 1005.0 ], [ 121.132045058767488, 24.004841486969912, 1005.0 ], [ 121.13204495876748, 24.00482342696991, 1005.0 ], [ 121.13204495876748, 24.004805366969912, 1005.0 ], [ 121.132054758767481, 24.004787296969912, 1005.0 ], [ 121.132054758767481, 24.004787296969912, 1005.0 ], [ 121.132064658767476, 24.00476923696991, 1005.0 ], [ 121.132074458767477, 24.004760196969912, 1005.0 ], [ 121.132094058767478, 24.004751146969912, 1005.0 ], [ 121.132094058767478, 24.004751146969912, 1005.0 ], [ 121.132113758767488, 24.004742106969911, 1005.0 ], [ 121.132133358767476, 24.004733056969911, 1005.0 ], [ 121.132133358767476, 24.004733056969911, 1005.0 ], [ 121.132153058767486, 24.004724006969912, 1005.0 ], [ 121.132172658767487, 24.00471496696991, 1005.0 ], [ 121.132182458767488, 24.004714956969913, 1005.0 ], [ 121.132192358767483, 24.004714946969912, 1005.0 ], [ 121.132211958767485, 24.004705896969913, 1005.0 ], [ 121.132231658767481, 24.004696856969911, 1005.0 ], [ 121.132241458767481, 24.00469684696991, 1005.0 ], [ 121.132251258767482, 24.004687806969912, 1005.0 ], [ 121.132261058767483, 24.00467876696991, 1005.0 ], [ 121.132270958767478, 24.004660696969911, 1005.0 ], [ 121.132270958767478, 24.004660696969911, 1005.0 ], [ 121.132270858767484, 24.004642636969912, 1005.0 ], [ 121.132270858767484, 24.00462457696991, 1005.0 ], [ 121.132280658767485, 24.004606516969911, 1005.0 ], [ 121.132280658767485, 24.004588456969913, 1005.0 ], [ 121.132280658767485, 24.00457039696991, 1005.0 ], [ 121.132280658767485, 24.004552336969912, 1005.0 ], [ 121.132280658767485, 24.00453427696991, 1005.0 ], [ 121.132280558767476, 24.004516216969911, 1005.0 ], [ 121.132280558767476, 24.004498156969913, 1005.0 ], [ 121.132280558767476, 24.00448009696991, 1005.0 ], [ 121.132280558767476, 24.004462036969912, 1005.0 ], [ 121.132280558767476, 24.00444398696991, 1005.0 ], [ 121.132290358767477, 24.004425916969911, 1005.0 ], [ 121.132290358767477, 24.004407856969912, 1005.0 ], [ 121.132290258767483, 24.00438979696991, 1005.0 ], [ 121.132290258767483, 24.004371736969912, 1005.0 ], [ 121.132290258767483, 24.004362706969911, 1005.0 ], [ 121.132290258767483, 24.004353676969913, 1005.0 ], [ 121.132300058767484, 24.00433560696991, 1005.0 ], [ 121.132309858767485, 24.004317546969911, 1005.0 ], [ 121.132309858767485, 24.004317546969911, 1005.0 ], [ 121.132329558767481, 24.004299466969911, 1005.0 ], [ 121.132329558767481, 24.004299466969911, 1005.0 ], [ 121.132349158767482, 24.004281386969911, 1005.0 ], [ 121.132349158767482, 24.00427235696991, 1005.0 ], [ 121.132358958767483, 24.004263326969912, 1005.0 ], [ 121.132368758767484, 24.004245256969913, 1005.0 ], [ 121.132368758767484, 24.004227196969911, 1005.0 ], [ 121.132368758767484, 24.004227196969911, 1005.0 ], [ 121.132368758767484, 24.004209136969912, 1005.0 ], [ 121.132378558767485, 24.004191066969913, 1005.0 ], [ 121.132388358767486, 24.004182026969911, 1005.0 ], [ 121.132388358767486, 24.004173006969911, 1005.0 ], [ 121.132407958767487, 24.00415492696991, 1005.0 ], [ 121.132417858767482, 24.004154916969913, 1005.0 ], [ 121.132427658767483, 24.004145876969911, 1005.0 ], [ 121.132437458767484, 24.004136836969913, 1005.0 ], [ 121.132447258767485, 24.004127806969912, 1005.0 ], [ 121.132457058767486, 24.00411876696991, 1005.0 ], [ 121.13246695876748, 24.004109726969912, 1005.0 ], [ 121.132476758767481, 24.00410068696991, 1005.0 ], [ 121.132486558767482, 24.004091646969911, 1005.0 ], [ 121.132496358767483, 24.00408261696991, 1005.0 ], [ 121.132506158767484, 24.004064546969911, 1005.0 ], [ 121.132506158767484, 24.004064546969911, 1005.0 ], [ 121.13252585876748, 24.004046466969911, 1005.0 ], [ 121.13252585876748, 24.004046466969911, 1005.0 ], [ 121.132545458767481, 24.004028396969911, 1005.0 ], [ 121.132545458767481, 24.004028396969911, 1005.0 ], [ 121.132555258767482, 24.004010326969912, 1005.0 ], [ 121.132565058767483, 24.003992256969912, 1005.0 ], [ 121.132565058767483, 24.003992256969912, 1005.0 ], [ 121.132565058767483, 24.00397419696991, 1005.0 ], [ 121.132565058767483, 24.003956136969911, 1005.0 ], [ 121.132565058767483, 24.003938076969913, 1005.0 ], [ 121.132565058767483, 24.003920016969911, 1005.0 ], [ 121.132564958767489, 24.003901966969913, 1005.0 ], [ 121.132564958767489, 24.003901966969913, 1005.0 ], [ 121.132555158767488, 24.003883916969912, 1005.0 ], [ 121.132545358767487, 24.003865856969913, 1005.0 ], [ 121.132545358767487, 24.003865856969913, 1005.0 ], [ 121.132535458767478, 24.003847806969912, 1005.0 ], [ 121.132525658767477, 24.00382975696991, 1005.0 ], [ 121.132525658767477, 24.00382975696991, 1005.0 ], [ 121.132525558767483, 24.003811696969912, 1005.0 ], [ 121.132525558767483, 24.00379364696991, 1005.0 ], [ 121.132525558767483, 24.00379364696991, 1005.0 ], [ 121.132535358767484, 24.003775576969911, 1005.0 ], [ 121.132545158767485, 24.003766536969913, 1005.0 ], [ 121.132564858767481, 24.00375748696991, 1005.0 ], [ 121.132564858767481, 24.00375748696991, 1005.0 ], [ 121.132584458767482, 24.003748446969912, 1005.0 ], [ 121.132604158767478, 24.003739396969912, 1005.0 ], [ 121.132623858767488, 24.003739376969911, 1005.0 ], [ 121.132623858767488, 24.003739376969911, 1005.0 ], [ 121.132643458767475, 24.003721306969911, 1005.0 ], [ 121.132643458767475, 24.003721306969911, 1005.0 ], [ 121.132653258767476, 24.003703236969912, 1005.0 ], [ 121.132663058767477, 24.00369419696991, 1005.0 ], [ 121.132663058767477, 24.003685166969913, 1005.0 ], [ 121.132672858767478, 24.003667096969913, 1005.0 ], [ 121.132682658767479, 24.003649036969911, 1005.0 ], [ 121.132682658767479, 24.003649036969911, 1005.0 ], [ 121.132682658767479, 24.003630976969912, 1005.0 ], [ 121.13269245876748, 24.003612906969913, 1005.0 ], [ 121.13269245876748, 24.003594846969911, 1005.0 ], [ 121.13270225876748, 24.003558716969913, 1005.0 ], [ 121.13270225876748, 24.003558716969913, 1005.0 ], [ 121.132712058767481, 24.003540656969911, 1005.0 ], [ 121.132721858767482, 24.003522586969911, 1005.0 ], [ 121.132721858767482, 24.003522586969911, 1005.0 ], [ 121.132731658767483, 24.003504516969912, 1005.0 ], [ 121.132741558767478, 24.00349547696991, 1005.0 ], [ 121.132751358767479, 24.003486436969911, 1005.0 ], [ 121.13276115876748, 24.003468376969913, 1005.0 ], [ 121.13276115876748, 24.003459346969912, 1005.0 ], [ 121.13276115876748, 24.003450316969911, 1005.0 ], [ 121.132761058767485, 24.003432256969912, 1005.0 ], [ 121.132761058767485, 24.00341419696991, 1005.0 ], [ 121.132770858767486, 24.003396126969911, 1005.0 ], [ 121.132780658767487, 24.003378056969911, 1005.0 ], [ 121.132780658767487, 24.003378056969911, 1005.0 ], [ 121.132790558767482, 24.003359996969913, 1005.0 ], [ 121.132800358767483, 24.003350956969911, 1005.0 ], [ 121.132810158767484, 24.003341916969912, 1005.0 ], [ 121.132819958767485, 24.00333287696991, 1005.0 ], [ 121.13283965876748, 24.003332866969913, 1005.0 ], [ 121.132859258767482, 24.00332381696991, 1005.0 ], [ 121.132878958767478, 24.003323796969912, 1005.0 ], [ 121.132878958767478, 24.003323796969912, 1005.0 ], [ 121.132898558767479, 24.003323776969911, 1005.0 ], [ 121.132918258767475, 24.003314736969912, 1005.0 ], [ 121.132937858767477, 24.003305686969913, 1005.0 ], [ 121.132937858767477, 24.003305686969913, 1005.0 ], [ 121.132957558767487, 24.003287606969913, 1005.0 ], [ 121.132957558767487, 24.003287606969913, 1005.0 ], [ 121.132967358767488, 24.003269546969911, 1005.0 ], [ 121.132977158767488, 24.003260506969912, 1005.0 ], [ 121.132977158767488, 24.003251476969911, 1005.0 ], [ 121.132986958767489, 24.003233406969912, 1005.0 ], [ 121.132996758767476, 24.00322436696991, 1005.0 ], [ 121.133006558767477, 24.003215336969912, 1005.0 ], [ 121.133016458767486, 24.00320629696991, 1005.0 ], [ 121.133026258767487, 24.003197256969912, 1005.0 ], [ 121.133036058767487, 24.00318821696991, 1005.0 ], [ 121.133055758767483, 24.003179166969911, 1005.0 ], [ 121.133055758767483, 24.003179166969911, 1005.0 ], [ 121.133075358767485, 24.003170126969913, 1005.0 ], [ 121.133095058767481, 24.00316107696991, 1005.0 ], [ 121.133095058767481, 24.00316107696991, 1005.0 ], [ 121.133114658767482, 24.003152026969911, 1005.0 ], [ 121.133134358767478, 24.003142986969912, 1005.0 ], [ 121.133134358767478, 24.003142986969912, 1005.0 ], [ 121.13315395876748, 24.00313393696991, 1005.0 ], [ 121.133163758767481, 24.003124896969911, 1005.0 ], [ 121.133173558767481, 24.00311586696991, 1005.0 ], [ 121.133193258767477, 24.003106816969911, 1005.0 ], [ 121.133193258767477, 24.003106816969911, 1005.0 ], [ 121.133212858767479, 24.003088736969911, 1005.0 ], [ 121.133222758767488, 24.00308872696991, 1005.0 ], [ 121.133232558767489, 24.003079696969913, 1005.0 ], [ 121.133252158767476, 24.00307064696991, 1005.0 ], [ 121.133262058767485, 24.003070636969912, 1005.0 ], [ 121.133271858767486, 24.003061596969911, 1005.0 ], [ 121.133291458767488, 24.003052556969912, 1005.0 ], [ 121.133291458767488, 24.003052556969912, 1005.0 ], [ 121.133311158767484, 24.003043506969913, 1005.0 ], [ 121.133330758767485, 24.00303445696991, 1005.0 ], [ 121.133350458767481, 24.003034446969913, 1005.0 ], [ 121.133350458767481, 24.003034446969913, 1005.0 ], [ 121.133370058767483, 24.00302539696991, 1005.0 ], [ 121.133389758767478, 24.003025376969912, 1005.0 ], [ 121.13340935876748, 24.003025356969911, 1005.0 ], [ 121.133429058767476, 24.003016316969912, 1005.0 ], [ 121.133429058767476, 24.003016316969912, 1005.0 ], [ 121.133448658767477, 24.002998236969912, 1005.0 ], [ 121.133448658767477, 24.002998236969912, 1005.0 ], [ 121.133448658767477, 24.00298017696991, 1005.0 ], [ 121.133458458767478, 24.00296210696991, 1005.0 ], [ 121.133458458767478, 24.002944056969913, 1005.0 ], [ 121.133458458767478, 24.00292599696991, 1005.0 ], [ 121.133468258767479, 24.002907926969911, 1005.0 ], [ 121.133468258767479, 24.002889866969912, 1005.0 ], [ 121.133468258767479, 24.00287180696991, 1005.0 ], [ 121.133458358767484, 24.002853756969913, 1005.0 ], [ 121.133458358767484, 24.00283569696991, 1005.0 ], [ 121.133448458767475, 24.002817646969913, 1005.0 ], [ 121.133448458767475, 24.00279958696991, 1005.0 ], [ 121.133448458767475, 24.00279958696991, 1005.0 ], [ 121.133438658767489, 24.002781536969913, 1005.0 ], [ 121.133438658767489, 24.002763476969911, 1005.0 ], [ 121.133428758767479, 24.002745426969913, 1005.0 ], [ 121.133428758767479, 24.002727366969911, 1005.0 ], [ 121.133428758767479, 24.002709306969912, 1005.0 ], [ 121.133428758767479, 24.00269124696991, 1005.0 ], [ 121.133428658767485, 24.002673186969911, 1005.0 ], [ 121.133428658767485, 24.002673186969911, 1005.0 ], [ 121.133428658767485, 24.00265513696991, 1005.0 ], [ 121.133418858767484, 24.002637076969911, 1005.0 ], [ 121.133418858767484, 24.00261902696991, 1005.0 ], [ 121.133418758767476, 24.002600966969911, 1005.0 ], [ 121.133418758767476, 24.002582906969913, 1005.0 ], [ 121.133408958767475, 24.002573886969913, 1005.0 ], [ 121.133408958767475, 24.002564856969911, 1005.0 ], [ 121.13338925876748, 24.002546816969911, 1005.0 ], [ 121.13338925876748, 24.002546816969911, 1005.0 ], [ 121.133379358767485, 24.002528756969912, 1005.0 ], [ 121.133369558767484, 24.002510706969911, 1005.0 ], [ 121.133369558767484, 24.00250167696991, 1005.0 ], [ 121.133359658767489, 24.00249265696991, 1005.0 ], [ 121.133359658767489, 24.002474596969911, 1005.0 ], [ 121.133359658767489, 24.00245654696991, 1005.0 ], [ 121.133349858767488, 24.002438486969911, 1005.0 ], [ 121.133349858767488, 24.002429466969911, 1005.0 ], [ 121.13334975876748, 24.00242043696991, 1005.0 ], [ 121.133339958767479, 24.002402386969912, 1005.0 ], [ 121.133330158767478, 24.00238432696991, 1005.0 ], [ 121.133330058767484, 24.002366276969912, 1005.0 ], [ 121.133330058767484, 24.002357246969911, 1005.0 ], [ 121.133330058767484, 24.00234821696991, 1005.0 ], [ 121.133330058767484, 24.002330156969911, 1005.0 ], [ 121.133330058767484, 24.002330156969911, 1005.0 ], [ 121.133330058767484, 24.002312096969913, 1005.0 ], [ 121.133330058767484, 24.002294036969911, 1005.0 ], [ 121.133329958767476, 24.002275976969912, 1005.0 ], [ 121.133329958767476, 24.00225791696991, 1005.0 ], [ 121.133329958767476, 24.002248886969912, 1005.0 ], [ 121.133329958767476, 24.002239856969911, 1005.0 ], [ 121.133329958767476, 24.00223082696991, 1005.0 ], [ 121.133329958767476, 24.002221796969913, 1005.0 ], [ 121.133329958767476, 24.002203736969911, 1005.0 ], [ 121.133339758767477, 24.002185676969912, 1005.0 ], [ 121.133349558767478, 24.002167606969913, 1005.0 ], [ 121.133349558767478, 24.002158576969912, 1005.0 ], [ 121.133349558767478, 24.00214954696991, 1005.0 ], [ 121.133359358767478, 24.002131476969911, 1005.0 ], [ 121.133369158767479, 24.002113406969912, 1005.0 ], [ 121.133369158767479, 24.002113406969912, 1005.0 ], [ 121.13337895876748, 24.002095346969913, 1005.0 ], [ 121.133388758767481, 24.002086306969911, 1005.0 ], [ 121.133388758767481, 24.00207727696991, 1005.0 ], [ 121.133408358767483, 24.00205919696991, 1005.0 ], [ 121.133408358767483, 24.002050166969912, 1005.0 ], [ 121.133408358767483, 24.002041136969911, 1005.0 ], [ 121.133408358767483, 24.002023076969913, 1005.0 ], [ 121.133408358767483, 24.00200501696991, 1005.0 ], [ 121.133408358767483, 24.001986966969913, 1005.0 ], [ 121.133418158767483, 24.00196889696991, 1005.0 ], [ 121.133427958767484, 24.00195082696991, 1005.0 ], [ 121.133427958767484, 24.001932766969912, 1005.0 ], [ 121.133427958767484, 24.001932766969912, 1005.0 ], [ 121.133427958767484, 24.001914706969913, 1005.0 ], [ 121.133427858767476, 24.001896646969911, 1005.0 ], [ 121.133427858767476, 24.001878586969912, 1005.0 ], [ 121.133427858767476, 24.001860536969911, 1005.0 ], [ 121.133427858767476, 24.001842476969912, 1005.0 ], [ 121.133427858767476, 24.001833446969911, 1005.0 ], [ 121.133427858767476, 24.00182441696991, 1005.0 ], [ 121.133417958767481, 24.001806366969912, 1005.0 ], [ 121.13340815876748, 24.001788316969911, 1005.0 ], [ 121.133408058767486, 24.001770256969913, 1005.0 ], [ 121.133408058767486, 24.001770256969913, 1005.0 ], [ 121.133398258767485, 24.001752206969911, 1005.0 ], [ 121.133388458767485, 24.00173415696991, 1005.0 ], [ 121.133388358767476, 24.001716096969911, 1005.0 ], [ 121.133388358767476, 24.001716096969911, 1005.0 ], [ 121.133388358767476, 24.001698036969913, 1005.0 ], [ 121.133378558767475, 24.001679986969911, 1005.0 ], [ 121.13336865876748, 24.00166193696991, 1005.0 ], [ 121.13336865876748, 24.001652906969912, 1005.0 ], [ 121.13336865876748, 24.001643876969911, 1005.0 ], [ 121.13335885876748, 24.00162582696991, 1005.0 ], [ 121.133348958767485, 24.001607776969912, 1005.0 ], [ 121.133348958767485, 24.001607776969912, 1005.0 ], [ 121.133329258767489, 24.001589726969911, 1005.0 ], [ 121.133329258767489, 24.00157167696991, 1005.0 ], [ 121.133329258767489, 24.00157167696991, 1005.0 ], [ 121.133329258767489, 24.001553616969911, 1005.0 ], [ 121.133329258767489, 24.001535556969912, 1005.0 ], [ 121.133329258767489, 24.001535556969912, 1005.0 ], [ 121.133329258767489, 24.00151749696991, 1005.0 ], [ 121.133329158767481, 24.001499436969912, 1005.0 ], [ 121.133338958767482, 24.001481366969912, 1005.0 ], [ 121.133338958767482, 24.00146330696991, 1005.0 ], [ 121.133348758767482, 24.001445236969911, 1005.0 ], [ 121.133348758767482, 24.001445236969911, 1005.0 ], [ 121.133348758767482, 24.001427186969913, 1005.0 ], [ 121.133348758767482, 24.001409126969911, 1005.0 ], [ 121.133348758767482, 24.001391066969912, 1005.0 ], [ 121.133348758767482, 24.001391066969912, 1005.0 ], [ 121.133338858767488, 24.001373016969911, 1005.0 ], [ 121.133329058767487, 24.001363996969911, 1005.0 ], [ 121.133309358767477, 24.001364006969911, 1005.0 ], [ 121.133299558767476, 24.001354986969911, 1005.0 ], [ 121.133289758767489, 24.001354996969912, 1005.0 ], [ 121.133270058767479, 24.001345986969913, 1005.0 ], [ 121.133250358767484, 24.00134599696991, 1005.0 ], [ 121.133230758767482, 24.00133698696991, 1005.0 ], [ 121.133230758767482, 24.00133698696991, 1005.0 ], [ 121.133211058767486, 24.001327976969911, 1005.0 ], [ 121.133191358767476, 24.001318966969912, 1005.0 ], [ 121.133181558767475, 24.001318976969912, 1005.0 ], [ 121.133171758767489, 24.001318976969912, 1005.0 ], [ 121.133152058767479, 24.001309966969913, 1005.0 ], [ 121.133132458767477, 24.001309986969911, 1005.0 ], [ 121.133112758767481, 24.001300976969912, 1005.0 ], [ 121.133112758767481, 24.001300976969912, 1005.0 ], [ 121.133093058767486, 24.001291956969911, 1005.0 ], [ 121.133073458767484, 24.001282946969912, 1005.0 ], [ 121.133063558767489, 24.001282956969913, 1005.0 ], [ 121.133053758767488, 24.001273936969913, 1005.0 ], [ 121.133034058767478, 24.00126492696991, 1005.0 ], [ 121.133024258767477, 24.00126493696991, 1005.0 ], [ 121.133014458767477, 24.001255906969913, 1005.0 ], [ 121.132994758767481, 24.00124689696991, 1005.0 ], [ 121.132994758767481, 24.00124689696991, 1005.0 ], [ 121.132975058767485, 24.001228856969913, 1005.0 ], [ 121.132975058767485, 24.001228856969913, 1005.0 ], [ 121.132955358767475, 24.001210816969913, 1005.0 ], [ 121.132955358767475, 24.001210816969913, 1005.0 ], [ 121.132935758767488, 24.001192776969912, 1005.0 ], [ 121.132935758767488, 24.001192776969912, 1005.0 ], [ 121.132916058767478, 24.001174726969911, 1005.0 ], [ 121.132916058767478, 24.001174726969911, 1005.0 ], [ 121.132896358767482, 24.00115668696991, 1005.0 ], [ 121.132896358767482, 24.00115668696991, 1005.0 ], [ 121.132876658767486, 24.00113864696991, 1005.0 ], [ 121.132876658767486, 24.00113864696991, 1005.0 ], [ 121.132857058767485, 24.001120606969913, 1005.0 ], [ 121.132857058767485, 24.001120606969913, 1005.0 ], [ 121.132837358767489, 24.001102566969912, 1005.0 ], [ 121.132837358767489, 24.001102566969912, 1005.0 ], [ 121.132817658767479, 24.001084516969911, 1005.0 ], [ 121.132817658767479, 24.001084516969911, 1005.0 ], [ 121.132797958767483, 24.00106647696991, 1005.0 ], [ 121.132797958767483, 24.00106647696991, 1005.0 ], [ 121.132778358767482, 24.00104843696991, 1005.0 ], [ 121.132778358767482, 24.00104843696991, 1005.0 ], [ 121.132758658767486, 24.001030396969913, 1005.0 ], [ 121.132758658767486, 24.001030396969913, 1005.0 ], [ 121.132738958767476, 24.001012356969913, 1005.0 ], [ 121.132738958767476, 24.001012356969913, 1005.0 ], [ 121.13271925876748, 24.001003336969912, 1005.0 ], [ 121.132709458767479, 24.000994316969912, 1005.0 ], [ 121.132699658767478, 24.000994326969913, 1005.0 ], [ 121.132679958767483, 24.00098531696991, 1005.0 ], [ 121.132660258767487, 24.000985336969912, 1005.0 ], [ 121.132640658767485, 24.000985346969912, 1005.0 ], [ 121.132620958767475, 24.00098536696991, 1005.0 ], [ 121.132601358767488, 24.000976356969911, 1005.0 ], [ 121.132601358767488, 24.000976356969911, 1005.0 ], [ 121.132581658767478, 24.000967336969911, 1005.0 ], [ 121.132571858767477, 24.000958316969911, 1005.0 ], [ 121.132561958767482, 24.00094929696991, 1005.0 ], [ 121.132552158767481, 24.00094027696991, 1005.0 ], [ 121.132542258767486, 24.000922226969912, 1005.0 ], [ 121.132542258767486, 24.000922226969912, 1005.0 ], [ 121.132522658767485, 24.000904186969912, 1005.0 ], [ 121.132522658767485, 24.000904186969912, 1005.0 ], [ 121.132502958767489, 24.000895176969912, 1005.0 ], [ 121.132483258767479, 24.000886156969912, 1005.0 ], [ 121.132483258767479, 24.000886156969912, 1005.0 ], [ 121.132463658767477, 24.000877146969913, 1005.0 ], [ 121.132443958767482, 24.000877166969911, 1005.0 ], [ 121.132424258767486, 24.000877186969912, 1005.0 ], [ 121.132404658767484, 24.000868166969912, 1005.0 ], [ 121.132384958767489, 24.00086818696991, 1005.0 ], [ 121.132365358767487, 24.000868206969912, 1005.0 ], [ 121.132345658767477, 24.000868216969913, 1005.0 ], [ 121.132325958767481, 24.000868236969911, 1005.0 ], [ 121.13231615876748, 24.000868246969912, 1005.0 ], [ 121.13230635876748, 24.000859226969911, 1005.0 ], [ 121.132286658767484, 24.000850216969912, 1005.0 ], [ 121.132286658767484, 24.000841186969911, 1005.0 ], [ 121.132276858767483, 24.000832166969911, 1005.0 ], [ 121.132266958767488, 24.000814106969912, 1005.0 ], [ 121.132266958767488, 24.000814106969912, 1005.0 ], [ 121.132257158767487, 24.000796056969911, 1005.0 ], [ 121.132247258767478, 24.000778006969913, 1005.0 ], [ 121.132247258767478, 24.000778006969913, 1005.0 ], [ 121.132247258767478, 24.000759946969911, 1005.0 ], [ 121.132237358767483, 24.000741896969913, 1005.0 ], [ 121.132237358767483, 24.000723836969911, 1005.0 ], [ 121.132227558767482, 24.00070578696991, 1005.0 ], [ 121.132227558767482, 24.000687726969911, 1005.0 ], [ 121.132227558767482, 24.000678706969911, 1005.0 ], [ 121.132227458767488, 24.00066967696991, 1005.0 ], [ 121.132217658767487, 24.000651626969912, 1005.0 ], [ 121.132207858767487, 24.00063356696991, 1005.0 ], [ 121.132207858767487, 24.00063356696991, 1005.0 ], [ 121.132207758767478, 24.000615516969912, 1005.0 ], [ 121.132197958767478, 24.00059745696991, 1005.0 ], [ 121.132197958767478, 24.000579406969912, 1005.0 ], [ 121.132197858767483, 24.00056134696991, 1005.0 ], [ 121.132207758767478, 24.000543276969911, 1005.0 ], [ 121.132207658767484, 24.000534246969913, 1005.0 ], [ 121.132207658767484, 24.000525216969912, 1005.0 ], [ 121.132207658767484, 24.00050715696991, 1005.0 ], [ 121.132217458767485, 24.00048908696991, 1005.0 ], [ 121.132217458767485, 24.000471026969912, 1005.0 ], [ 121.132227258767486, 24.00045296696991, 1005.0 ], [ 121.132237058767487, 24.00043489696991, 1005.0 ], [ 121.132246858767488, 24.000416826969911, 1005.0 ], [ 121.132246858767488, 24.000416826969911, 1005.0 ], [ 121.132266558767483, 24.000398756969911, 1005.0 ], [ 121.132266558767483, 24.00038972696991, 1005.0 ], [ 121.132266558767483, 24.000380696969913, 1005.0 ], [ 121.132286158767485, 24.000362616969912, 1005.0 ], [ 121.132286158767485, 24.000362616969912, 1005.0 ], [ 121.132305758767487, 24.000344536969912, 1005.0 ], [ 121.132325458767482, 24.000326466969913, 1005.0 ], [ 121.132325458767482, 24.000326466969913, 1005.0 ], [ 121.132345058767484, 24.00031741696991, 1005.0 ], [ 121.13236475876748, 24.000308366969911, 1005.0 ], [ 121.13236475876748, 24.000308366969911, 1005.0 ], [ 121.132384358767482, 24.000299326969913, 1005.0 ], [ 121.132394158767482, 24.000290286969911, 1005.0 ], [ 121.132404058767477, 24.000281246969912, 1005.0 ], [ 121.132413858767478, 24.00027220696991, 1005.0 ], [ 121.132423658767479, 24.000263176969913, 1005.0 ], [ 121.132443358767489, 24.00025412696991, 1005.0 ], [ 121.132443358767489, 24.00025412696991, 1005.0 ], [ 121.132462958767476, 24.000245076969911, 1005.0 ], [ 121.132482658767486, 24.000236036969913, 1005.0 ], [ 121.132482658767486, 24.000236036969913, 1005.0 ], [ 121.132502258767488, 24.00022698696991, 1005.0 ], [ 121.132521858767475, 24.000217936969911, 1005.0 ], [ 121.132521858767475, 24.000217936969911, 1005.0 ], [ 121.132541558767485, 24.000208896969912, 1005.0 ], [ 121.132561158767487, 24.00019984696991, 1005.0 ], [ 121.132561158767487, 24.00019984696991, 1005.0 ], [ 121.132580858767483, 24.00019079696991, 1005.0 ], [ 121.132600458767484, 24.000181756969912, 1005.0 ], [ 121.132600458767484, 24.000181756969912, 1005.0 ], [ 121.13262015876748, 24.000172706969913, 1005.0 ], [ 121.132629958767481, 24.000163666969911, 1005.0 ], [ 121.132639758767482, 24.000154626969913, 1005.0 ], [ 121.132659458767478, 24.000145586969911, 1005.0 ], [ 121.132659458767478, 24.000145586969911, 1005.0 ], [ 121.132679058767479, 24.000145566969913, 1005.0 ], [ 121.132698758767489, 24.000145546969911, 1005.0 ], [ 121.132718358767477, 24.00014553696991, 1005.0 ], [ 121.132718358767477, 24.00014553696991, 1005.0 ], [ 121.132738058767487, 24.000154546969913, 1005.0 ], [ 121.132747958767482, 24.00016356696991, 1005.0 ], [ 121.132757758767482, 24.00017258696991, 1005.0 ], [ 121.132767558767483, 24.00018160696991, 1005.0 ], [ 121.132777458767478, 24.000190626969911, 1005.0 ], [ 121.132787258767479, 24.000199646969911, 1005.0 ], [ 121.13279705876748, 24.000208666969911, 1005.0 ], [ 121.132816758767476, 24.000217686969911, 1005.0 ], [ 121.132816758767476, 24.000217686969911, 1005.0 ], [ 121.132836458767486, 24.000226696969911, 1005.0 ], [ 121.132856058767487, 24.00023570696991, 1005.0 ], [ 121.132856058767487, 24.00023570696991, 1005.0 ], [ 121.132875758767483, 24.000244716969913, 1005.0 ], [ 121.132895458767479, 24.000244706969912, 1005.0 ], [ 121.13291505876748, 24.000253716969912, 1005.0 ], [ 121.132934758767476, 24.00025369696991, 1005.0 ], [ 121.132954458767486, 24.000253686969913, 1005.0 ], [ 121.132974058767488, 24.000253666969911, 1005.0 ], [ 121.132993758767483, 24.000244616969912, 1005.0 ], [ 121.133003558767484, 24.00023557696991, 1005.0 ], [ 121.133013358767485, 24.000226546969913, 1005.0 ], [ 121.133013358767485, 24.000217516969911, 1005.0 ], [ 121.133023158767486, 24.000199446969912, 1005.0 ], [ 121.133023158767486, 24.00018138696991, 1005.0 ], [ 121.133013258767477, 24.000163336969912, 1005.0 ], [ 121.133013258767477, 24.00014527696991, 1005.0 ], [ 121.133013258767477, 24.000127216969911, 1005.0 ], [ 121.133013258767477, 24.000127216969911, 1005.0 ], [ 121.133003358767482, 24.00010916696991, 1005.0 ], [ 121.133003358767482, 24.000091106969911, 1005.0 ], [ 121.132993558767481, 24.00007305696991, 1005.0 ], [ 121.132993558767481, 24.00007305696991, 1005.0 ], [ 121.132983658767486, 24.000055006969912, 1005.0 ], [ 121.132973858767485, 24.000045986969912, 1005.0 ], [ 121.132964058767485, 24.000036966969912, 1005.0 ], [ 121.132954158767475, 24.000027946969912, 1005.0 ], [ 121.132944358767489, 24.000018926969911, 1005.0 ], [ 121.13293445876748, 24.00000989696991, 1005.0 ], [ 121.132924658767479, 24.00000087696991, 1005.0 ], [ 121.132914858767478, 23.99999185696991, 1005.0 ], [ 121.132895158767482, 23.99998284696991, 1005.0 ], [ 121.132895158767482, 23.99998284696991, 1005.0 ], [ 121.132875458767487, 23.99996480696991, 1005.0 ], [ 121.132875458767487, 23.99996480696991, 1005.0 ], [ 121.132855758767477, 23.999946766969913, 1005.0 ], [ 121.132855758767477, 23.999946766969913, 1005.0 ], [ 121.132845958767476, 23.999928716969912, 1005.0 ], [ 121.132836158767489, 23.999919686969911, 1005.0 ], [ 121.13282625876748, 23.99991066696991, 1005.0 ], [ 121.132816458767479, 23.999892616969912, 1005.0 ], [ 121.132816458767479, 23.999892616969912, 1005.0 ], [ 121.132796758767483, 23.999874576969912, 1005.0 ], [ 121.132796758767483, 23.999874576969912, 1005.0 ], [ 121.132786958767483, 23.999856526969911, 1005.0 ], [ 121.132777058767488, 23.99984750696991, 1005.0 ], [ 121.132767258767487, 23.99983848696991, 1005.0 ], [ 121.132757358767478, 23.999820436969912, 1005.0 ], [ 121.132757358767478, 23.999811406969911, 1005.0 ], [ 121.132747558767477, 23.999802386969911, 1005.0 ], [ 121.132747558767477, 23.999784326969912, 1005.0 ], [ 121.132737658767482, 23.999775306969912, 1005.0 ], [ 121.132727858767481, 23.999766286969912, 1005.0 ], [ 121.132727858767481, 23.99974822696991, 1005.0 ], [ 121.132717958767486, 23.999730176969912, 1005.0 ], [ 121.132717958767486, 23.999721146969911, 1005.0 ], [ 121.132717958767486, 23.99971211696991, 1005.0 ], [ 121.132717958767486, 23.999694056969911, 1005.0 ], [ 121.132708058767477, 23.99967600696991, 1005.0 ], [ 121.132708058767477, 23.999657946969911, 1005.0 ], [ 121.132698258767476, 23.99963989696991, 1005.0 ], [ 121.132698258767476, 23.999621836969911, 1005.0 ], [ 121.132698158767482, 23.99961280696991, 1005.0 ], [ 121.132698158767482, 23.999603776969913, 1005.0 ], [ 121.132688358767481, 23.999585726969912, 1005.0 ], [ 121.132678458767487, 23.999576706969911, 1005.0 ], [ 121.132678458767487, 23.99956767696991, 1005.0 ], [ 121.132658858767485, 23.99954963696991, 1005.0 ], [ 121.132658858767485, 23.99954963696991, 1005.0 ], [ 121.132639158767489, 23.999531586969912, 1005.0 ], [ 121.132639158767489, 23.999531586969912, 1005.0 ], [ 121.132619458767479, 23.999513546969911, 1005.0 ], [ 121.132619458767479, 23.999513546969911, 1005.0 ], [ 121.132599758767483, 23.999495506969911, 1005.0 ], [ 121.132599758767483, 23.999495506969911, 1005.0 ], [ 121.132580158767482, 23.99947746696991, 1005.0 ], [ 121.132580158767482, 23.99947746696991, 1005.0 ], [ 121.132560458767486, 23.999468456969911, 1005.0 ], [ 121.132550658767485, 23.99945942696991, 1005.0 ], [ 121.132540758767476, 23.99945040696991, 1005.0 ], [ 121.132530958767475, 23.999441386969913, 1005.0 ], [ 121.13252105876748, 23.999423336969912, 1005.0 ], [ 121.13252105876748, 23.999414306969911, 1005.0 ], [ 121.132511258767479, 23.99940528696991, 1005.0 ], [ 121.132511258767479, 23.999387226969912, 1005.0 ], [ 121.132501358767485, 23.99936917696991, 1005.0 ], [ 121.132501358767485, 23.99936917696991, 1005.0 ], [ 121.132491558767484, 23.999351126969913, 1005.0 ], [ 121.132481658767489, 23.999342106969912, 1005.0 ], [ 121.132471858767488, 23.999333086969912, 1005.0 ], [ 121.132462058767487, 23.999324066969912, 1005.0 ], [ 121.132452158767478, 23.999315046969912, 1005.0 ], [ 121.132442358767477, 23.999315056969913, 1005.0 ], [ 121.132422658767481, 23.999297006969911, 1005.0 ], [ 121.132422658767481, 23.999297006969911, 1005.0 ], [ 121.132402958767486, 23.999278966969911, 1005.0 ], [ 121.132402958767486, 23.999278966969911, 1005.0 ], [ 121.132393158767485, 23.999260916969913, 1005.0 ], [ 121.132383258767476, 23.999242866969912, 1005.0 ], [ 121.132383258767476, 23.999242866969912, 1005.0 ], [ 121.132373458767489, 23.99922481696991, 1005.0 ], [ 121.132373458767489, 23.999206756969912, 1005.0 ], [ 121.13236355876748, 23.999197736969911, 1005.0 ], [ 121.13236355876748, 23.99918870696991, 1005.0 ], [ 121.132353758767479, 23.999170656969913, 1005.0 ], [ 121.132343858767484, 23.999152606969911, 1005.0 ], [ 121.132343858767484, 23.999134546969913, 1005.0 ], [ 121.132343858767484, 23.999116486969911, 1005.0 ], [ 121.132343858767484, 23.999098426969912, 1005.0 ], [ 121.132343858767484, 23.99908036696991, 1005.0 ], [ 121.132343758767476, 23.999062306969911, 1005.0 ], [ 121.132353658767485, 23.999044246969913, 1005.0 ], [ 121.132343758767476, 23.99902618696991, 1005.0 ], [ 121.132343758767476, 23.99901716696991, 1005.0 ], [ 121.132343758767476, 23.999008136969913, 1005.0 ], [ 121.132333858767481, 23.998990086969911, 1005.0 ], [ 121.13232405876748, 23.998972026969913, 1005.0 ], [ 121.13232405876748, 23.998972026969913, 1005.0 ], [ 121.132314158767485, 23.998953976969911, 1005.0 ], [ 121.132304358767485, 23.99893592696991, 1005.0 ], [ 121.132304358767485, 23.998917866969911, 1005.0 ], [ 121.132304358767485, 23.998917866969911, 1005.0 ], [ 121.132304358767485, 23.99889981696991, 1005.0 ], [ 121.132304258767476, 23.998881756969912, 1005.0 ], [ 121.132304258767476, 23.998863696969913, 1005.0 ], [ 121.132304258767476, 23.998863696969913, 1005.0 ], [ 121.132304258767476, 23.998845636969911, 1005.0 ], [ 121.132314058767477, 23.998827566969911, 1005.0 ], [ 121.132323858767478, 23.998809496969912, 1005.0 ], [ 121.132323858767478, 23.998800466969911, 1005.0 ], [ 121.132333658767479, 23.998791426969913, 1005.0 ], [ 121.13234345876748, 23.99877336696991, 1005.0 ], [ 121.13234345876748, 23.99877336696991, 1005.0 ], [ 121.132353358767489, 23.998755296969911, 1005.0 ], [ 121.132363158767475, 23.998737226969912, 1005.0 ], [ 121.132363158767475, 23.998737226969912, 1005.0 ], [ 121.132372958767476, 23.998719156969912, 1005.0 ], [ 121.132382758767477, 23.99870109696991, 1005.0 ], [ 121.132382758767477, 23.998692066969912, 1005.0 ], [ 121.132392558767478, 23.998683026969911, 1005.0 ], [ 121.132392558767478, 23.998664966969912, 1005.0 ], [ 121.132402358767479, 23.998646896969912, 1005.0 ], [ 121.132402358767479, 23.998646896969912, 1005.0 ], [ 121.132402358767479, 23.99862883696991, 1005.0 ], [ 121.132402358767479, 23.998610776969912, 1005.0 ], [ 121.132402258767485, 23.99859272696991, 1005.0 ], [ 121.132412058767486, 23.998574656969911, 1005.0 ], [ 121.132412058767486, 23.998556596969912, 1005.0 ], [ 121.132421858767486, 23.998538526969913, 1005.0 ], [ 121.132421858767486, 23.998520466969911, 1005.0 ], [ 121.132421858767486, 23.998502406969912, 1005.0 ], [ 121.132421858767486, 23.998502406969912, 1005.0 ], [ 121.132421858767486, 23.99848434696991, 1005.0 ], [ 121.132431658767487, 23.998466286969911, 1005.0 ], [ 121.132431658767487, 23.998448226969913, 1005.0 ], [ 121.132421758767478, 23.998430176969912, 1005.0 ], [ 121.132421758767478, 23.998412116969913, 1005.0 ], [ 121.132421758767478, 23.998412116969913, 1005.0 ], [ 121.132421758767478, 23.998394056969911, 1005.0 ], [ 121.132421758767478, 23.998375996969912, 1005.0 ], [ 121.132421758767478, 23.99835793696991, 1005.0 ], [ 121.132421758767478, 23.99835793696991, 1005.0 ], [ 121.132421658767484, 23.998339876969911, 1005.0 ], [ 121.132431458767485, 23.998321806969912, 1005.0 ], [ 121.132431458767485, 23.99830374696991, 1005.0 ], [ 121.132441258767486, 23.998285686969911, 1005.0 ], [ 121.132441258767486, 23.99827665696991, 1005.0 ], [ 121.132441258767486, 23.998267626969913, 1005.0 ], [ 121.132460958767481, 23.998249546969912, 1005.0 ], [ 121.132460958767481, 23.998249546969912, 1005.0 ], [ 121.132470758767482, 23.998231476969913, 1005.0 ], [ 121.132480558767483, 23.998222446969912, 1005.0 ], [ 121.132490358767484, 23.99821340696991, 1005.0 ], [ 121.132500158767485, 23.998195336969911, 1005.0 ], [ 121.132500158767485, 23.998195336969911, 1005.0 ], [ 121.132509958767486, 23.998177266969911, 1005.0 ], [ 121.132519758767486, 23.998159196969912, 1005.0 ], [ 121.132519758767486, 23.998159196969912, 1005.0 ], [ 121.132539458767482, 23.998141126969912, 1005.0 ], [ 121.132539458767482, 23.998141126969912, 1005.0 ], [ 121.132559058767484, 23.998123046969912, 1005.0 ], [ 121.132559058767484, 23.998123046969912, 1005.0 ], [ 121.132568858767485, 23.998104976969913, 1005.0 ], [ 121.132578658767486, 23.998095946969912, 1005.0 ], [ 121.13258855876748, 23.99808690696991, 1005.0 ], [ 121.132588458767486, 23.998068846969911, 1005.0 ], [ 121.132598358767481, 23.998050776969912, 1005.0 ], [ 121.132598358767481, 23.998050776969912, 1005.0 ], [ 121.132598258767487, 23.998032716969913, 1005.0 ], [ 121.132608058767488, 23.99801464696991, 1005.0 ], [ 121.132608058767488, 23.997996596969912, 1005.0 ], [ 121.132617858767489, 23.997978526969913, 1005.0 ], [ 121.132617858767489, 23.997978526969913, 1005.0 ], [ 121.132627658767476, 23.99796045696991, 1005.0 ], [ 121.132627658767476, 23.997942396969911, 1005.0 ], [ 121.132637458767476, 23.997933356969913, 1005.0 ], [ 121.132637458767476, 23.997924326969912, 1005.0 ], [ 121.132637458767476, 23.99790626696991, 1005.0 ], [ 121.132647258767477, 23.997888206969911, 1005.0 ], [ 121.132647258767477, 23.997870146969912, 1005.0 ], [ 121.132647258767477, 23.99785208696991, 1005.0 ], [ 121.132657058767478, 23.997834016969911, 1005.0 ], [ 121.132657058767478, 23.997815956969912, 1005.0 ], [ 121.132657058767478, 23.997815956969912, 1005.0 ], [ 121.132657058767478, 23.99779789696991, 1005.0 ], [ 121.132666858767479, 23.997779836969912, 1005.0 ], [ 121.132666858767479, 23.997761776969913, 1005.0 ], [ 121.13267665876748, 23.997752736969911, 1005.0 ], [ 121.13267665876748, 23.99774370696991, 1005.0 ], [ 121.132676558767486, 23.997725646969911, 1005.0 ], [ 121.132686458767481, 23.997707576969912, 1005.0 ], [ 121.132686358767486, 23.99768951696991, 1005.0 ], [ 121.132696158767487, 23.99767144696991, 1005.0 ], [ 121.132696158767487, 23.99767144696991, 1005.0 ], [ 121.132696158767487, 23.997653396969913, 1005.0 ], [ 121.132705958767488, 23.99763532696991, 1005.0 ], [ 121.132705958767488, 23.997617266969911, 1005.0 ], [ 121.132705958767488, 23.997599206969912, 1005.0 ], [ 121.132705958767488, 23.99758114696991, 1005.0 ], [ 121.132696058767479, 23.997563096969913, 1005.0 ], [ 121.132696058767479, 23.99754503696991, 1005.0 ], [ 121.132696058767479, 23.997526976969912, 1005.0 ], [ 121.132696058767479, 23.99750891696991, 1005.0 ], [ 121.132696058767479, 23.997490856969911, 1005.0 ], [ 121.132696058767479, 23.997490856969911, 1005.0 ], [ 121.132695958767485, 23.997472796969912, 1005.0 ], [ 121.132695958767485, 23.997454746969911, 1005.0 ], [ 121.132686158767484, 23.997436686969913, 1005.0 ], [ 121.132686158767484, 23.997418636969911, 1005.0 ], [ 121.132676258767489, 23.99740058696991, 1005.0 ], [ 121.132676258767489, 23.997382526969911, 1005.0 ], [ 121.132676258767489, 23.997364466969913, 1005.0 ], [ 121.132676258767489, 23.997346406969911, 1005.0 ], [ 121.132676158767481, 23.997337376969913, 1005.0 ], [ 121.132676158767481, 23.997328346969912, 1005.0 ], [ 121.13266635876748, 23.997310296969911, 1005.0 ], [ 121.13266635876748, 23.997292236969912, 1005.0 ], [ 121.132656458767485, 23.997274186969911, 1005.0 ], [ 121.132656458767485, 23.997256126969912, 1005.0 ], [ 121.132656458767485, 23.997256126969912, 1005.0 ], [ 121.132656458767485, 23.99723806696991, 1005.0 ], [ 121.132656458767485, 23.997220006969911, 1005.0 ], [ 121.132656458767485, 23.997201946969913, 1005.0 ], [ 121.132656358767477, 23.997183886969911, 1005.0 ], [ 121.132656358767477, 23.997183886969911, 1005.0 ], [ 121.132666158767478, 23.997165826969912, 1005.0 ], [ 121.132676058767487, 23.997147756969913, 1005.0 ], [ 121.132676058767487, 23.997147756969913, 1005.0 ], [ 121.132695658767489, 23.997129676969912, 1005.0 ], [ 121.132695658767489, 23.997129676969912, 1005.0 ], [ 121.132705458767475, 23.997111606969913, 1005.0 ], [ 121.132715258767476, 23.997102576969912, 1005.0 ], [ 121.132725058767477, 23.99709353696991, 1005.0 ], [ 121.132725058767477, 23.997075476969911, 1005.0 ], [ 121.132734858767478, 23.997066436969913, 1005.0 ], [ 121.132734858767478, 23.997057406969912, 1005.0 ], [ 121.132744658767479, 23.997039336969912, 1005.0 ], [ 121.132744658767479, 23.99702127696991, 1005.0 ], [ 121.132744658767479, 23.997003226969913, 1005.0 ], [ 121.132754458767479, 23.996985156969913, 1005.0 ], [ 121.132754458767479, 23.996976126969912, 1005.0 ], [ 121.132754458767479, 23.996967096969911, 1005.0 ], [ 121.132754458767479, 23.99695806696991, 1005.0 ], [ 121.132754458767479, 23.996949036969912, 1005.0 ], [ 121.132754458767479, 23.99693097696991, 1005.0 ], [ 121.132744558767484, 23.996912926969912, 1005.0 ], [ 121.132734758767484, 23.996894876969911, 1005.0 ], [ 121.132734758767484, 23.996894876969911, 1005.0 ], [ 121.132715058767488, 23.996876836969911, 1005.0 ], [ 121.132715058767488, 23.996876836969911, 1005.0 ], [ 121.132695358767478, 23.996858786969913, 1005.0 ], [ 121.132695358767478, 23.996858786969913, 1005.0 ], [ 121.132675658767482, 23.996840746969912, 1005.0 ], [ 121.132675658767482, 23.996840746969912, 1005.0 ], [ 121.132656058767481, 23.996822706969912, 1005.0 ], [ 121.132656058767481, 23.996813676969911, 1005.0 ], [ 121.132646158767486, 23.99680465696991, 1005.0 ], [ 121.132636358767485, 23.99679563696991, 1005.0 ], [ 121.132626458767476, 23.99678661696991, 1005.0 ], [ 121.132616658767489, 23.996768566969912, 1005.0 ], [ 121.132616658767489, 23.99675050696991, 1005.0 ], [ 121.132616658767489, 23.99675050696991, 1005.0 ], [ 121.132616658767489, 23.996732446969911, 1005.0 ], [ 121.132616558767481, 23.996714386969913, 1005.0 ], [ 121.132616558767481, 23.996696326969911, 1005.0 ], [ 121.132616558767481, 23.996678266969912, 1005.0 ], [ 121.132616558767481, 23.996678266969912, 1005.0 ], [ 121.132626358767482, 23.996660196969913, 1005.0 ], [ 121.132636158767482, 23.996642136969911, 1005.0 ], [ 121.132636158767482, 23.996642136969911, 1005.0 ], [ 121.132645958767483, 23.996624066969911, 1005.0 ], [ 121.132655758767484, 23.996615026969913, 1005.0 ], [ 121.132665658767479, 23.996605986969911, 1005.0 ], [ 121.13267545876748, 23.996596946969913, 1005.0 ], [ 121.132685258767481, 23.996587916969911, 1005.0 ], [ 121.132695058767482, 23.996578876969913, 1005.0 ], [ 121.132704858767482, 23.996569836969911, 1005.0 ], [ 121.132714758767477, 23.996560796969913, 1005.0 ], [ 121.132724558767478, 23.996551756969911, 1005.0 ], [ 121.132724558767478, 23.99653370696991, 1005.0 ], [ 121.132734358767479, 23.99651563696991, 1005.0 ], [ 121.132734358767479, 23.99651563696991, 1005.0 ], [ 121.132734358767479, 23.996497576969912, 1005.0 ], [ 121.13274415876748, 23.996479506969912, 1005.0 ], [ 121.132753958767481, 23.996461436969913, 1005.0 ], [ 121.132753958767481, 23.996461436969913, 1005.0 ], [ 121.132763758767481, 23.996443376969911, 1005.0 ], [ 121.132773558767482, 23.996434336969912, 1005.0 ], [ 121.132793258767478, 23.996425286969913, 1005.0 ], [ 121.132793258767478, 23.996425286969913, 1005.0 ], [ 121.132803058767479, 23.99640721696991, 1005.0 ], [ 121.13281285876748, 23.996398176969912, 1005.0 ], [ 121.13281285876748, 23.996389156969911, 1005.0 ], [ 121.132832458767481, 23.996371076969911, 1005.0 ], [ 121.132832458767481, 23.996371076969911, 1005.0 ], [ 121.132852058767483, 23.996352996969911, 1005.0 ], [ 121.132861958767478, 23.99635298696991, 1005.0 ], [ 121.132871758767479, 23.99635298696991, 1005.0 ], [ 121.132891458767489, 23.996352966969912, 1005.0 ], [ 121.132911058767476, 23.996343916969913, 1005.0 ], [ 121.132930758767486, 23.996343906969912, 1005.0 ], [ 121.132950358767488, 23.99634388696991, 1005.0 ], [ 121.132970058767484, 23.996334836969911, 1005.0 ], [ 121.132989658767485, 23.996334816969913, 1005.0 ], [ 121.132989658767485, 23.996334816969913, 1005.0 ], [ 121.133009358767481, 23.996334806969912, 1005.0 ], [ 121.133028958767483, 23.996325756969913, 1005.0 ], [ 121.133048658767478, 23.99631670696991, 1005.0 ], [ 121.13306825876748, 23.996316696969913, 1005.0 ], [ 121.133087958767476, 23.996316676969911, 1005.0 ], [ 121.133087958767476, 23.996316676969911, 1005.0 ], [ 121.133107558767477, 23.996307626969912, 1005.0 ], [ 121.133127258767487, 23.996307616969911, 1005.0 ], [ 121.133146958767483, 23.99630759696991, 1005.0 ], [ 121.133166558767485, 23.996298546969911, 1005.0 ], [ 121.133176358767486, 23.99629853696991, 1005.0 ], [ 121.133186258767481, 23.99629853696991, 1005.0 ], [ 121.133205858767482, 23.996289486969911, 1005.0 ], [ 121.133215658767483, 23.996280446969912, 1005.0 ], [ 121.133225558767478, 23.996280436969911, 1005.0 ], [ 121.13324515876748, 23.996271396969913, 1005.0 ], [ 121.133254958767481, 23.996262356969911, 1005.0 ], [ 121.133264758767481, 23.996253316969913, 1005.0 ], [ 121.133264758767481, 23.996244286969912, 1005.0 ], [ 121.133284458767477, 23.996226206969911, 1005.0 ], [ 121.133284458767477, 23.996226206969911, 1005.0 ], [ 121.133294258767478, 23.996208146969913, 1005.0 ], [ 121.133304058767479, 23.996199106969911, 1005.0 ], [ 121.13331385876748, 23.996190066969913, 1005.0 ], [ 121.13332365876748, 23.99617199696991, 1005.0 ], [ 121.13332365876748, 23.99617199696991, 1005.0 ], [ 121.133343358767476, 23.99615392696991, 1005.0 ], [ 121.133343358767476, 23.99615392696991, 1005.0 ], [ 121.133362958767478, 23.996144876969911, 1005.0 ], [ 121.133372758767479, 23.996135836969913, 1005.0 ], [ 121.133382658767488, 23.996126796969911, 1005.0 ], [ 121.133392458767489, 23.996117756969912, 1005.0 ], [ 121.133402258767475, 23.996108726969911, 1005.0 ], [ 121.133412058767476, 23.996099686969913, 1005.0 ], [ 121.133421858767477, 23.996090646969911, 1005.0 ], [ 121.133431758767486, 23.996081606969913, 1005.0 ], [ 121.133441558767487, 23.996072566969911, 1005.0 ], [ 121.133461158767489, 23.996063526969913, 1005.0 ], [ 121.133461158767489, 23.996063526969913, 1005.0 ], [ 121.133480858767484, 23.99605447696991, 1005.0 ], [ 121.133500458767486, 23.996045426969911, 1005.0 ], [ 121.133500458767486, 23.996045426969911, 1005.0 ], [ 121.133520158767482, 23.996036386969912, 1005.0 ], [ 121.133539758767483, 23.996027336969913, 1005.0 ], [ 121.133549558767484, 23.996027326969912, 1005.0 ], [ 121.133559458767479, 23.99601828696991, 1005.0 ], [ 121.133579058767481, 23.996009246969912, 1005.0 ], [ 121.133579058767481, 23.996009246969912, 1005.0 ], [ 121.133588858767482, 23.995991176969913, 1005.0 ], [ 121.133588858767482, 23.99597311696991, 1005.0 ], [ 121.133588858767482, 23.995955056969912, 1005.0 ], [ 121.133588858767482, 23.99593699696991, 1005.0 ], [ 121.133598658767482, 23.99591892696991, 1005.0 ], [ 121.133598658767482, 23.995909896969913, 1005.0 ], [ 121.133598658767482, 23.995900866969912, 1005.0 ], [ 121.133608458767483, 23.995882806969913, 1005.0 ], [ 121.133618258767484, 23.995873766969911, 1005.0 ], [ 121.133637858767486, 23.995864716969912, 1005.0 ], [ 121.133647758767481, 23.995864706969911, 1005.0 ], [ 121.133657558767482, 23.99585567696991, 1005.0 ], [ 121.133677158767483, 23.995855656969912, 1005.0 ], [ 121.133696858767479, 23.99585563696991, 1005.0 ], [ 121.13370665876748, 23.995846596969912, 1005.0 ], [ 121.133716458767481, 23.995828526969913, 1005.0 ], [ 121.133716458767481, 23.995828526969913, 1005.0 ], [ 121.133716458767481, 23.995810476969911, 1005.0 ], [ 121.133716458767481, 23.995792416969913, 1005.0 ], [ 121.133716458767481, 23.99577435696991, 1005.0 ], [ 121.133716358767487, 23.995756296969912, 1005.0 ], [ 121.133716358767487, 23.99573823696991, 1005.0 ], [ 121.133716358767487, 23.995720176969911, 1005.0 ], [ 121.133726158767487, 23.995702106969912, 1005.0 ], [ 121.133735958767488, 23.995684036969912, 1005.0 ], [ 121.133735958767488, 23.995684036969912, 1005.0 ], [ 121.133755658767484, 23.995665966969913, 1005.0 ], [ 121.133755658767484, 23.995665966969913, 1005.0 ], [ 121.133765458767485, 23.99564789696991, 1005.0 ], [ 121.133775258767486, 23.99562982696991, 1005.0 ], [ 121.133775258767486, 23.99562982696991, 1005.0 ], [ 121.133785058767486, 23.995611766969912, 1005.0 ], [ 121.133785058767486, 23.99559370696991, 1005.0 ], [ 121.133794858767487, 23.99557563696991, 1005.0 ], [ 121.133794858767487, 23.99557563696991, 1005.0 ], [ 121.133804658767488, 23.995557566969911, 1005.0 ], [ 121.133804658767488, 23.995539506969912, 1005.0 ], [ 121.133794758767479, 23.995521456969911, 1005.0 ], [ 121.133794758767479, 23.99551242696991, 1005.0 ], [ 121.133794758767479, 23.995503396969912, 1005.0 ], [ 121.133784958767478, 23.995485346969911, 1005.0 ], [ 121.133775058767483, 23.99546729696991, 1005.0 ], [ 121.133775058767483, 23.995458266969912, 1005.0 ], [ 121.133775058767483, 23.995449236969911, 1005.0 ], [ 121.133765158767488, 23.99543118696991, 1005.0 ], [ 121.133765158767488, 23.995413126969911, 1005.0 ], [ 121.133765158767488, 23.995395066969913, 1005.0 ], [ 121.133755358767488, 23.995377016969911, 1005.0 ], [ 121.133755358767488, 23.995377016969911, 1005.0 ], [ 121.133745458767478, 23.99535896696991, 1005.0 ], [ 121.133735658767478, 23.995340916969912, 1005.0 ], [ 121.133735658767478, 23.99532285696991, 1005.0 ], [ 121.133735558767484, 23.995313826969912, 1005.0 ], [ 121.133735558767484, 23.995304796969911, 1005.0 ], [ 121.133735558767484, 23.995286736969913, 1005.0 ], [ 121.133735558767484, 23.995268686969911, 1005.0 ], [ 121.133735558767484, 23.995250626969913, 1005.0 ], [ 121.133735558767484, 23.995232566969911, 1005.0 ], [ 121.133735458767475, 23.995214506969912, 1005.0 ], [ 121.133735458767475, 23.99519644696991, 1005.0 ], [ 121.133725658767489, 23.995178396969912, 1005.0 ], [ 121.133735458767475, 23.995160326969913, 1005.0 ], [ 121.133735458767475, 23.995142266969911, 1005.0 ], [ 121.133735358767481, 23.995124206969912, 1005.0 ], [ 121.133735358767481, 23.99510614696991, 1005.0 ], [ 121.133735358767481, 23.995088086969911, 1005.0 ], [ 121.133735358767481, 23.995070026969913, 1005.0 ], [ 121.133735358767481, 23.995061006969912, 1005.0 ], [ 121.133735358767481, 23.995051976969911, 1005.0 ], [ 121.133745158767482, 23.995033906969912, 1005.0 ], [ 121.133745158767482, 23.99501584696991, 1005.0 ], [ 121.133754958767483, 23.995006806969911, 1005.0 ], [ 121.133764758767484, 23.994997766969913, 1005.0 ], [ 121.133774558767485, 23.994988726969911, 1005.0 ], [ 121.133784358767485, 23.99497969696991, 1005.0 ], [ 121.13379425876748, 23.994970656969912, 1005.0 ], [ 121.133813858767482, 23.994961606969913, 1005.0 ], [ 121.133813858767482, 23.994961606969913, 1005.0 ], [ 121.133833558767478, 23.99495255696991, 1005.0 ], [ 121.133843358767479, 23.994943526969912, 1005.0 ], [ 121.133853158767479, 23.994925456969913, 1005.0 ], [ 121.133853158767479, 23.994925456969913, 1005.0 ], [ 121.133853158767479, 23.994907396969911, 1005.0 ], [ 121.13386295876748, 23.994889326969911, 1005.0 ], [ 121.13386295876748, 23.994871266969913, 1005.0 ], [ 121.133862858767486, 23.994853206969911, 1005.0 ], [ 121.133853058767485, 23.994835156969913, 1005.0 ], [ 121.133853058767485, 23.994817096969911, 1005.0 ], [ 121.133853058767485, 23.994817096969911, 1005.0 ], [ 121.133843158767476, 23.994799046969913, 1005.0 ], [ 121.133833358767475, 23.994780996969912, 1005.0 ], [ 121.133833358767475, 23.994762936969913, 1005.0 ], [ 121.133833258767481, 23.994744876969911, 1005.0 ], [ 121.133833258767481, 23.994735856969911, 1005.0 ], [ 121.133833258767481, 23.994726826969913, 1005.0 ], [ 121.13382345876748, 23.994708776969912, 1005.0 ], [ 121.13382345876748, 23.994690716969913, 1005.0 ], [ 121.133813558767486, 23.994681696969913, 1005.0 ], [ 121.133803758767485, 23.994672666969912, 1005.0 ], [ 121.133793858767476, 23.99465461696991, 1005.0 ], [ 121.133793858767476, 23.99465461696991, 1005.0 ], [ 121.133774258767488, 23.99463657696991, 1005.0 ], [ 121.133774258767488, 23.99463657696991, 1005.0 ], [ 121.133754558767478, 23.994627566969911, 1005.0 ], [ 121.133744758767477, 23.99461854696991, 1005.0 ], [ 121.133734858767482, 23.994618556969911, 1005.0 ], [ 121.133715258767481, 23.994609536969911, 1005.0 ], [ 121.133695558767485, 23.994600526969911, 1005.0 ], [ 121.133695558767485, 23.994600526969911, 1005.0 ], [ 121.133675858767475, 23.994591516969912, 1005.0 ], [ 121.133656258767488, 23.994582506969913, 1005.0 ], [ 121.133656258767488, 23.994582506969913, 1005.0 ], [ 121.133636558767478, 23.994564466969912, 1005.0 ], [ 121.133636558767478, 23.994555436969911, 1005.0 ], [ 121.133626658767483, 23.99454640696991, 1005.0 ], [ 121.133616858767482, 23.994528356969912, 1005.0 ], [ 121.133616858767482, 23.994528356969912, 1005.0 ], [ 121.133606958767487, 23.994510306969911, 1005.0 ], [ 121.133597158767486, 23.994501286969911, 1005.0 ], [ 121.133587358767485, 23.99449226696991, 1005.0 ], [ 121.133577458767476, 23.99448324696991, 1005.0 ], [ 121.133557858767489, 23.994474236969911, 1005.0 ], [ 121.133538158767479, 23.994474256969912, 1005.0 ], [ 121.133538158767479, 23.994474256969912, 1005.0 ], [ 121.133518458767483, 23.994474266969913, 1005.0 ], [ 121.133498858767481, 23.99446525696991, 1005.0 ], [ 121.133479158767486, 23.994456246969911, 1005.0 ], [ 121.133479158767486, 23.994456246969911, 1005.0 ], [ 121.133459458767476, 23.994447236969911, 1005.0 ], [ 121.133449658767489, 23.99443820696991, 1005.0 ], [ 121.133439858767488, 23.99442918696991, 1005.0 ], [ 121.133429958767479, 23.99442016696991, 1005.0 ], [ 121.133420158767478, 23.994402116969912, 1005.0 ], [ 121.133420158767478, 23.994402116969912, 1005.0 ], [ 121.133400458767483, 23.994384076969911, 1005.0 ], [ 121.133400458767483, 23.99437504696991, 1005.0 ], [ 121.133390658767482, 23.99436602696991, 1005.0 ], [ 121.133380758767487, 23.994347976969912, 1005.0 ], [ 121.133380758767487, 23.994347976969912, 1005.0 ], [ 121.133370958767486, 23.994329926969911, 1005.0 ], [ 121.133361058767477, 23.994320906969911, 1005.0 ], [ 121.133351258767476, 23.994311886969911, 1005.0 ], [ 121.133341458767475, 23.994293836969913, 1005.0 ], [ 121.133341458767475, 23.994293836969913, 1005.0 ], [ 121.13333155876748, 23.994275786969911, 1005.0 ], [ 121.13332175876748, 23.99426675696991, 1005.0 ], [ 121.133311858767485, 23.99425773696991, 1005.0 ], [ 121.133302058767484, 23.994257746969911, 1005.0 ], [ 121.133282358767488, 23.994248736969912, 1005.0 ], [ 121.133262758767486, 23.994239726969912, 1005.0 ], [ 121.133262758767486, 23.994239726969912, 1005.0 ], [ 121.133243058767476, 23.994230706969912, 1005.0 ], [ 121.133233258767476, 23.994221686969912, 1005.0 ], [ 121.133223358767481, 23.994212666969911, 1005.0 ], [ 121.133203758767479, 23.994203656969912, 1005.0 ], [ 121.133203758767479, 23.994203656969912, 1005.0 ], [ 121.133184058767483, 23.994194646969913, 1005.0 ], [ 121.133164358767488, 23.994185636969913, 1005.0 ], [ 121.133164358767488, 23.994185636969913, 1005.0 ], [ 121.133144758767486, 23.994167586969912, 1005.0 ], [ 121.133144758767486, 23.994167586969912, 1005.0 ], [ 121.133125058767476, 23.994149546969911, 1005.0 ], [ 121.133125058767476, 23.994149546969911, 1005.0 ], [ 121.13310535876748, 23.994131506969911, 1005.0 ], [ 121.13310535876748, 23.994131506969911, 1005.0 ], [ 121.133085658767484, 23.99411346696991, 1005.0 ], [ 121.133085658767484, 23.99411346696991, 1005.0 ], [ 121.133066058767483, 23.99409542696991, 1005.0 ], [ 121.133066058767483, 23.99409542696991, 1005.0 ], [ 121.133056158767488, 23.994077366969911, 1005.0 ], [ 121.133046358767487, 23.994068346969911, 1005.0 ], [ 121.133046358767487, 23.99405931696991, 1005.0 ], [ 121.133036458767478, 23.994041266969912, 1005.0 ], [ 121.133026658767477, 23.994032246969912, 1005.0 ], [ 121.133016758767482, 23.994023226969912, 1005.0 ], [ 121.133006958767481, 23.99400517696991, 1005.0 ], [ 121.133006958767481, 23.99400517696991, 1005.0 ], [ 121.132987258767486, 23.99398713696991, 1005.0 ], [ 121.132987258767486, 23.99398713696991, 1005.0 ], [ 121.132977458767485, 23.993969086969912, 1005.0 ], [ 121.132967558767476, 23.993960066969912, 1005.0 ], [ 121.132967558767476, 23.993951036969911, 1005.0 ], [ 121.132957758767489, 23.993932986969913, 1005.0 ], [ 121.13294785876748, 23.993914936969912, 1005.0 ], [ 121.13294785876748, 23.993914936969912, 1005.0 ], [ 121.132938058767479, 23.99389688696991, 1005.0 ], [ 121.132938058767479, 23.993878826969912, 1005.0 ], [ 121.132928158767484, 23.993869806969911, 1005.0 ], [ 121.132928158767484, 23.99386077696991, 1005.0 ], [ 121.132918358767483, 23.993842726969913, 1005.0 ], [ 121.132908458767488, 23.993824676969911, 1005.0 ], [ 121.132908458767488, 23.993824676969911, 1005.0 ], [ 121.132898658767488, 23.993806616969913, 1005.0 ], [ 121.132898658767488, 23.993788566969911, 1005.0 ], [ 121.132888758767479, 23.99377953696991, 1005.0 ], [ 121.132878958767478, 23.99377051696991, 1005.0 ], [ 121.132869058767483, 23.99376149696991, 1005.0 ], [ 121.132859258767482, 23.993752476969913, 1005.0 ], [ 121.132849458767481, 23.993743456969913, 1005.0 ], [ 121.132829758767485, 23.99373444696991, 1005.0 ], [ 121.132819958767485, 23.993734456969911, 1005.0 ], [ 121.132810058767475, 23.99372543696991, 1005.0 ], [ 121.132790458767488, 23.99371641696991, 1005.0 ], [ 121.132780558767479, 23.993716426969911, 1005.0 ], [ 121.132770758767478, 23.993707406969911, 1005.0 ], [ 121.132751058767482, 23.993698396969911, 1005.0 ], [ 121.132751058767482, 23.993698396969911, 1005.0 ], [ 121.132731458767481, 23.993689386969912, 1005.0 ], [ 121.132721558767486, 23.993680356969911, 1005.0 ], [ 121.132711758767485, 23.993671336969911, 1005.0 ], [ 121.132692058767489, 23.993662326969911, 1005.0 ], [ 121.132692058767489, 23.993662326969911, 1005.0 ], [ 121.132672458767487, 23.993644286969911, 1005.0 ], [ 121.132662558767478, 23.993644296969912, 1005.0 ], [ 121.132652758767478, 23.993635276969911, 1005.0 ], [ 121.132633058767482, 23.993626256969911, 1005.0 ], [ 121.132623258767481, 23.993626266969912, 1005.0 ], [ 121.13261345876748, 23.993617246969912, 1005.0 ], [ 121.132593758767484, 23.993608236969912, 1005.0 ], [ 121.132593758767484, 23.993608236969912, 1005.0 ], [ 121.132574058767489, 23.993590196969912, 1005.0 ], [ 121.132574058767489, 23.993590196969912, 1005.0 ], [ 121.132554358767479, 23.99357214696991, 1005.0 ], [ 121.132554358767479, 23.99357214696991, 1005.0 ], [ 121.132544558767478, 23.993554096969913, 1005.0 ], [ 121.132534758767477, 23.993545076969912, 1005.0 ], [ 121.132534658767483, 23.993536046969911, 1005.0 ], [ 121.132524858767482, 23.99351799696991, 1005.0 ], [ 121.132515058767481, 23.993499946969912, 1005.0 ], [ 121.132515058767481, 23.993499946969912, 1005.0 ], [ 121.132505158767486, 23.993481896969911, 1005.0 ], [ 121.132495358767486, 23.993463846969913, 1005.0 ], [ 121.132495258767477, 23.993454816969912, 1005.0 ], [ 121.132485458767476, 23.993445796969912, 1005.0 ], [ 121.132485458767476, 23.99342773696991, 1005.0 ], [ 121.132475558767482, 23.993409686969912, 1005.0 ], [ 121.132475558767482, 23.993400656969911, 1005.0 ], [ 121.132475558767482, 23.99339162696991, 1005.0 ], [ 121.132475558767482, 23.993373566969911, 1005.0 ], [ 121.132475558767482, 23.993355506969912, 1005.0 ], [ 121.132475558767482, 23.99333744696991, 1005.0 ], [ 121.132475558767482, 23.99333744696991, 1005.0 ], [ 121.132475558767482, 23.993319386969912, 1005.0 ], [ 121.132475458767487, 23.99330133696991, 1005.0 ], [ 121.132475458767487, 23.993283276969912, 1005.0 ], [ 121.132475458767487, 23.993283276969912, 1005.0 ], [ 121.132455758767478, 23.99326522696991, 1005.0 ], [ 121.132455758767478, 23.99326522696991, 1005.0 ], [ 121.132436158767476, 23.993265246969912, 1005.0 ], [ 121.132436158767476, 23.993265246969912, 1005.0 ], [ 121.13241645876748, 23.993274296969911, 1005.0 ], [ 121.132406658767479, 23.99328333696991, 1005.0 ], [ 121.132396858767478, 23.993292366969911, 1005.0 ], [ 121.132377258767477, 23.99330141696991, 1005.0 ], [ 121.132367358767482, 23.993301426969911, 1005.0 ], [ 121.132357558767481, 23.993301436969912, 1005.0 ], [ 121.132337858767485, 23.993301446969912, 1005.0 ], [ 121.132337858767485, 23.993301446969912, 1005.0 ], [ 121.132318258767484, 23.993292436969913, 1005.0 ], [ 121.132308358767489, 23.993283416969913, 1005.0 ], [ 121.132298558767488, 23.993265366969911, 1005.0 ], [ 121.132298558767488, 23.993265366969911, 1005.0 ], [ 121.132298558767488, 23.993247306969913, 1005.0 ], [ 121.132298558767488, 23.993238276969912, 1005.0 ], [ 121.132298558767488, 23.993229246969911, 1005.0 ], [ 121.132308358767489, 23.993211176969911, 1005.0 ], [ 121.132318158767475, 23.99320214696991, 1005.0 ], [ 121.132327958767476, 23.993193106969912, 1005.0 ], [ 121.132337758767477, 23.99318406696991, 1005.0 ], [ 121.132347558767478, 23.993175026969912, 1005.0 ], [ 121.132357458767487, 23.99316598696991, 1005.0 ], [ 121.132377058767489, 23.993156946969911, 1005.0 ], [ 121.132386858767475, 23.99315693696991, 1005.0 ], [ 121.132396758767484, 23.99315692696991, 1005.0 ], [ 121.132416358767486, 23.993156906969912, 1005.0 ], [ 121.132416358767486, 23.993156906969912, 1005.0 ], [ 121.132436058767482, 23.993156896969911, 1005.0 ], [ 121.132455658767483, 23.99316590696991, 1005.0 ], [ 121.132475358767479, 23.993165886969912, 1005.0 ], [ 121.13248515876748, 23.99315684696991, 1005.0 ], [ 121.132494958767481, 23.993147816969913, 1005.0 ], [ 121.132504858767476, 23.993138776969911, 1005.0 ], [ 121.132504758767482, 23.993120716969912, 1005.0 ], [ 121.132504758767482, 23.99310265696991, 1005.0 ], [ 121.132514558767483, 23.993084586969911, 1005.0 ], [ 121.132514558767483, 23.993084586969911, 1005.0 ], [ 121.132514558767483, 23.993066526969912, 1005.0 ], [ 121.132524358767483, 23.99304846696991, 1005.0 ], [ 121.132534158767484, 23.99303039696991, 1005.0 ], [ 121.132534158767484, 23.993021366969913, 1005.0 ], [ 121.132534158767484, 23.993012336969912, 1005.0 ], [ 121.132543958767485, 23.992994266969912, 1005.0 ], [ 121.132543958767485, 23.99297620696991, 1005.0 ], [ 121.132534158767484, 23.992958156969912, 1005.0 ], [ 121.132534058767476, 23.992949126969911, 1005.0 ], [ 121.132524258767475, 23.992940106969911, 1005.0 ], [ 121.132524258767475, 23.992922046969912, 1005.0 ], [ 121.13251435876748, 23.992913026969912, 1005.0 ], [ 121.132504558767479, 23.992904006969912, 1005.0 ], [ 121.132494758767479, 23.992885956969911, 1005.0 ], [ 121.132494758767479, 23.992885956969911, 1005.0 ], [ 121.132484858767484, 23.992867906969913, 1005.0 ], [ 121.132475058767483, 23.992858886969913, 1005.0 ], [ 121.132475058767483, 23.992849856969912, 1005.0 ], [ 121.132455358767487, 23.992831816969911, 1005.0 ], [ 121.132455358767487, 23.992831816969911, 1005.0 ], [ 121.132435658767477, 23.99281376696991, 1005.0 ], [ 121.132435658767477, 23.99281376696991, 1005.0 ], [ 121.132415958767481, 23.992795726969913, 1005.0 ], [ 121.132406158767481, 23.99279573696991, 1005.0 ], [ 121.13239635876748, 23.99278671696991, 1005.0 ], [ 121.132376658767484, 23.99277770696991, 1005.0 ], [ 121.132376658767484, 23.99277770696991, 1005.0 ], [ 121.132356958767488, 23.992759656969913, 1005.0 ], [ 121.132347158767487, 23.99275966696991, 1005.0 ], [ 121.132337358767487, 23.99275064696991, 1005.0 ], [ 121.132317658767477, 23.99274163696991, 1005.0 ], [ 121.132317658767477, 23.99274163696991, 1005.0 ], [ 121.132297958767481, 23.99272359696991, 1005.0 ], [ 121.132297958767481, 23.99272359696991, 1005.0 ], [ 121.132278358767479, 23.992705546969912, 1005.0 ], [ 121.132268458767484, 23.992705556969913, 1005.0 ], [ 121.132258658767483, 23.992696536969913, 1005.0 ], [ 121.132238958767488, 23.992687526969913, 1005.0 ], [ 121.132238958767488, 23.992687526969913, 1005.0 ], [ 121.132219358767486, 23.99267851696991, 1005.0 ], [ 121.132209458767477, 23.99266949696991, 1005.0 ], [ 121.132199658767476, 23.99266949696991, 1005.0 ], [ 121.13217995876748, 23.99266048696991, 1005.0 ], [ 121.132160358767479, 23.992660506969912, 1005.0 ], [ 121.132140658767483, 23.992669556969911, 1005.0 ], [ 121.132121058767481, 23.992669566969912, 1005.0 ], [ 121.132101358767486, 23.99266958696991, 1005.0 ], [ 121.132091558767485, 23.992669596969911, 1005.0 ], [ 121.132081758767484, 23.992669606969912, 1005.0 ], [ 121.132062058767488, 23.992687676969911, 1005.0 ], [ 121.132052258767487, 23.992687686969912, 1005.0 ], [ 121.131953958767483, 23.992687776969913, 1005.0 ], [ 121.131944158767482, 23.992687776969913, 1005.0 ], [ 121.131924458767486, 23.992687796969911, 1005.0 ], [ 121.131904858767484, 23.992687816969912, 1005.0 ], [ 121.131894958767475, 23.992687826969913, 1005.0 ], [ 121.131845858767477, 23.99269689696991, 1005.0 ], [ 121.131826158767481, 23.992696916969912, 1005.0 ], [ 121.131806558767479, 23.99270595696991, 1005.0 ], [ 121.131806558767479, 23.99270595696991, 1005.0 ], [ 121.131786958767478, 23.992715006969913, 1005.0 ], [ 121.131767258767482, 23.992724056969912, 1005.0 ], [ 121.131757458767481, 23.992724056969912, 1005.0 ], [ 121.131747558767486, 23.992724066969913, 1005.0 ], [ 121.131727958767485, 23.99274214696991, 1005.0 ], [ 121.131727958767485, 23.992751176969911, 1005.0 ], [ 121.131718158767484, 23.992760216969913, 1005.0 ], [ 121.131708358767483, 23.99276924696991, 1005.0 ], [ 121.131698558767482, 23.992778286969912, 1005.0 ], [ 121.131688658767487, 23.992787326969911, 1005.0 ], [ 121.131669058767486, 23.99279637696991, 1005.0 ], [ 121.131669058767486, 23.99279637696991, 1005.0 ], [ 121.131649458767484, 23.992805416969912, 1005.0 ], [ 121.131629758767488, 23.99280543696991, 1005.0 ], [ 121.131610058767478, 23.992805456969911, 1005.0 ], [ 121.131590458767477, 23.992805466969912, 1005.0 ], [ 121.131570758767481, 23.992796456969913, 1005.0 ], [ 121.13156095876748, 23.99279646696991, 1005.0 ], [ 121.131551158767479, 23.992796476969911, 1005.0 ], [ 121.131531458767483, 23.992787466969911, 1005.0 ], [ 121.131521658767483, 23.99277843696991, 1005.0 ], [ 121.131511758767488, 23.99276941696991, 1005.0 ], [ 121.131501958767487, 23.99276039696991, 1005.0 ], [ 121.131492058767478, 23.99275137696991, 1005.0 ], [ 121.131482258767477, 23.992742356969913, 1005.0 ], [ 121.131472458767476, 23.992724306969912, 1005.0 ], [ 121.131472358767482, 23.992715276969911, 1005.0 ], [ 121.131472358767482, 23.992706246969913, 1005.0 ], [ 121.131462558767481, 23.992688196969912, 1005.0 ], [ 121.131462558767481, 23.992670136969913, 1005.0 ], [ 121.131462558767481, 23.992652076969911, 1005.0 ], [ 121.131462458767487, 23.992634016969912, 1005.0 ], [ 121.131472258767488, 23.992615946969913, 1005.0 ], [ 121.131472258767488, 23.992597886969911, 1005.0 ], [ 121.131472258767488, 23.992579836969913, 1005.0 ], [ 121.131462458767487, 23.992561786969912, 1005.0 ], [ 121.131462358767479, 23.992543726969913, 1005.0 ], [ 121.131462358767479, 23.992525666969911, 1005.0 ], [ 121.131462358767479, 23.992507606969912, 1005.0 ], [ 121.131462358767479, 23.99248954696991, 1005.0 ], [ 121.131462358767479, 23.992471486969912, 1005.0 ], [ 121.131452458767484, 23.99245343696991, 1005.0 ], [ 121.131452458767484, 23.992444406969913, 1005.0 ], [ 121.131452458767484, 23.992435376969912, 1005.0 ], [ 121.131442658767483, 23.99241732696991, 1005.0 ], [ 121.131432758767488, 23.992399276969913, 1005.0 ], [ 121.131432758767488, 23.992399276969913, 1005.0 ], [ 121.131422958767487, 23.992381226969911, 1005.0 ], [ 121.131413058767478, 23.99236317696991, 1005.0 ], [ 121.131413058767478, 23.99236317696991, 1005.0 ], [ 121.131403258767477, 23.992345126969912, 1005.0 ], [ 121.131403258767477, 23.99232706696991, 1005.0 ], [ 121.131403158767483, 23.992309006969911, 1005.0 ], [ 121.131412958767484, 23.992290936969912, 1005.0 ], [ 121.131412958767484, 23.99227287696991, 1005.0 ], [ 121.131412958767484, 23.992254816969911, 1005.0 ], [ 121.131412958767484, 23.992254816969911, 1005.0 ], [ 121.131412958767484, 23.992236756969913, 1005.0 ], [ 121.131412958767484, 23.99221869696991, 1005.0 ], [ 121.131412958767484, 23.992200636969912, 1005.0 ], [ 121.131412858767476, 23.992191616969912, 1005.0 ], [ 121.131412858767476, 23.992182586969911, 1005.0 ], [ 121.131412858767476, 23.992164526969912, 1005.0 ], [ 121.131403058767489, 23.992146476969911, 1005.0 ], [ 121.131403058767489, 23.992128416969912, 1005.0 ], [ 121.131402958767481, 23.99211035696991, 1005.0 ], [ 121.131402958767481, 23.992092296969911, 1005.0 ], [ 121.131402958767481, 23.992074236969913, 1005.0 ], [ 121.131402958767481, 23.992056176969911, 1005.0 ], [ 121.131402958767481, 23.992038116969912, 1005.0 ], [ 121.131402858767487, 23.99202005696991, 1005.0 ], [ 121.131402858767487, 23.992001996969911, 1005.0 ], [ 121.131412658767488, 23.991983936969913, 1005.0 ], [ 121.131412658767488, 23.991974906969912, 1005.0 ], [ 121.131412658767488, 23.99196587696991, 1005.0 ], [ 121.131432358767483, 23.99194779696991, 1005.0 ], [ 121.131432358767483, 23.99194779696991, 1005.0 ], [ 121.131451958767485, 23.99192971696991, 1005.0 ], [ 121.131461758767486, 23.99192971696991, 1005.0 ], [ 121.131471558767487, 23.991920676969912, 1005.0 ], [ 121.131481458767482, 23.99191163696991, 1005.0 ], [ 121.131491258767483, 23.99189356696991, 1005.0 ], [ 121.131491258767483, 23.991884536969913, 1005.0 ], [ 121.131491258767483, 23.991875506969912, 1005.0 ], [ 121.131501058767483, 23.991857446969913, 1005.0 ], [ 121.131510858767484, 23.99183937696991, 1005.0 ], [ 121.131510858767484, 23.991821316969911, 1005.0 ], [ 121.131510858767484, 23.991821316969911, 1005.0 ], [ 121.131510758767476, 23.991803256969913, 1005.0 ], [ 121.131520558767477, 23.99178518696991, 1005.0 ], [ 121.131530458767486, 23.99176711696991, 1005.0 ], [ 121.131530358767478, 23.991749066969913, 1005.0 ], [ 121.131530358767478, 23.991731006969911, 1005.0 ], [ 121.131530358767478, 23.991712946969912, 1005.0 ], [ 121.131530358767478, 23.99169488696991, 1005.0 ], [ 121.131530358767478, 23.99169488696991, 1005.0 ], [ 121.131530358767478, 23.991676826969911, 1005.0 ], [ 121.131530258767484, 23.991658766969913, 1005.0 ], [ 121.131540158767478, 23.99164069696991, 1005.0 ], [ 121.131549958767479, 23.99162262696991, 1005.0 ], [ 121.131549858767485, 23.991604576969912, 1005.0 ], [ 121.131549858767485, 23.991604576969912, 1005.0 ], [ 121.131549858767485, 23.991604576969912, 1005.0 ], [ 121.131549858767485, 23.99158651696991, 1005.0 ], [ 121.131540058767484, 23.991568466969913, 1005.0 ], [ 121.131540058767484, 23.99155040696991, 1005.0 ], [ 121.131539958767476, 23.991532346969912, 1005.0 ], [ 121.131539958767476, 23.99151428696991, 1005.0 ], [ 121.131539958767476, 23.991496226969911, 1005.0 ], [ 121.131530158767475, 23.991487206969911, 1005.0 ], [ 121.131530158767475, 23.99147817696991, 1005.0 ], [ 121.13152025876748, 23.991460126969912, 1005.0 ], [ 121.13151045876748, 23.991442076969911, 1005.0 ], [ 121.13151045876748, 23.991442076969911, 1005.0 ], [ 121.131490758767484, 23.991424026969913, 1005.0 ], [ 121.131490758767484, 23.991415006969913, 1005.0 ], [ 121.131480858767489, 23.991405976969912, 1005.0 ], [ 121.131471058767488, 23.99138792696991, 1005.0 ], [ 121.131471058767488, 23.991378896969913, 1005.0 ], [ 121.131471058767488, 23.991369866969912, 1005.0 ], [ 121.131461158767479, 23.99135181696991, 1005.0 ], [ 121.131461158767479, 23.991333756969912, 1005.0 ], [ 121.131451358767478, 23.99131570696991, 1005.0 ], [ 121.131451258767484, 23.991297646969912, 1005.0 ], [ 121.131451258767484, 23.991288626969911, 1005.0 ], [ 121.131451258767484, 23.99127959696991, 1005.0 ], [ 121.131451258767484, 23.991261536969912, 1005.0 ], [ 121.131451258767484, 23.99124347696991, 1005.0 ], [ 121.131451258767484, 23.991225416969911, 1005.0 ], [ 121.131451258767484, 23.991207356969912, 1005.0 ], [ 121.131451158767476, 23.99118929696991, 1005.0 ], [ 121.131451158767476, 23.991171236969912, 1005.0 ], [ 121.131451158767476, 23.991153176969913, 1005.0 ], [ 121.131451158767476, 23.991135116969911, 1005.0 ], [ 121.131451158767476, 23.991117056969912, 1005.0 ], [ 121.131451058767482, 23.99109899696991, 1005.0 ], [ 121.131451058767482, 23.991080946969912, 1005.0 ], [ 121.131451058767482, 23.99106288696991, 1005.0 ], [ 121.131451058767482, 23.991053856969913, 1005.0 ], [ 121.131451058767482, 23.991044826969912, 1005.0 ], [ 121.131451058767482, 23.991026766969913, 1005.0 ], [ 121.131460858767483, 23.99100869696991, 1005.0 ], [ 121.131470658767483, 23.990990626969911, 1005.0 ], [ 121.131470658767483, 23.990990626969911, 1005.0 ], [ 121.131480458767484, 23.990972566969912, 1005.0 ], [ 121.131490258767485, 23.990954496969913, 1005.0 ], [ 121.131490258767485, 23.990954496969913, 1005.0 ], [ 121.131500058767486, 23.99093642696991, 1005.0 ], [ 121.131509858767487, 23.990927386969911, 1005.0 ], [ 121.131509858767487, 23.99091835696991, 1005.0 ], [ 121.131519658767488, 23.990900286969911, 1005.0 ], [ 121.131519658767488, 23.990882236969913, 1005.0 ], [ 121.131519658767488, 23.990864176969911, 1005.0 ], [ 121.131519658767488, 23.990846116969912, 1005.0 ], [ 121.131529458767488, 23.990828046969913, 1005.0 ], [ 121.131519658767488, 23.990809996969912, 1005.0 ], [ 121.131519558767479, 23.990791936969913, 1005.0 ], [ 121.131519558767479, 23.990773876969911, 1005.0 ], [ 121.131519558767479, 23.990755816969912, 1005.0 ], [ 121.131519558767479, 23.99073775696991, 1005.0 ], [ 121.131509658767484, 23.99072873696991, 1005.0 ], [ 121.131509658767484, 23.990719706969912, 1005.0 ], [ 121.131490058767483, 23.990701666969912, 1005.0 ], [ 121.131490058767483, 23.990701666969912, 1005.0 ], [ 121.131470358767487, 23.990683626969911, 1005.0 ], [ 121.131470358767487, 23.990683626969911, 1005.0 ], [ 121.131450658767477, 23.990674606969911, 1005.0 ], [ 121.131440858767476, 23.990665586969911, 1005.0 ], [ 121.131431058767475, 23.990665596969912, 1005.0 ], [ 121.13141135876748, 23.990647556969911, 1005.0 ], [ 121.131401458767485, 23.990647566969912, 1005.0 ], [ 121.131391658767484, 23.990638546969912, 1005.0 ], [ 121.131371958767488, 23.990629526969911, 1005.0 ], [ 121.131371958767488, 23.990629526969911, 1005.0 ], [ 121.131352358767487, 23.990611486969911, 1005.0 ], [ 121.131342458767477, 23.990611496969912, 1005.0 ], [ 121.131332658767477, 23.990602476969912, 1005.0 ], [ 121.131322858767476, 23.990593456969911, 1005.0 ], [ 121.131312958767481, 23.990584436969911, 1005.0 ], [ 121.13130315876748, 23.990575416969911, 1005.0 ], [ 121.13130315876748, 23.990557356969912, 1005.0 ], [ 121.131293258767485, 23.990539306969911, 1005.0 ], [ 121.131293258767485, 23.990521246969912, 1005.0 ], [ 121.131293258767485, 23.99050318696991, 1005.0 ], [ 121.131293258767485, 23.990485126969912, 1005.0 ], [ 121.131293258767485, 23.990467066969913, 1005.0 ], [ 121.131293158767477, 23.990449006969911, 1005.0 ], [ 121.131293158767477, 23.99043997696991, 1005.0 ], [ 121.131293158767477, 23.990430946969912, 1005.0 ], [ 121.131293158767477, 23.99041288696991, 1005.0 ], [ 121.131293158767477, 23.990394826969911, 1005.0 ], [ 121.131293158767477, 23.990376766969913, 1005.0 ], [ 121.131293158767477, 23.990367736969912, 1005.0 ], [ 121.131293058767483, 23.990358706969911, 1005.0 ], [ 121.131293058767483, 23.990340656969913, 1005.0 ], [ 121.131302858767484, 23.99032258696991, 1005.0 ], [ 121.131302858767484, 23.990304526969911, 1005.0 ], [ 121.131312658767484, 23.990286456969912, 1005.0 ], [ 121.131312658767484, 23.990277426969911, 1005.0 ], [ 121.131312658767484, 23.99026839696991, 1005.0 ], [ 121.131312658767484, 23.990250336969911, 1005.0 ], [ 121.131322458767485, 23.990232276969913, 1005.0 ], [ 121.131322458767485, 23.99021421696991, 1005.0 ], [ 121.131322458767485, 23.990196156969912, 1005.0 ], [ 121.131322358767477, 23.99017809696991, 1005.0 ], [ 121.131322358767477, 23.990160036969911, 1005.0 ], [ 121.131332158767478, 23.990141966969912, 1005.0 ], [ 121.131332158767478, 23.990132936969911, 1005.0 ], [ 121.131332158767478, 23.990123906969913, 1005.0 ], [ 121.131341958767479, 23.99010583696991, 1005.0 ], [ 121.13135175876748, 23.990096806969913, 1005.0 ], [ 121.131361658767489, 23.990087766969911, 1005.0 ], [ 121.131371458767475, 23.990069696969911, 1005.0 ], [ 121.131371458767475, 23.99006066696991, 1005.0 ], [ 121.131371458767475, 23.990051636969913, 1005.0 ], [ 121.131371358767481, 23.99003357696991, 1005.0 ], [ 121.131381158767482, 23.990015516969912, 1005.0 ], [ 121.131381158767482, 23.98999745696991, 1005.0 ], [ 121.131371358767481, 23.989979406969912, 1005.0 ], [ 121.131371358767481, 23.98996134696991, 1005.0 ], [ 121.131371258767487, 23.989943286969911, 1005.0 ], [ 121.131371258767487, 23.989943286969911, 1005.0 ], [ 121.131361458767486, 23.98992523696991, 1005.0 ], [ 121.131351658767485, 23.989907186969912, 1005.0 ], [ 121.131351658767485, 23.989907186969912, 1005.0 ], [ 121.131341758767476, 23.989889136969911, 1005.0 ], [ 121.131331958767475, 23.98988010696991, 1005.0 ], [ 121.131322058767481, 23.989871086969913, 1005.0 ], [ 121.13131225876748, 23.989853036969912, 1005.0 ], [ 121.13131225876748, 23.989844006969911, 1005.0 ], [ 121.131302358767485, 23.98983498696991, 1005.0 ], [ 121.131302358767485, 23.989816926969912, 1005.0 ], [ 121.131292558767484, 23.98979887696991, 1005.0 ], [ 121.131292558767484, 23.989780816969912, 1005.0 ], [ 121.131292458767476, 23.989771786969911, 1005.0 ], [ 121.131292458767476, 23.98976275696991, 1005.0 ], [ 121.131292458767476, 23.989744696969911, 1005.0 ], [ 121.131292458767476, 23.98972664696991, 1005.0 ], [ 121.131282658767489, 23.989708586969911, 1005.0 ], [ 121.131292458767476, 23.989690526969913, 1005.0 ], [ 121.131292358767482, 23.98967246696991, 1005.0 ], [ 121.131292358767482, 23.98967246696991, 1005.0 ], [ 121.131302258767477, 23.989654396969911, 1005.0 ], [ 121.131312058767477, 23.989636326969912, 1005.0 ], [ 121.131312058767477, 23.989636326969912, 1005.0 ], [ 121.131331658767479, 23.989618256969912, 1005.0 ], [ 121.131331658767479, 23.989618256969912, 1005.0 ], [ 121.131351258767481, 23.989600176969912, 1005.0 ], [ 121.131361158767476, 23.989600166969911, 1005.0 ], [ 121.131370958767477, 23.989591126969913, 1005.0 ], [ 121.131390558767478, 23.989591116969912, 1005.0 ], [ 121.131400458767487, 23.98958207696991, 1005.0 ], [ 121.131410258767488, 23.989573036969912, 1005.0 ], [ 121.131429858767476, 23.98956399696991, 1005.0 ], [ 121.131429858767476, 23.98956399696991, 1005.0 ], [ 121.131449558767486, 23.989545916969913, 1005.0 ], [ 121.131449558767486, 23.989545916969913, 1005.0 ], [ 121.131469158767487, 23.989527836969913, 1005.0 ], [ 121.131469158767487, 23.989518806969912, 1005.0 ], [ 121.131478958767488, 23.989509776969911, 1005.0 ], [ 121.131478958767488, 23.989491716969912, 1005.0 ], [ 121.131488758767489, 23.989473646969913, 1005.0 ], [ 121.131488758767489, 23.989464616969912, 1005.0 ], [ 121.131488758767489, 23.98945558696991, 1005.0 ], [ 121.131498558767476, 23.989437516969911, 1005.0 ], [ 121.131508358767476, 23.989428476969913, 1005.0 ], [ 121.131518158767477, 23.989419446969912, 1005.0 ], [ 121.131527958767478, 23.989401376969912, 1005.0 ], [ 121.131527958767478, 23.989401376969912, 1005.0 ], [ 121.131547658767488, 23.989383296969912, 1005.0 ], [ 121.131547658767488, 23.989374266969911, 1005.0 ], [ 121.131547658767488, 23.98936523696991, 1005.0 ], [ 121.131557458767489, 23.989347176969911, 1005.0 ], [ 121.131557458767489, 23.989329116969913, 1005.0 ], [ 121.131557358767481, 23.98931105696991, 1005.0 ], [ 121.131557358767481, 23.989292996969912, 1005.0 ], [ 121.131557358767481, 23.98927493696991, 1005.0 ], [ 121.13154755876748, 23.989256886969912, 1005.0 ], [ 121.131547458767486, 23.989247856969911, 1005.0 ], [ 121.131527858767484, 23.989238846969911, 1005.0 ], [ 121.131508158767488, 23.989238856969912, 1005.0 ], [ 121.131488558767487, 23.98923887696991, 1005.0 ], [ 121.131468858767477, 23.989238896969912, 1005.0 ], [ 121.131449258767489, 23.98924793696991, 1005.0 ], [ 121.131429558767479, 23.989247956969912, 1005.0 ], [ 121.131409958767478, 23.98924797696991, 1005.0 ], [ 121.131390258767482, 23.989247986969911, 1005.0 ], [ 121.131370558767486, 23.98925703696991, 1005.0 ], [ 121.131350958767484, 23.989257056969912, 1005.0 ], [ 121.131350958767484, 23.989257056969912, 1005.0 ], [ 121.131331258767489, 23.989257066969913, 1005.0 ], [ 121.131311658767487, 23.989257086969911, 1005.0 ], [ 121.131301858767486, 23.989257096969911, 1005.0 ], [ 121.131291958767477, 23.989257106969912, 1005.0 ], [ 121.131272358767475, 23.989248096969913, 1005.0 ], [ 121.13125265876748, 23.989239076969913, 1005.0 ], [ 121.13125265876748, 23.989239076969913, 1005.0 ], [ 121.131232958767484, 23.98923006696991, 1005.0 ], [ 121.131213358767482, 23.989230086969911, 1005.0 ], [ 121.131183858767486, 23.989221076969912, 1005.0 ], [ 121.131173958767477, 23.989212056969912, 1005.0 ], [ 121.131154358767489, 23.989203046969912, 1005.0 ], [ 121.131134658767479, 23.989185006969912, 1005.0 ], [ 121.131134658767479, 23.989185006969912, 1005.0 ], [ 121.131124858767478, 23.98916695696991, 1005.0 ], [ 121.131124758767484, 23.989148896969912, 1005.0 ], [ 121.131114958767483, 23.98913084696991, 1005.0 ], [ 121.131114958767483, 23.989121816969913, 1005.0 ], [ 121.131105058767488, 23.989094736969911, 1005.0 ], [ 121.131105058767488, 23.989076676969912, 1005.0 ], [ 121.131105058767488, 23.98905861696991, 1005.0 ], [ 121.131105058767488, 23.989040556969911, 1005.0 ], [ 121.131105058767488, 23.989022496969913, 1005.0 ], [ 121.13110495876748, 23.98900443696991, 1005.0 ], [ 121.13110495876748, 23.988986376969912, 1005.0 ], [ 121.13110495876748, 23.98896831696991, 1005.0 ], [ 121.13110495876748, 23.988950256969911, 1005.0 ], [ 121.131095058767485, 23.98893220696991, 1005.0 ], [ 121.131085258767484, 23.988878036969911, 1005.0 ], [ 121.131075358767475, 23.98885998696991, 1005.0 ], [ 121.131075358767475, 23.988850956969912, 1005.0 ], [ 121.131065558767489, 23.988841936969912, 1005.0 ], [ 121.13105565876748, 23.988823886969911, 1005.0 ], [ 121.13105565876748, 23.98881485696991, 1005.0 ], [ 121.131045858767479, 23.988805836969913, 1005.0 ], [ 121.131045758767485, 23.988787776969911, 1005.0 ], [ 121.131045758767485, 23.988769716969912, 1005.0 ], [ 121.131045758767485, 23.98875165696991, 1005.0 ], [ 121.131045758767485, 23.988733596969912, 1005.0 ], [ 121.131045758767485, 23.988715536969913, 1005.0 ], [ 121.131055558767486, 23.988697476969911, 1005.0 ], [ 121.131055558767486, 23.98868844696991, 1005.0 ], [ 121.131065358767486, 23.988679406969911, 1005.0 ], [ 121.131075158767487, 23.988670366969913, 1005.0 ], [ 121.131084958767488, 23.988661326969911, 1005.0 ], [ 121.131094858767483, 23.98865229696991, 1005.0 ], [ 121.131104658767484, 23.988643256969912, 1005.0 ], [ 121.131114458767485, 23.98863421696991, 1005.0 ], [ 121.131124258767485, 23.988625176969911, 1005.0 ], [ 121.131134058767486, 23.988616136969913, 1005.0 ], [ 121.131143858767487, 23.988607106969912, 1005.0 ], [ 121.131153758767482, 23.98859806696991, 1005.0 ], [ 121.131163558767483, 23.988589026969912, 1005.0 ], [ 121.131173358767484, 23.988589016969911, 1005.0 ], [ 121.131192958767485, 23.988570946969912, 1005.0 ], [ 121.13120285876748, 23.988570936969911, 1005.0 ], [ 121.131212658767481, 23.988561896969912, 1005.0 ], [ 121.131232258767483, 23.988561876969911, 1005.0 ], [ 121.131251958767479, 23.988552836969912, 1005.0 ], [ 121.131251958767479, 23.988552836969912, 1005.0 ], [ 121.13127155876748, 23.988534756969912, 1005.0 ], [ 121.13127155876748, 23.988534756969912, 1005.0 ], [ 121.131291258767476, 23.988516676969912, 1005.0 ], [ 121.131291258767476, 23.988516676969912, 1005.0 ], [ 121.131310858767478, 23.988498606969912, 1005.0 ], [ 121.131310858767478, 23.988498606969912, 1005.0 ], [ 121.131320658767478, 23.988480536969913, 1005.0 ], [ 121.131330458767479, 23.988471496969911, 1005.0 ], [ 121.131340358767488, 23.988462456969913, 1005.0 ], [ 121.131350158767489, 23.988453426969912, 1005.0 ], [ 121.131369758767477, 23.988444376969912, 1005.0 ], [ 121.131369758767477, 23.988444376969912, 1005.0 ], [ 121.131389458767487, 23.98843532696991, 1005.0 ], [ 121.131409058767488, 23.988426286969911, 1005.0 ], [ 121.131418858767489, 23.988426276969911, 1005.0 ], [ 121.131428758767484, 23.98842626696991, 1005.0 ], [ 121.131448358767486, 23.988417216969911, 1005.0 ], [ 121.131468058767481, 23.98841720696991, 1005.0 ], [ 121.131487658767483, 23.988417186969912, 1005.0 ], [ 121.131507358767479, 23.988408136969912, 1005.0 ], [ 121.131507358767479, 23.988408136969912, 1005.0 ], [ 121.131526958767481, 23.988390066969913, 1005.0 ], [ 121.131526958767481, 23.988390066969913, 1005.0 ], [ 121.131536758767481, 23.98837199696991, 1005.0 ], [ 121.131526958767481, 23.988353946969912, 1005.0 ], [ 121.131526958767481, 23.988353946969912, 1005.0 ], [ 121.131517058767486, 23.988335896969911, 1005.0 ], [ 121.131507258767485, 23.98831784696991, 1005.0 ], [ 121.131507258767485, 23.98831784696991, 1005.0 ], [ 121.131497358767476, 23.988299796969912, 1005.0 ], [ 121.131487558767489, 23.988290776969912, 1005.0 ], [ 121.131487558767489, 23.988281746969911, 1005.0 ], [ 121.131467858767479, 23.988263696969913, 1005.0 ], [ 121.131467858767479, 23.988263696969913, 1005.0 ], [ 121.131448158767483, 23.988245656969912, 1005.0 ], [ 121.131448158767483, 23.988245656969912, 1005.0 ], [ 121.131428558767482, 23.988227616969912, 1005.0 ], [ 121.131428558767482, 23.988227616969912, 1005.0 ], [ 121.131408858767486, 23.988218606969912, 1005.0 ], [ 121.131399058767485, 23.988209586969912, 1005.0 ], [ 121.131389158767476, 23.988200556969911, 1005.0 ], [ 121.131379358767475, 23.988191536969911, 1005.0 ], [ 121.13136945876748, 23.988173486969913, 1005.0 ], [ 121.13136945876748, 23.988155426969911, 1005.0 ], [ 121.13136945876748, 23.988155426969911, 1005.0 ], [ 121.13136945876748, 23.988137366969912, 1005.0 ], [ 121.131359658767479, 23.988119316969911, 1005.0 ], [ 121.131359558767485, 23.988101256969912, 1005.0 ], [ 121.131349758767485, 23.988083206969911, 1005.0 ], [ 121.131349758767485, 23.988065146969912, 1005.0 ], [ 121.131349758767485, 23.988047096969911, 1005.0 ], [ 121.131349758767485, 23.988047096969911, 1005.0 ], [ 121.131339858767475, 23.988029036969913, 1005.0 ], [ 121.131339858767475, 23.988010986969911, 1005.0 ], [ 121.131330058767489, 23.987992926969913, 1005.0 ], [ 121.131329958767481, 23.987974876969911, 1005.0 ], [ 121.131329958767481, 23.987956816969913, 1005.0 ], [ 121.131329958767481, 23.987938756969911, 1005.0 ], [ 121.131329958767481, 23.987920696969912, 1005.0 ], [ 121.131329958767481, 23.98790263696991, 1005.0 ], [ 121.131329858767486, 23.987884576969911, 1005.0 ], [ 121.131329858767486, 23.987866516969913, 1005.0 ], [ 121.131329858767486, 23.98784845696991, 1005.0 ], [ 121.131329858767486, 23.987830396969912, 1005.0 ], [ 121.131339658767487, 23.987812326969912, 1005.0 ], [ 121.131349458767488, 23.98779426696991, 1005.0 ], [ 121.131349458767488, 23.987785236969913, 1005.0 ], [ 121.131349458767488, 23.987776206969912, 1005.0 ], [ 121.131349458767488, 23.987758146969913, 1005.0 ], [ 121.13134935876748, 23.987740086969911, 1005.0 ], [ 121.131359258767489, 23.987722016969911, 1005.0 ], [ 121.131369058767476, 23.987703946969912, 1005.0 ], [ 121.131368958767482, 23.987685896969911, 1005.0 ], [ 121.131368958767482, 23.987667836969912, 1005.0 ], [ 121.131368958767482, 23.987667836969912, 1005.0 ], [ 121.131368958767482, 23.98764977696991, 1005.0 ], [ 121.131378758767482, 23.987631706969911, 1005.0 ], [ 121.131388558767483, 23.987613636969911, 1005.0 ], [ 121.131388558767483, 23.987613636969911, 1005.0 ], [ 121.131388558767483, 23.987595576969913, 1005.0 ], [ 121.131388558767483, 23.98757751696991, 1005.0 ], [ 121.131388558767483, 23.987559456969912, 1005.0 ], [ 121.131388558767483, 23.98754140696991, 1005.0 ], [ 121.131388458767489, 23.987523346969912, 1005.0 ], [ 121.131388458767489, 23.98750528696991, 1005.0 ], [ 121.131388458767489, 23.987487226969911, 1005.0 ], [ 121.131388458767489, 23.987469166969912, 1005.0 ], [ 121.131388458767489, 23.987469166969912, 1005.0 ], [ 121.131388458767489, 23.98745110696991, 1005.0 ], [ 121.131388358767481, 23.987433046969912, 1005.0 ], [ 121.131388358767481, 23.987433046969912, 1005.0 ], [ 121.131388358767481, 23.987414986969913, 1005.0 ], [ 121.131388358767481, 23.987396926969911, 1005.0 ], [ 121.131388358767481, 23.98738789696991, 1005.0 ], [ 121.131388358767481, 23.987342756969912, 1005.0 ], [ 121.131388258767487, 23.98732469696991, 1005.0 ], [ 121.131378458767486, 23.987306646969913, 1005.0 ], [ 121.131368558767477, 23.98728858696991, 1005.0 ], [ 121.131368558767477, 23.98728858696991, 1005.0 ], [ 121.131368558767477, 23.987270536969913, 1005.0 ], [ 121.131358758767476, 23.98725247696991, 1005.0 ], [ 121.131358758767476, 23.987234426969913, 1005.0 ], [ 121.131358658767482, 23.987216366969911, 1005.0 ], [ 121.131368558767477, 23.987198296969911, 1005.0 ], [ 121.131368458767483, 23.98718926696991, 1005.0 ], [ 121.131368458767483, 23.987180236969913, 1005.0 ], [ 121.131378258767484, 23.987162166969913, 1005.0 ], [ 121.131388158767479, 23.98714409696991, 1005.0 ], [ 121.131388058767484, 23.987126046969912, 1005.0 ], [ 121.131388058767484, 23.987126046969912, 1005.0 ], [ 121.131388058767484, 23.98710798696991, 1005.0 ], [ 121.131397858767485, 23.987089916969911, 1005.0 ], [ 121.131407658767486, 23.987071846969911, 1005.0 ], [ 121.131407658767486, 23.98706281696991, 1005.0 ], [ 121.131407658767486, 23.987053786969913, 1005.0 ], [ 121.131417458767487, 23.98703571696991, 1005.0 ], [ 121.131417458767487, 23.987017666969912, 1005.0 ], [ 121.131427258767488, 23.986999596969913, 1005.0 ], [ 121.131427258767488, 23.986999596969913, 1005.0 ], [ 121.131437058767489, 23.986981526969913, 1005.0 ], [ 121.131437058767489, 23.986963466969911, 1005.0 ], [ 121.131446858767475, 23.986954426969913, 1005.0 ], [ 121.131446858767475, 23.986945396969912, 1005.0 ], [ 121.131456658767476, 23.986927336969913, 1005.0 ], [ 121.131466458767477, 23.98690926696991, 1005.0 ], [ 121.131466458767477, 23.986891206969911, 1005.0 ], [ 121.131466458767477, 23.986891206969911, 1005.0 ], [ 121.131466458767477, 23.986873146969913, 1005.0 ], [ 121.131466458767477, 23.986855086969911, 1005.0 ], [ 121.131466458767477, 23.986837026969912, 1005.0 ], [ 121.131466358767483, 23.98681896696991, 1005.0 ], [ 121.131466358767483, 23.986809936969912, 1005.0 ], [ 121.131466358767483, 23.986800906969911, 1005.0 ], [ 121.131466358767483, 23.986782846969913, 1005.0 ], [ 121.131466358767483, 23.986764796969911, 1005.0 ], [ 121.131466358767483, 23.986746736969913, 1005.0 ], [ 121.131466358767483, 23.986737706969912, 1005.0 ], [ 121.131466358767483, 23.986728676969911, 1005.0 ], [ 121.131476158767484, 23.986710606969911, 1005.0 ], [ 121.131485958767485, 23.986701566969913, 1005.0 ], [ 121.131495758767485, 23.986692526969911, 1005.0 ], [ 121.131505558767486, 23.98668349696991, 1005.0 ], [ 121.131525258767482, 23.986674446969911, 1005.0 ], [ 121.131525258767482, 23.986674446969911, 1005.0 ], [ 121.131544858767484, 23.986665396969912, 1005.0 ], [ 121.131554658767485, 23.98665635696991, 1005.0 ], [ 121.131564458767485, 23.986638296969911, 1005.0 ], [ 121.131564458767485, 23.986638296969911, 1005.0 ], [ 121.131584158767481, 23.986620216969911, 1005.0 ], [ 121.131584158767481, 23.986620216969911, 1005.0 ], [ 121.131593958767482, 23.986602146969911, 1005.0 ], [ 121.131603758767483, 23.98659311696991, 1005.0 ], [ 121.131613558767484, 23.986584076969912, 1005.0 ], [ 121.131613558767484, 23.98656601696991, 1005.0 ], [ 121.131623358767484, 23.986556976969911, 1005.0 ], [ 121.131623358767484, 23.98654794696991, 1005.0 ], [ 121.131633158767485, 23.986529876969911, 1005.0 ], [ 121.131633158767485, 23.986511816969912, 1005.0 ], [ 121.131642958767486, 23.98649375696991, 1005.0 ], [ 121.131642958767486, 23.98649375696991, 1005.0 ], [ 121.131642958767486, 23.986475696969912, 1005.0 ], [ 121.131652758767487, 23.986457626969912, 1005.0 ], [ 121.131652758767487, 23.98643956696991, 1005.0 ], [ 121.131662558767488, 23.986421496969911, 1005.0 ], [ 121.131662558767488, 23.986421496969911, 1005.0 ], [ 121.131662558767488, 23.986403436969912, 1005.0 ], [ 121.131672358767489, 23.98638537696991, 1005.0 ], [ 121.131682158767475, 23.98636730696991, 1005.0 ], [ 121.131682158767475, 23.98636730696991, 1005.0 ], [ 121.131682158767475, 23.986349246969912, 1005.0 ], [ 121.131682158767475, 23.98633118696991, 1005.0 ], [ 121.131691958767476, 23.98631311696991, 1005.0 ], [ 121.131701758767477, 23.986295046969911, 1005.0 ], [ 121.131701758767477, 23.986276996969913, 1005.0 ], [ 121.131701758767477, 23.986276996969913, 1005.0 ], [ 121.131701658767483, 23.986258936969911, 1005.0 ], [ 121.131711558767478, 23.986240866969911, 1005.0 ], [ 121.131721358767479, 23.986222796969912, 1005.0 ], [ 121.131721358767479, 23.986222796969912, 1005.0 ], [ 121.131731158767479, 23.986204726969913, 1005.0 ], [ 121.13174095876748, 23.98618666696991, 1005.0 ], [ 121.13174095876748, 23.986177636969913, 1005.0 ], [ 121.13174095876748, 23.986168606969912, 1005.0 ], [ 121.131750758767481, 23.986150536969912, 1005.0 ], [ 121.131760558767482, 23.986132466969913, 1005.0 ], [ 121.131760558767482, 23.986123436969912, 1005.0 ], [ 121.131760558767482, 23.986114406969911, 1005.0 ], [ 121.131770358767483, 23.986096336969911, 1005.0 ], [ 121.131780158767484, 23.986078276969913, 1005.0 ], [ 121.131780158767484, 23.986078276969913, 1005.0 ], [ 121.131780158767484, 23.986060216969911, 1005.0 ], [ 121.131789958767484, 23.986042146969911, 1005.0 ], [ 121.131799758767485, 23.986033106969913, 1005.0 ], [ 121.131809558767486, 23.986024066969911, 1005.0 ], [ 121.131819358767487, 23.986006006969912, 1005.0 ], [ 121.131819358767487, 23.986006006969912, 1005.0 ], [ 121.131829158767488, 23.985987936969913, 1005.0 ], [ 121.131838958767489, 23.985978896969911, 1005.0 ], [ 121.131848858767484, 23.985969856969913, 1005.0 ], [ 121.131858658767484, 23.985960826969912, 1005.0 ], [ 121.131878258767486, 23.985951776969912, 1005.0 ], [ 121.131878258767486, 23.985951776969912, 1005.0 ], [ 121.131897958767482, 23.985933696969912, 1005.0 ], [ 121.131907758767483, 23.985933686969911, 1005.0 ], [ 121.131917558767483, 23.98592465696991, 1005.0 ], [ 121.131937258767479, 23.985915606969911, 1005.0 ], [ 121.131937258767479, 23.985915606969911, 1005.0 ], [ 121.131956858767481, 23.985906556969912, 1005.0 ], [ 121.131966658767482, 23.98589751696991, 1005.0 ], [ 121.131976458767483, 23.985888486969912, 1005.0 ], [ 121.131986358767477, 23.985879446969911, 1005.0 ], [ 121.131986258767483, 23.985861386969912, 1005.0 ], [ 121.131996158767478, 23.98585234696991, 1005.0 ], [ 121.132005958767479, 23.985843306969912, 1005.0 ], [ 121.13201575876748, 23.985825246969913, 1005.0 ], [ 121.13201575876748, 23.985825246969913, 1005.0 ], [ 121.132035358767482, 23.985807166969913, 1005.0 ], [ 121.132045258767477, 23.985807156969912, 1005.0 ], [ 121.132055058767477, 23.985807146969911, 1005.0 ], [ 121.132074658767479, 23.985798106969913, 1005.0 ], [ 121.132094358767489, 23.98578905696991, 1005.0 ], [ 121.132104158767476, 23.985789046969913, 1005.0 ], [ 121.132113958767476, 23.985780006969911, 1005.0 ], [ 121.132133658767486, 23.985770966969913, 1005.0 ], [ 121.132133658767486, 23.985770966969913, 1005.0 ], [ 121.132153258767488, 23.98576191696991, 1005.0 ], [ 121.132163058767489, 23.985752876969912, 1005.0 ], [ 121.132172858767476, 23.98574383696991, 1005.0 ], [ 121.132192558767485, 23.985734796969911, 1005.0 ], [ 121.132192558767485, 23.985734796969911, 1005.0 ], [ 121.132212158767487, 23.985725746969912, 1005.0 ], [ 121.132222058767482, 23.98571670696991, 1005.0 ], [ 121.132231858767483, 23.985716696969913, 1005.0 ], [ 121.132251458767485, 23.985707656969911, 1005.0 ], [ 121.132261358767479, 23.985698616969913, 1005.0 ], [ 121.13227115876748, 23.985689576969911, 1005.0 ], [ 121.132280958767481, 23.985680536969912, 1005.0 ], [ 121.132280958767481, 23.98566247696991, 1005.0 ], [ 121.132290758767482, 23.985653446969913, 1005.0 ], [ 121.132290758767482, 23.985644416969912, 1005.0 ], [ 121.132290758767482, 23.985626356969913, 1005.0 ], [ 121.132300558767483, 23.98560828696991, 1005.0 ], [ 121.132300558767483, 23.985590226969911, 1005.0 ], [ 121.132300458767489, 23.985572166969913, 1005.0 ], [ 121.132310258767475, 23.98555409696991, 1005.0 ], [ 121.132310258767475, 23.985536036969911, 1005.0 ], [ 121.132310258767475, 23.985527016969911, 1005.0 ], [ 121.132310258767475, 23.98551798696991, 1005.0 ], [ 121.132310258767475, 23.985499926969911, 1005.0 ], [ 121.132320058767476, 23.985481856969912, 1005.0 ], [ 121.132320058767476, 23.98546379696991, 1005.0 ], [ 121.132320058767476, 23.985445736969911, 1005.0 ], [ 121.132319958767482, 23.985427676969913, 1005.0 ], [ 121.132329758767483, 23.98540960696991, 1005.0 ], [ 121.132319958767482, 23.985391556969912, 1005.0 ], [ 121.132310158767481, 23.985373506969911, 1005.0 ], [ 121.132310058767487, 23.985355446969912, 1005.0 ], [ 121.132310058767487, 23.98533738696991, 1005.0 ], [ 121.132310058767487, 23.985319336969912, 1005.0 ], [ 121.132310058767487, 23.985319336969912, 1005.0 ], [ 121.132310058767487, 23.98530127696991, 1005.0 ], [ 121.132310058767487, 23.985283216969911, 1005.0 ], [ 121.132309958767479, 23.985265156969913, 1005.0 ], [ 121.132309958767479, 23.985247096969911, 1005.0 ], [ 121.132309958767479, 23.985229036969912, 1005.0 ], [ 121.132309958767479, 23.98521097696991, 1005.0 ], [ 121.132309958767479, 23.98521097696991, 1005.0 ], [ 121.132309958767479, 23.985192916969911, 1005.0 ], [ 121.13231975876748, 23.985174846969912, 1005.0 ], [ 121.13231975876748, 23.98515678696991, 1005.0 ], [ 121.132329558767481, 23.985147756969912, 1005.0 ], [ 121.132339358767481, 23.98513871696991, 1005.0 ], [ 121.132349158767482, 23.985120646969911, 1005.0 ], [ 121.132349158767482, 23.985120646969911, 1005.0 ], [ 121.132368758767484, 23.98510256696991, 1005.0 ], [ 121.132368758767484, 23.98509354696991, 1005.0 ], [ 121.132378658767479, 23.985084506969912, 1005.0 ], [ 121.13238845876748, 23.985066436969912, 1005.0 ], [ 121.13238845876748, 23.985057406969911, 1005.0 ], [ 121.132388358767486, 23.98504837696991, 1005.0 ], [ 121.132388358767486, 23.985030316969912, 1005.0 ], [ 121.132388358767486, 23.985012256969913, 1005.0 ], [ 121.132388358767486, 23.984994196969911, 1005.0 ], [ 121.132388358767486, 23.984976136969912, 1005.0 ], [ 121.132388358767486, 23.98495807696991, 1005.0 ], [ 121.132388258767477, 23.984940026969912, 1005.0 ], [ 121.132388258767477, 23.984940026969912, 1005.0 ], [ 121.132388258767477, 23.98492196696991, 1005.0 ], [ 121.132388258767477, 23.984912936969913, 1005.0 ], [ 121.132388258767477, 23.984903906969912, 1005.0 ], [ 121.132388258767477, 23.984885846969913, 1005.0 ], [ 121.132388258767477, 23.984867786969911, 1005.0 ], [ 121.132388158767483, 23.984849726969912, 1005.0 ], [ 121.132398058767478, 23.984831656969913, 1005.0 ], [ 121.132397958767484, 23.984813596969911, 1005.0 ], [ 121.132397958767484, 23.984795536969912, 1005.0 ], [ 121.132388158767483, 23.984777486969911, 1005.0 ], [ 121.132388158767483, 23.98476845696991, 1005.0 ], [ 121.132388058767489, 23.984759426969912, 1005.0 ], [ 121.132378258767488, 23.984741376969911, 1005.0 ], [ 121.132368458767488, 23.98472332696991, 1005.0 ], [ 121.132368358767479, 23.984705266969911, 1005.0 ], [ 121.132368358767479, 23.98469623696991, 1005.0 ], [ 121.132368358767479, 23.984687206969912, 1005.0 ], [ 121.132368358767479, 23.984669156969911, 1005.0 ], [ 121.132368358767479, 23.984669156969911, 1005.0 ], [ 121.132368358767479, 23.984651096969912, 1005.0 ], [ 121.13237815876748, 23.984633026969913, 1005.0 ], [ 121.132387958767481, 23.98461495696991, 1005.0 ], [ 121.132387958767481, 23.984605926969913, 1005.0 ], [ 121.132397758767482, 23.984596886969911, 1005.0 ], [ 121.132397758767482, 23.984578826969912, 1005.0 ], [ 121.132397758767482, 23.98456076696991, 1005.0 ], [ 121.132397758767482, 23.984542716969912, 1005.0 ], [ 121.132387858767487, 23.98452465696991, 1005.0 ], [ 121.132387858767487, 23.984506606969912, 1005.0 ], [ 121.132387858767487, 23.984497576969911, 1005.0 ], [ 121.132387858767487, 23.98448854696991, 1005.0 ], [ 121.132377958767478, 23.984470496969912, 1005.0 ], [ 121.132377958767478, 23.98445243696991, 1005.0 ], [ 121.132377958767478, 23.984434376969912, 1005.0 ], [ 121.132368058767483, 23.98441632696991, 1005.0 ], [ 121.132368058767483, 23.984407296969913, 1005.0 ], [ 121.132368058767483, 23.984398266969912, 1005.0 ], [ 121.132358258767482, 23.98438021696991, 1005.0 ], [ 121.132348358767487, 23.984362166969913, 1005.0 ], [ 121.132348358767487, 23.98434410696991, 1005.0 ], [ 121.132348358767487, 23.984326046969912, 1005.0 ], [ 121.132358158767488, 23.984307976969912, 1005.0 ], [ 121.132367958767489, 23.984289906969913, 1005.0 ], [ 121.132367958767489, 23.984289906969913, 1005.0 ], [ 121.132387558767476, 23.98427183696991, 1005.0 ], [ 121.132387558767476, 23.984262806969912, 1005.0 ], [ 121.132397458767485, 23.984253766969911, 1005.0 ], [ 121.132407258767486, 23.984235696969911, 1005.0 ], [ 121.132407258767486, 23.984235696969911, 1005.0 ], [ 121.132417058767487, 23.984217626969912, 1005.0 ], [ 121.132417058767487, 23.984199566969913, 1005.0 ], [ 121.132416958767479, 23.984181516969912, 1005.0 ], [ 121.132416958767479, 23.984163456969913, 1005.0 ], [ 121.132416958767479, 23.984145396969911, 1005.0 ], [ 121.132407158767478, 23.984136376969911, 1005.0 ], [ 121.132397258767483, 23.98412735696991, 1005.0 ], [ 121.132387458767482, 23.984118326969913, 1005.0 ], [ 121.132377658767481, 23.984109306969913, 1005.0 ], [ 121.132367758767487, 23.98410931696991, 1005.0 ], [ 121.132348158767485, 23.984100306969911, 1005.0 ], [ 121.132318658767488, 23.984091306969912, 1005.0 ], [ 121.132308758767479, 23.984091306969912, 1005.0 ], [ 121.132289158767477, 23.984082296969913, 1005.0 ], [ 121.132269458767482, 23.984082316969911, 1005.0 ], [ 121.13224985876748, 23.984082326969911, 1005.0 ], [ 121.132230158767484, 23.984082346969913, 1005.0 ], [ 121.132210458767489, 23.98407333696991, 1005.0 ], [ 121.132190858767487, 23.984073356969912, 1005.0 ], [ 121.132171158767477, 23.984073366969913, 1005.0 ], [ 121.132151558767475, 23.984073386969911, 1005.0 ], [ 121.132053258767485, 23.984082496969911, 1005.0 ], [ 121.132033658767483, 23.984082516969913, 1005.0 ], [ 121.132013958767487, 23.984082536969911, 1005.0 ], [ 121.131994258767477, 23.984073526969912, 1005.0 ], [ 121.131984458767477, 23.984073526969912, 1005.0 ], [ 121.131974658767476, 23.984073536969913, 1005.0 ], [ 121.13195495876748, 23.984055496969912, 1005.0 ], [ 121.13195495876748, 23.984055496969912, 1005.0 ], [ 121.131945158767479, 23.984037446969911, 1005.0 ], [ 121.131935258767484, 23.984019396969913, 1005.0 ], [ 121.131935258767484, 23.984019396969913, 1005.0 ], [ 121.131925458767483, 23.984001346969912, 1005.0 ], [ 121.131915558767489, 23.984001356969912, 1005.0 ], [ 121.131895958767487, 23.983992336969912, 1005.0 ], [ 121.13184675876748, 23.983983356969912, 1005.0 ], [ 121.131836958767479, 23.983974336969911, 1005.0 ], [ 121.131817258767484, 23.983974346969912, 1005.0 ], [ 121.131807458767483, 23.983965326969912, 1005.0 ], [ 121.131797658767482, 23.983956306969912, 1005.0 ], [ 121.131787758767487, 23.983947286969912, 1005.0 ], [ 121.131787758767487, 23.983929226969913, 1005.0 ], [ 121.131787758767487, 23.983911166969911, 1005.0 ], [ 121.131787758767487, 23.983893106969912, 1005.0 ], [ 121.131787758767487, 23.98387504696991, 1005.0 ], [ 121.131787658767479, 23.983856986969911, 1005.0 ], [ 121.131787658767479, 23.98383893696991, 1005.0 ], [ 121.131787658767479, 23.983820876969911, 1005.0 ], [ 121.131787658767479, 23.983802816969913, 1005.0 ], [ 121.131787658767479, 23.983784756969911, 1005.0 ], [ 121.131787558767485, 23.983766696969912, 1005.0 ], [ 121.13179745876748, 23.983748626969913, 1005.0 ], [ 121.131797358767486, 23.983730566969911, 1005.0 ], [ 121.131797358767486, 23.983730566969911, 1005.0 ], [ 121.131807158767486, 23.983712496969911, 1005.0 ], [ 121.131817058767481, 23.983694436969913, 1005.0 ], [ 121.131817058767481, 23.983694436969913, 1005.0 ], [ 121.131826858767482, 23.983676366969913, 1005.0 ], [ 121.131836658767483, 23.983667326969911, 1005.0 ], [ 121.131856258767485, 23.983658276969912, 1005.0 ], [ 121.131856258767485, 23.983658276969912, 1005.0 ], [ 121.13187595876748, 23.983640206969913, 1005.0 ], [ 121.13187595876748, 23.983640206969913, 1005.0 ], [ 121.131885758767481, 23.98362213696991, 1005.0 ], [ 121.131895558767482, 23.983613096969911, 1005.0 ], [ 121.131905358767483, 23.983604056969913, 1005.0 ], [ 121.131915158767484, 23.983595026969912, 1005.0 ], [ 121.13193485876748, 23.983585976969913, 1005.0 ], [ 121.13193485876748, 23.983585976969913, 1005.0 ], [ 121.131954458767481, 23.98357692696991, 1005.0 ], [ 121.131974158767477, 23.983567886969912, 1005.0 ], [ 121.131974158767477, 23.983567886969912, 1005.0 ], [ 121.131993758767479, 23.983558836969912, 1005.0 ], [ 121.132003558767479, 23.983549796969911, 1005.0 ], [ 121.13201335876748, 23.983531726969911, 1005.0 ], [ 121.13201335876748, 23.983531726969911, 1005.0 ], [ 121.132023258767475, 23.983513666969912, 1005.0 ], [ 121.132033058767476, 23.983495596969913, 1005.0 ], [ 121.132033058767476, 23.983495596969913, 1005.0 ], [ 121.132042858767477, 23.98347752696991, 1005.0 ], [ 121.132052658767478, 23.983468486969912, 1005.0 ], [ 121.132072258767479, 23.98345944696991, 1005.0 ], [ 121.132072258767479, 23.98345944696991, 1005.0 ], [ 121.132091958767475, 23.983441366969913, 1005.0 ], [ 121.132091958767475, 23.983441366969913, 1005.0 ], [ 121.132101758767476, 23.98342329696991, 1005.0 ], [ 121.132111558767477, 23.983405236969912, 1005.0 ], [ 121.132111558767477, 23.98339620696991, 1005.0 ], [ 121.132111558767477, 23.983387176969913, 1005.0 ], [ 121.132121358767478, 23.98336910696991, 1005.0 ], [ 121.132121358767478, 23.983351046969911, 1005.0 ], [ 121.132121258767484, 23.983332986969913, 1005.0 ], [ 121.132131158767478, 23.98331491696991, 1005.0 ], [ 121.132131158767478, 23.98331491696991, 1005.0 ], [ 121.132140958767479, 23.983296856969911, 1005.0 ], [ 121.13215075876748, 23.983287816969913, 1005.0 ], [ 121.132160558767481, 23.983278776969911, 1005.0 ], [ 121.132170358767482, 23.983269736969913, 1005.0 ], [ 121.132190058767478, 23.98326068696991, 1005.0 ], [ 121.132190058767478, 23.98326068696991, 1005.0 ], [ 121.132209658767479, 23.983251646969912, 1005.0 ], [ 121.132229358767489, 23.983242596969912, 1005.0 ], [ 121.132229358767489, 23.983242596969912, 1005.0 ], [ 121.132248958767477, 23.98323355696991, 1005.0 ], [ 121.132258758767478, 23.983224516969912, 1005.0 ], [ 121.132268558767478, 23.983206446969913, 1005.0 ], [ 121.132268558767478, 23.983206446969913, 1005.0 ], [ 121.132278358767479, 23.98318837696991, 1005.0 ], [ 121.13228815876748, 23.98317030696991, 1005.0 ], [ 121.13228815876748, 23.98317030696991, 1005.0 ], [ 121.132298058767489, 23.983152246969912, 1005.0 ], [ 121.132307858767476, 23.98314320696991, 1005.0 ], [ 121.132317658767477, 23.983134166969911, 1005.0 ], [ 121.132327458767477, 23.983125126969913, 1005.0 ], [ 121.132337258767478, 23.983116086969911, 1005.0 ], [ 121.132347058767479, 23.98310705696991, 1005.0 ], [ 121.132356958767488, 23.983098016969912, 1005.0 ], [ 121.132366758767489, 23.983079946969912, 1005.0 ], [ 121.132366758767489, 23.983079946969912, 1005.0 ], [ 121.132370458767483, 23.98307648696991, 1005.0 ], [ 121.132664658767482, 23.982921076969912, 1005.0 ], [ 121.132865058767479, 23.982868376969911, 1005.0 ], [ 121.132975258767488, 23.982832516969911, 1005.0 ], [ 121.13303905876748, 23.982795606969912, 1005.0 ], [ 121.13303905876748, 23.982795606969912, 1005.0 ], [ 121.133048458767476, 23.982788016969913, 1005.0 ], [ 121.133057358767488, 23.982779856969913, 1005.0 ], [ 121.133065658767478, 23.982771176969912, 1005.0 ], [ 121.133073358767476, 23.982761996969913, 1005.0 ], [ 121.133080258767478, 23.982752366969912, 1005.0 ], [ 121.133086558767488, 23.98274233696991, 1005.0 ], [ 121.133092058767488, 23.98273194696991, 1005.0 ], [ 121.133096758767479, 23.982721236969912, 1005.0 ], [ 121.133100658767489, 23.98271026696991, 1005.0 ], [ 121.133103758767476, 23.982699076969912, 1005.0 ], [ 121.133106058767481, 23.982687716969913, 1005.0 ], [ 121.133107558767477, 23.982676246969913, 1005.0 ], [ 121.133108158767484, 23.98266470696991, 1005.0 ], [ 121.133107958767482, 23.98265315696991, 1005.0 ], [ 121.133106958767485, 23.982641636969912, 1005.0 ], [ 121.133105058767484, 23.982630216969913, 1005.0 ], [ 121.133102358767488, 23.98261893696991, 1005.0 ], [ 121.133098858767482, 23.982607846969913, 1005.0 ], [ 121.133094458767488, 23.98259699696991, 1005.0 ], [ 121.133097558767489, 23.982524806969913, 1005.0 ], [ 121.133140358767477, 23.982311486969913, 1005.0 ], [ 121.133161058767485, 23.98219818696991, 1005.0 ], [ 121.133163358767476, 23.981876376969911, 1005.0 ], [ 121.133180458767484, 23.981764926969912, 1005.0 ], [ 121.133218358767479, 23.981638256969912, 1005.0 ], [ 121.133392058767484, 23.981199816969912, 1005.0 ], [ 121.133432158767476, 23.98113911696991, 1005.0 ], [ 121.133482058767484, 23.981022566969912, 1005.0 ], [ 121.133686258767483, 23.980776346969911, 1005.0 ], [ 121.133888758767483, 23.98053609696991, 1005.0 ], [ 121.134091158767475, 23.980296296969911, 1005.0 ], [ 121.134168658767479, 23.98020684696991, 1005.0 ], [ 121.13435605876748, 23.98008391696991, 1005.0 ], [ 121.134459158767484, 23.980031126969912, 1005.0 ], [ 121.134533158767482, 23.980005016969912, 1005.0 ], [ 121.134633058767477, 23.979988026969913, 1005.0 ], [ 121.134969358767478, 23.97995471696991, 1005.0 ], [ 121.135013758767485, 23.979950516969911, 1005.0 ], [ 121.135164858767482, 23.979936186969912, 1005.0 ], [ 121.13527235876748, 23.979926006969912, 1005.0 ] ] } }
]
}
